{"type":"FeatureCollection","features":[{"type":"Feature","id":"cnprov:100000_JD","properties":{"boundaryId":"cnprov:100000_JD","nodeId":null,"bounds":[108.1968,3.39737,122.79861,24.57855]},"geometry":{"type":"MultiPolygon","coordinates":[[[[122.51865,23.46079],[122.79861,24.57367],[122.77922,24.57855],[122.49926,23.46566],[122.51865,23.46079]]],[[[121.17203,20.80546],[121.90939,21.68743],[121.89404,21.70026],[121.15668,20.81829],[121.17203,20.80546]]],[[[119.47366,18.00707],[120.0257,19.02404],[120.00812,19.03358],[119.45608,18.01661],[119.47366,18.00707]]],[[[119.07268,15.04098],[119.07268,16.04389],[119.05268,16.04389],[119.05268,15.04106],[119.07268,15.04098]]],[[[118.68647,11.18959],[118.52519,10.91548],[118.54242,10.90534],[118.70476,11.18147],[118.87432,11.60666],[118.98895,11.98573],[118.96981,11.99152],[118.85558,11.61367],[118.68647,11.18959]]],[[[115.54467,7.14672],[116.25049,7.97928],[116.23523,7.99221],[115.52941,7.15966],[115.54467,7.14672]]],[[[112.30705,3.53487],[111.7869,3.41687],[111.79133,3.39737],[112.31182,3.51545],[112.52281,3.5791],[112.85206,3.73257],[112.84361,3.7507],[112.51502,3.59753],[112.30705,3.53487]]],[[[108.26056,6.08912],[108.27956,6.09543],[108.25612,6.22753],[108.2168,6.53816],[108.21876,6.94964],[108.2442,7.07391],[108.2246,7.07792],[108.19877,6.95072],[108.1968,6.53761],[108.23631,6.22477],[108.26056,6.08912]]],[[[110.12823,11.36894],[110.05554,11.25335],[110.07247,11.24271],[110.14541,11.3587],[110.20701,11.48129],[110.25902,11.605],[110.30436,11.78261],[110.32833,11.94685],[110.33227,12.24038],[110.31228,12.23998],[110.30835,11.94803],[110.28485,11.78705],[110.23982,11.61066],[110.12823,11.36894]]],[[[109.82952,15.22897],[109.84889,15.23393],[109.78924,15.45211],[109.69066,15.67432],[109.53167,15.92307],[109.30888,16.20726],[109.29314,16.19492],[109.51574,15.91096],[109.67265,15.66561],[109.77065,15.44469],[109.82952,15.22897]]]]}},{"type":"Feature","id":"cnprov:110000","properties":{"boundaryId":"cnprov:110000","nodeId":"geo:cn-bj","parentNodeId":"geo:cn","bounds":[115.42626,39.4426,117.49397,41.0445]},"geometry":{"type":"Polygon","coordinates":[[[117.38988,40.22796],[117.35108,40.22979],[117.29502,40.2782],[117.24329,40.36945],[117.26361,40.44237],[117.20879,40.50155],[117.263,40.51293],[117.26977,40.56068],[117.41267,40.60523],[117.49397,40.67516],[117.40897,40.68696],[117.27839,40.66427],[117.20818,40.69467],[117.11209,40.70738],[117.01231,40.69377],[116.96488,40.70965],[116.92423,40.77358],[116.81336,40.84832],[116.67785,40.97089],[116.68832,41.0445],[116.5676,40.99257],[116.4555,40.98083],[116.47706,40.89991],[116.33416,40.90443],[116.43825,40.81934],[116.45365,40.76588],[116.31691,40.77222],[116.22021,40.74412],[116.09887,40.63067],[116.00525,40.58387],[115.90793,40.61749],[115.82786,40.5875],[115.75518,40.54022],[115.78105,40.49336],[115.77181,40.44373],[115.8642,40.35942],[115.91778,40.35441],[115.96891,40.26405],[115.89869,40.23435],[115.84757,40.14704],[115.8063,40.15344],[115.59996,40.11958],[115.4546,40.02983],[115.42626,39.9505],[115.52297,39.8991],[115.51434,39.83755],[115.55253,39.7948],[115.44351,39.7856],[115.48663,39.7419],[115.49155,39.67007],[115.58702,39.58987],[115.66771,39.61523],[115.72253,39.5442],[115.7213,39.54374],[115.72253,39.5442],[115.72253,39.54374],[115.7213,39.54374],[115.72253,39.54374],[115.73855,39.54005],[115.73855,39.53959],[115.73855,39.54005],[115.73855,39.53959],[115.8063,39.51004],[115.91532,39.58296],[116.09887,39.57511],[116.19865,39.58941],[116.24054,39.56404],[116.25778,39.50034],[116.33785,39.45554],[116.43456,39.4426],[116.40191,39.52805],[116.50847,39.55112],[116.52448,39.59633],[116.72343,39.59264],[116.72405,39.59264],[116.72343,39.59264],[116.72405,39.59264],[116.81213,39.6157],[116.8497,39.66777],[116.90575,39.68804],[116.90206,39.76352],[116.94948,39.7787],[116.9076,39.83249],[116.81213,39.88992],[116.75793,39.96793],[116.78133,40.03487],[116.82014,40.02845],[116.92792,40.05502],[117.02524,40.03028],[117.10532,40.07426],[117.21002,40.08205],[117.36709,40.17265],[117.38988,40.22796]]]}},{"type":"Feature","id":"cnprov:120000","properties":{"boundaryId":"cnprov:120000","nodeId":"geo:cn-tj","parentNodeId":"geo:cn","bounds":[116.70803,38.55614,118.06495,40.25263]},"geometry":{"type":"MultiPolygon","coordinates":[[[[117.7656,39.40053],[117.84691,39.40793],[117.89988,39.47448],[117.93375,39.57419],[117.86846,39.59679],[117.76683,39.59864],[117.65412,39.57511],[117.63749,39.60325],[117.6689,39.66685],[117.57774,39.72671],[117.56173,39.79986],[117.50814,39.90185],[117.54633,39.99912],[117.6147,39.97252],[117.69107,39.9849],[117.78162,39.96656],[117.79332,40.00553],[117.67506,40.08205],[117.65165,40.12279],[117.57651,40.17859],[117.57158,40.21928],[117.45024,40.25263],[117.38988,40.22796],[117.36709,40.17265],[117.21002,40.08205],[117.19832,39.9927],[117.15089,39.945],[117.15644,39.81733],[117.20571,39.76398],[117.16198,39.7488],[117.178,39.64519],[117.10901,39.62538],[117.016,39.65395],[116.96427,39.64335],[116.90575,39.68804],[116.8497,39.66777],[116.81213,39.6157],[116.78749,39.55435],[116.81952,39.52851],[116.84046,39.37833],[116.88974,39.33807],[116.87249,39.2913],[116.87003,39.15361],[116.91253,39.1109],[116.87187,39.05469],[116.78318,39.05097],[116.70803,38.93189],[116.72343,38.85271],[116.75115,38.83126],[116.74622,38.7543],[116.85894,38.74123],[116.87742,38.68052],[116.94887,38.6894],[116.95133,38.6894],[116.94887,38.6894],[116.95133,38.6894],[117.06836,38.68052],[117.05542,38.6394],[117.10963,38.58469],[117.2131,38.63987],[117.25868,38.60807],[117.25314,38.55614],[117.36894,38.56457],[117.47919,38.61649],[117.63933,38.62678],[117.65658,38.66043],[117.72926,38.68006],[117.74096,38.75383],[117.64673,38.78883],[117.64611,38.82893],[117.84752,38.8555],[117.89803,38.94865],[117.85553,38.95749],[117.83767,39.05701],[117.87154,39.12251],[118.03477,39.21855],[118.06495,39.25609],[117.96578,39.31492],[117.85491,39.32835],[117.8543,39.32835],[117.85491,39.32835],[117.8543,39.32835],[117.80502,39.37324],[117.7847,39.37694],[117.74466,39.35473],[117.59499,39.34918],[117.57097,39.40469],[117.6689,39.41209],[117.7656,39.40053]]],[[[117.80502,39.37324],[117.84691,39.40793],[117.7656,39.40053],[117.7847,39.37694],[117.80502,39.37324]]]]}},{"type":"Feature","id":"cnprov:130000","properties":{"boundaryId":"cnprov:130000","nodeId":"geo:cn-he","parentNodeId":"geo:cn","bounds":[113.47682,36.05216,119.85425,42.61847]},"geometry":{"type":"MultiPolygon","coordinates":[[[[115.72253,39.5442],[115.66771,39.61523],[115.58702,39.58987],[115.49155,39.67007],[115.48663,39.7419],[115.44351,39.7856],[115.55253,39.7948],[115.51434,39.83755],[115.52297,39.8991],[115.42626,39.9505],[115.4546,40.02983],[115.59996,40.11958],[115.8063,40.15344],[115.84757,40.14704],[115.89869,40.23435],[115.96891,40.26405],[115.91778,40.35441],[115.8642,40.35942],[115.77181,40.44373],[115.78105,40.49336],[115.75518,40.54022],[115.82786,40.5875],[115.90793,40.61749],[116.00525,40.58387],[116.09887,40.63067],[116.22021,40.74412],[116.31691,40.77222],[116.45365,40.76588],[116.43825,40.81934],[116.33416,40.90443],[116.47706,40.89991],[116.4555,40.98083],[116.5676,40.99257],[116.68832,41.0445],[116.67785,40.97089],[116.81336,40.84832],[116.92423,40.77358],[116.96488,40.70965],[117.01231,40.69377],[117.11209,40.70738],[117.20818,40.69467],[117.27839,40.66427],[117.40897,40.68696],[117.49397,40.67516],[117.41267,40.60523],[117.26977,40.56068],[117.263,40.51293],[117.20879,40.50155],[117.26361,40.44237],[117.24329,40.36945],[117.29502,40.2782],[117.35108,40.22979],[117.38988,40.22796],[117.45024,40.25263],[117.57158,40.21928],[117.57651,40.17859],[117.65165,40.12279],[117.67506,40.08205],[117.79332,40.00553],[117.78162,39.96656],[117.69107,39.9849],[117.6147,39.97252],[117.54633,39.99912],[117.50814,39.90185],[117.56173,39.79986],[117.57774,39.72671],[117.6689,39.66685],[117.63749,39.60325],[117.65412,39.57511],[117.76683,39.59864],[117.86846,39.59679],[117.93375,39.57419],[117.89988,39.47448],[117.84691,39.40793],[117.80502,39.37324],[117.8543,39.32835],[117.85491,39.32835],[117.8543,39.32835],[117.85491,39.32835],[117.96578,39.31492],[118.06495,39.25609],[118.03477,39.21855],[118.12531,39.18284],[118.22509,39.0347],[118.31933,39.00959],[118.49118,38.90908],[118.53984,38.91001],[118.60451,38.97145],[118.57063,38.99936],[118.53306,39.09093],[118.63716,39.15732],[118.76096,39.13365],[118.85766,39.16289],[118.92603,39.12344],[119.09603,39.24219],[119.18534,39.34223],[119.27281,39.36352],[119.31654,39.43705],[119.26973,39.4985],[119.36643,39.735],[119.52041,39.84031],[119.54074,39.88808],[119.64237,39.92526],[119.78712,39.9505],[119.85425,39.98857],[119.85425,40.03303],[119.78712,40.04174],[119.73661,40.10494],[119.76063,40.13606],[119.59802,40.33434],[119.58693,40.37538],[119.6048,40.45512],[119.55367,40.50201],[119.55922,40.54795],[119.50378,40.55386],[119.30237,40.53022],[119.22045,40.56932],[119.23092,40.60386],[119.14469,40.63248],[119.18473,40.68015],[119.05476,40.66472],[118.89523,40.75409],[118.84596,40.82206],[118.87306,40.84787],[118.90201,40.96095],[119.00056,40.96727],[118.9519,41.01832],[118.96484,41.07925],[119.03752,41.06752],[119.18904,41.19823],[119.2494,41.27969],[119.23955,41.31431],[119.09295,41.29363],[118.94944,41.31791],[118.89092,41.30082],[118.84473,41.34262],[118.7702,41.35296],[118.74187,41.3242],[118.67719,41.35026],[118.52814,41.3552],[118.41234,41.33184],[118.3489,41.34262],[118.36122,41.38484],[118.32734,41.45082],[118.2719,41.47145],[118.31564,41.51269],[118.3027,41.55256],[118.21524,41.59554],[118.20661,41.65057],[118.15919,41.67605],[118.1327,41.73324],[118.14009,41.78413],[118.17828,41.81492],[118.29223,41.77298],[118.34027,41.87243],[118.3064,41.94013],[118.29654,42.05755],[118.23926,42.09264],[118.1943,42.03132],[118.15549,42.08109],[118.09759,42.10507],[118.10622,42.17208],[117.97749,42.22972],[118.06002,42.29836],[118.0089,42.3466],[117.99781,42.41688],[117.87401,42.51004],[117.77977,42.61847],[117.66705,42.58235],[117.60053,42.60305],[117.47549,42.60261],[117.43546,42.58543],[117.41328,42.47165],[117.3326,42.46105],[117.27531,42.4818],[117.01662,42.45619],[116.92177,42.40363],[116.88666,42.3665],[116.91869,42.22972],[116.85032,42.15656],[116.89035,42.09264],[116.87988,42.01843],[116.72774,41.95126],[116.63905,41.92989],[116.55343,41.92856],[116.51093,41.9744],[116.45365,41.94592],[116.37358,42.00998],[116.22391,41.93256],[116.19434,41.86173],[116.12289,41.86173],[116.12905,41.806],[116.09887,41.77655],[116.0071,41.79752],[116.0071,41.79797],[116.0071,41.79752],[116.0071,41.79797],[115.91655,41.94503],[115.81123,41.91253],[115.65416,41.82919],[115.57409,41.80555],[115.42996,41.72878],[115.34681,41.71225],[115.37761,41.60315],[115.20391,41.57137],[115.19529,41.60225],[115.0992,41.62373],[114.86083,41.60091],[114.89533,41.63626],[114.89594,41.76762],[114.92243,41.82518],[114.9021,42.01576],[114.86083,42.05488],[114.82572,42.1397],[114.75489,42.11573],[114.64772,42.10951],[114.56025,42.1326],[114.51098,42.11084],[114.46786,42.02599],[114.51159,41.98196],[114.47833,41.9517],[114.34344,41.92677],[114.20055,41.78993],[114.22641,41.61657],[114.23073,41.51358],[114.10138,41.53778],[114.03239,41.52972],[113.93323,41.48714],[113.87102,41.41313],[113.94493,41.39248],[113.91475,41.29453],[113.99236,41.26979],[113.99667,41.19238],[113.92029,41.17211],[113.86855,41.06887],[114.04163,40.91755],[114.04471,40.83066],[114.13464,40.73731],[114.23627,40.60704],[114.29355,40.55159],[114.26707,40.47424],[114.31203,40.37265],[114.43891,40.37173],[114.53069,40.34528],[114.46971,40.26816],[114.29294,40.23024],[114.23565,40.19825],[114.07305,40.16853],[114.102,40.0999],[114.04594,40.05686],[113.98928,40.11226],[113.9591,40.03349],[114.02931,39.98582],[114.0675,39.92251],[114.17406,39.89772],[114.21594,39.8619],[114.39518,39.86741],[114.40996,39.76168],[114.40812,39.65211],[114.43152,39.61385],[114.49558,39.60832],[114.51529,39.56496],[114.56888,39.57373],[114.53254,39.48603],[114.50174,39.47679],[114.4691,39.40099],[114.46663,39.32974],[114.43091,39.30751],[114.43707,39.25934],[114.47587,39.21623],[114.44384,39.17402],[114.38841,39.17681],[114.34591,39.07513],[114.25228,39.07374],[114.18084,39.04911],[114.10877,39.05236],[114.05087,39.13597],[113.89812,39.0677],[113.76754,38.95982],[113.77616,38.88579],[113.85562,38.82893],[113.77555,38.70995],[113.72073,38.71322],[113.70225,38.65155],[113.61294,38.64594],[113.60308,38.58702],[113.56182,38.55848],[113.54642,38.49294],[113.58337,38.45967],[113.52548,38.38325],[113.5575,38.34336],[113.54457,38.27057],[113.57044,38.2372],[113.64312,38.23203],[113.72073,38.17466],[113.79711,38.16289],[113.81127,38.11771],[113.87656,38.05506],[113.9012,37.98481],[113.9591,37.90647],[113.97696,37.8167],[114.00652,37.81339],[114.06812,37.72161],[114.13957,37.67568],[114.11863,37.59084],[114.03671,37.49404],[114.01453,37.42468],[113.97388,37.40329],[113.96279,37.35573],[113.90243,37.31005],[113.88642,37.2391],[113.83221,37.16759],[113.77308,37.15185],[113.7583,37.0755],[113.79156,36.98759],[113.76138,36.95603],[113.79279,36.8948],[113.77308,36.85506],[113.67638,36.85554],[113.68069,36.78991],[113.6,36.753],[113.5495,36.75252],[113.47682,36.65511],[113.54457,36.62342],[113.58892,36.54797],[113.55443,36.49459],[113.58707,36.4609],[113.70841,36.42335],[113.7312,36.36314],[113.81312,36.33229],[113.8821,36.35398],[113.91105,36.31493],[113.96279,36.35398],[114.08044,36.26959],[114.2104,36.27296],[114.40812,36.2247],[114.48018,36.17786],[114.58674,36.14113],[114.7204,36.14017],[114.77152,36.1247],[114.91257,36.14065],[114.91442,36.05216],[114.99819,36.06957],[115.04623,36.11261],[115.04869,36.16191],[115.10474,36.17206],[115.12507,36.20973],[115.2421,36.19138],[115.31293,36.08844],[115.37699,36.12808],[115.48355,36.14887],[115.46261,36.27634],[115.36652,36.30914],[115.34003,36.39831],[115.29753,36.41324],[115.2729,36.49748],[115.33141,36.55038],[115.3659,36.62198],[115.45152,36.70215],[115.47985,36.76019],[115.52482,36.76354],[115.68373,36.80812],[115.71206,36.88331],[115.75764,36.90245],[115.79706,36.96895],[115.77673,36.99285],[115.85619,37.06069],[115.88822,37.11225],[115.8796,37.1509],[115.90978,37.20669],[115.96952,37.23957],[115.97568,37.33718],[116.02434,37.36001],[116.16909,37.38427],[116.23622,37.36144],[116.2855,37.40424],[116.22637,37.42801],[116.29043,37.48407],[116.27872,37.5249],[116.33601,37.58136],[116.37974,37.52205],[116.38097,37.52252],[116.37974,37.52205],[116.38097,37.52252],[116.43394,37.47314],[116.72466,37.74433],[116.80474,37.84884],[117.02709,37.8323],[117.07452,37.84884],[117.27162,37.83986],[117.32028,37.8616],[117.43854,37.85404],[117.51307,37.94329],[117.52415,37.98953],[117.58698,38.07155],[117.70462,38.07626],[117.78901,38.18077],[117.80872,38.22827],[117.89557,38.30157],[117.94854,38.34664],[117.93745,38.38794],[117.84629,38.36823],[117.781,38.37386],[117.67875,38.47701],[117.6381,38.54491],[117.63933,38.62678],[117.47919,38.61649],[117.36894,38.56457],[117.25314,38.55614],[117.25868,38.60807],[117.2131,38.63987],[117.10963,38.58469],[117.05542,38.6394],[117.06836,38.68052],[116.95133,38.6894],[116.94887,38.6894],[116.95133,38.6894],[116.94887,38.6894],[116.87742,38.68052],[116.85894,38.74123],[116.74622,38.7543],[116.75115,38.83126],[116.72343,38.85271],[116.70803,38.93189],[116.78318,39.05097],[116.87187,39.05469],[116.91253,39.1109],[116.87003,39.15361],[116.87249,39.2913],[116.88974,39.33807],[116.84046,39.37833],[116.81952,39.52851],[116.78749,39.55435],[116.81213,39.6157],[116.72405,39.59264],[116.72343,39.59264],[116.72405,39.59264],[116.72343,39.59264],[116.52448,39.59633],[116.50847,39.55112],[116.40191,39.52805],[116.43456,39.4426],[116.33785,39.45554],[116.25778,39.50034],[116.24054,39.56404],[116.19865,39.58941],[116.09887,39.57511],[115.91532,39.58296],[115.8063,39.51004],[115.73855,39.53959],[115.73855,39.54005],[115.73855,39.53959],[115.73855,39.54005],[115.72253,39.54374],[115.7213,39.54374],[115.72253,39.54374],[115.72253,39.5442],[115.7213,39.54374],[115.72253,39.5442]]],[[[117.21002,40.08205],[117.10532,40.07426],[117.02524,40.03028],[116.92792,40.05502],[116.82014,40.02845],[116.78133,40.03487],[116.75793,39.96793],[116.81213,39.88992],[116.9076,39.83249],[116.94948,39.7787],[116.90206,39.76352],[116.90575,39.68804],[116.96427,39.64335],[117.016,39.65395],[117.10901,39.62538],[117.178,39.64519],[117.16198,39.7488],[117.20571,39.76398],[117.15644,39.81733],[117.15089,39.945],[117.19832,39.9927],[117.21002,40.08205]]],[[[117.7847,39.37694],[117.7656,39.40053],[117.6689,39.41209],[117.57097,39.40469],[117.59499,39.34918],[117.74466,39.35473],[117.7847,39.37694]]]]}},{"type":"Feature","id":"cnprov:140000","properties":{"boundaryId":"cnprov:140000","nodeId":"geo:cn-sx","parentNodeId":"geo:cn","bounds":[110.22958,34.58337,114.56888,40.73731]},"geometry":{"type":"Polygon","coordinates":[[[110.37926,34.60061],[110.42484,34.5883],[110.48828,34.61096],[110.53324,34.58337],[110.61085,34.60751],[110.71002,34.60504],[110.74944,34.65232],[110.82458,34.61588],[110.88371,34.64395],[110.92005,34.73007],[110.9761,34.70646],[111.03523,34.74089],[111.11839,34.75662],[111.14857,34.80774],[111.23295,34.78956],[111.34567,34.83182],[111.3894,34.81511],[111.43929,34.8382],[111.57048,34.84311],[111.64686,34.93884],[111.66411,34.98445],[111.80701,35.03298],[111.81008,35.06237],[111.93327,35.08344],[112.062,35.05601],[112.06632,35.15344],[112.03983,35.19404],[112.07863,35.21947],[112.05892,35.28007],[112.21722,35.2532],[112.28805,35.21996],[112.39092,35.23902],[112.51349,35.21849],[112.63729,35.22582],[112.7728,35.20773],[112.82207,35.25808],[112.88428,35.24391],[112.93602,35.28447],[112.99207,35.29619],[112.99638,35.3621],[113.12635,35.33233],[113.18979,35.44893],[113.30435,35.42699],[113.39182,35.50693],[113.49899,35.53225],[113.51377,35.57364],[113.57845,35.63349],[113.60493,35.79773],[113.66098,35.83704],[113.63758,35.87002],[113.69486,36.02699],[113.67145,36.11551],[113.71272,36.12953],[113.68192,36.21649],[113.71642,36.26235],[113.7312,36.36314],[113.70841,36.42335],[113.58707,36.4609],[113.55443,36.49459],[113.58892,36.54797],[113.54457,36.62342],[113.47682,36.65511],[113.5495,36.75252],[113.6,36.753],[113.68069,36.78991],[113.67638,36.85554],[113.77308,36.85506],[113.79279,36.8948],[113.76138,36.95603],[113.79156,36.98759],[113.7583,37.0755],[113.77308,37.15185],[113.83221,37.16759],[113.88642,37.2391],[113.90243,37.31005],[113.96279,37.35573],[113.97388,37.40329],[114.01453,37.42468],[114.03671,37.49404],[114.11863,37.59084],[114.13957,37.67568],[114.06812,37.72161],[114.00652,37.81339],[113.97696,37.8167],[113.9591,37.90647],[113.9012,37.98481],[113.87656,38.05506],[113.81127,38.11771],[113.79711,38.16289],[113.72073,38.17466],[113.64312,38.23203],[113.57044,38.2372],[113.54457,38.27057],[113.5575,38.34336],[113.52548,38.38325],[113.58337,38.45967],[113.54642,38.49294],[113.56182,38.55848],[113.60308,38.58702],[113.61294,38.64594],[113.70225,38.65155],[113.72073,38.71322],[113.77555,38.70995],[113.85562,38.82893],[113.77616,38.88579],[113.76754,38.95982],[113.89812,39.0677],[114.05087,39.13597],[114.10877,39.05236],[114.18084,39.04911],[114.25228,39.07374],[114.34591,39.07513],[114.38841,39.17681],[114.44384,39.17402],[114.47587,39.21623],[114.43707,39.25934],[114.43091,39.30751],[114.46663,39.32974],[114.4691,39.40099],[114.50174,39.47679],[114.53254,39.48603],[114.56888,39.57373],[114.51529,39.56496],[114.49558,39.60832],[114.43152,39.61385],[114.40812,39.65211],[114.40996,39.76168],[114.39518,39.86741],[114.21594,39.8619],[114.17406,39.89772],[114.0675,39.92251],[114.02931,39.98582],[113.9591,40.03349],[113.98928,40.11226],[114.04594,40.05686],[114.102,40.0999],[114.07305,40.16853],[114.23565,40.19825],[114.29294,40.23024],[114.46971,40.26816],[114.53069,40.34528],[114.43891,40.37173],[114.31203,40.37265],[114.26707,40.47424],[114.29355,40.55159],[114.23627,40.60704],[114.13464,40.73731],[114.08475,40.72961],[114.04163,40.60886],[114.07674,40.57569],[114.06196,40.52885],[113.94863,40.51475],[113.85069,40.46058],[113.79464,40.51793],[113.76323,40.47379],[113.6887,40.44829],[113.55997,40.34848],[113.38751,40.31928],[113.31667,40.31974],[113.25138,40.41321],[113.03334,40.369],[112.89845,40.32932],[112.84856,40.20694],[112.74446,40.16716],[112.6299,40.23573],[112.51164,40.26907],[112.45621,40.30011],[112.34903,40.25719],[112.23262,40.16991],[112.232,40.13331],[112.01273,39.82744],[111.97023,39.79664],[111.9382,39.62307],[111.84273,39.62031],[111.7836,39.58895],[111.65918,39.64151],[111.6253,39.63367],[111.52552,39.66224],[111.44545,39.64012],[111.42204,39.53912],[111.43128,39.50866],[111.37215,39.4791],[111.33704,39.42087],[111.17197,39.42318],[111.12578,39.3663],[111.20215,39.3052],[111.24773,39.30242],[111.16335,39.15268],[111.1381,39.06445],[111.03831,39.02029],[110.98041,38.97006],[111.00998,38.93282],[111.00936,38.84758],[110.96502,38.7557],[110.91513,38.70435],[110.88063,38.62678],[110.92005,38.58188],[110.90773,38.52104],[110.87078,38.51026],[110.87447,38.45358],[110.77777,38.44092],[110.74697,38.36636],[110.66136,38.30862],[110.57759,38.29735],[110.56589,38.21511],[110.50922,38.19206],[110.50183,38.09793],[110.52277,37.95509],[110.59422,37.92205],[110.68045,37.79022],[110.73589,37.77035],[110.77531,37.68089],[110.7636,37.63967],[110.79502,37.55859],[110.7402,37.44939],[110.64411,37.43514],[110.63056,37.37286],[110.69523,37.34955],[110.6515,37.25672],[110.53509,37.13802],[110.53571,37.11512],[110.46056,37.04493],[110.38295,37.022],[110.42422,36.96369],[110.40882,36.8924],[110.42422,36.85554],[110.40759,36.77601],[110.44701,36.73765],[110.42669,36.65751],[110.4969,36.5821],[110.50368,36.48834],[110.47288,36.4532],[110.48705,36.39397],[110.45995,36.32795],[110.47411,36.24835],[110.44701,36.16433],[110.46795,36.07489],[110.51661,35.9718],[110.51168,35.87972],[110.54926,35.87778],[110.57143,35.80064],[110.57759,35.70156],[110.60962,35.63203],[110.56774,35.53956],[110.53139,35.51131],[110.47781,35.41382],[110.45009,35.32793],[110.37495,35.25173],[110.37371,35.13435],[110.32074,35.00504],[110.26223,34.94423],[110.23082,34.88093],[110.24683,34.78907],[110.22958,34.69268],[110.29549,34.61096],[110.37926,34.60061]]]}},{"type":"Feature","id":"cnprov:150000","properties":{"boundaryId":"cnprov:150000","nodeId":"geo:cn-nm","parentNodeId":"geo:cn","bounds":[97.1729,37.40662,126.06846,53.33731]},"geometry":{"type":"Polygon","coordinates":[[[97.1729,42.79526],[97.37124,42.45708],[97.65334,41.98686],[97.84674,41.65638],[97.61392,41.47728],[97.62931,41.4405],[97.97178,41.09774],[98.25018,40.93925],[98.33333,40.9189],[98.34442,40.56841],[98.62775,40.67788],[98.56985,40.74684],[98.6684,40.77313],[98.68935,40.69195],[98.80268,40.60704],[98.79098,40.70556],[98.985,40.78264],[99.04166,40.69377],[99.10203,40.67652],[99.17286,40.74729],[99.17471,40.85828],[99.56583,40.84696],[99.673,40.93292],[100.05735,40.90805],[100.10785,40.87548],[100.2372,40.7169],[100.24274,40.61886],[100.16945,40.54113],[100.16945,40.27774],[100.00746,40.20008],[99.95572,40.1507],[99.92738,40.06373],[99.84115,40.01333],[99.75123,40.00691],[99.71427,39.97206],[99.53318,39.89175],[99.67238,39.88808],[99.82206,39.86006],[99.90459,39.7856],[100.04072,39.75708],[100.12818,39.70231],[100.25014,39.68527],[100.31419,39.60694],[100.30126,39.57235],[100.32651,39.50912],[100.50082,39.48141],[100.49898,39.40053],[100.60676,39.38758],[100.70778,39.40469],[100.84205,39.40561],[100.84267,39.2],[100.86423,39.10672],[100.82912,39.07513],[100.83528,39.02587],[100.9018,39.03005],[100.96155,39.00587],[100.96955,38.94679],[101.11738,38.97517],[101.22886,39.02075],[101.19868,38.94306],[101.24303,38.86063],[101.33542,38.84711],[101.33111,38.77716],[101.41241,38.7641],[101.5627,38.71322],[101.60151,38.65529],[101.67296,38.6908],[101.77705,38.66043],[101.87375,38.73376],[101.94151,38.80888],[102.07516,38.89138],[101.92611,39.00076],[101.83372,39.08907],[101.9027,39.11183],[102.27658,39.18887],[102.3548,39.23199],[102.45335,39.25517],[102.61657,39.1717],[103.0077,39.09975],[103.13335,39.19258],[103.18817,39.2153],[103.34462,39.33159],[103.5953,39.38665],[103.85338,39.46154],[103.95563,39.45692],[104.0899,39.41995],[104.0474,39.29779],[104.17121,39.16057],[104.20755,39.0835],[104.19646,38.9882],[104.17305,38.94446],[104.04432,38.89511],[104.01168,38.85923],[103.85954,38.64454],[103.41606,38.40482],[103.50784,38.2809],[103.53494,38.15678],[103.36864,38.08898],[103.36248,38.03762],[103.40744,37.86065],[103.68338,37.77792],[103.84106,37.64725],[103.87494,37.60412],[103.93592,37.57282],[104.18352,37.40662],[104.287,37.42801],[104.40773,37.46459],[104.4336,37.5154],[104.62331,37.52252],[104.80501,37.53913],[104.8666,37.56665],[105.02798,37.58088],[105.11113,37.63398],[105.315,37.7022],[105.4037,37.71025],[105.46714,37.69509],[105.59895,37.69936],[105.62236,37.77792],[105.67718,37.77177],[105.76094,37.79967],[105.80406,37.86207],[105.79975,37.93999],[105.8404,38.00415],[105.78066,38.08474],[105.77511,38.18689],[105.84225,38.24096],[105.86627,38.29641],[105.82131,38.36682],[105.82747,38.43249],[105.87428,38.59311],[105.85272,38.64173],[105.8946,38.69641],[105.90939,38.79116],[105.99254,38.85737],[105.97098,38.90908],[106.06091,38.96866],[106.09663,39.08489],[106.14591,39.15314],[106.25123,39.13133],[106.29558,39.16799],[106.28018,39.26212],[106.40275,39.29177],[106.51177,39.27231],[106.60232,39.37555],[106.68362,39.35751],[106.75138,39.38156],[106.80681,39.31862],[106.79572,39.21437],[106.82529,39.19397],[106.85916,39.10765],[106.96757,39.05469],[106.95402,38.9412],[106.83761,38.84758],[106.7563,38.7487],[106.70949,38.71882],[106.66268,38.60152],[106.6479,38.47092],[106.59985,38.38981],[106.48221,38.31942],[106.55551,38.26352],[106.73782,38.19771],[106.77909,38.17183],[107.01007,38.12053],[107.1388,38.16101],[107.19054,38.15395],[107.24043,38.11159],[107.33159,38.08663],[107.3938,38.01499],[107.44061,37.99566],[107.41166,37.94801],[107.49235,37.94471],[107.56072,37.89372],[107.65003,37.86443],[107.68452,37.88852],[107.73257,37.84931],[107.84282,37.82899],[107.98202,37.78738],[108.01282,37.66857],[108.13416,37.62213],[108.24626,37.66573],[108.30108,37.64062],[108.42242,37.64867],[108.53267,37.69083],[108.62814,37.65199],[108.79198,37.7003],[108.79814,37.93385],[108.82709,37.98906],[108.88314,38.01405],[108.93488,37.92252],[109.01865,37.9716],[109.06916,38.09134],[108.96445,38.15489],[108.93858,38.20758],[109.00756,38.35932],[109.05129,38.38512],[109.05437,38.43389],[109.17571,38.51869],[109.27673,38.62304],[109.33155,38.59778],[109.33894,38.70154],[109.40423,38.72069],[109.44426,38.78276],[109.5114,38.8336],[109.54959,38.80562],[109.62412,38.85457],[109.67216,38.92817],[109.66538,38.98169],[109.8514,39.12297],[109.96104,39.19165],[109.87172,39.24358],[109.90252,39.27185],[109.96227,39.21206],[110.04111,39.21623],[110.21788,39.28111],[110.12549,39.43289],[110.15259,39.45415],[110.24375,39.42365],[110.38542,39.31029],[110.524,39.38295],[110.62625,39.26675],[110.70263,39.2737],[110.73835,39.34871],[110.86955,39.49434],[111.01737,39.55205],[111.15473,39.56912],[111.10545,39.47263],[111.05864,39.44768],[111.06418,39.40099],[111.12578,39.3663],[111.17197,39.42318],[111.33704,39.42087],[111.37215,39.4791],[111.43128,39.50866],[111.42204,39.53912],[111.44545,39.64012],[111.52552,39.66224],[111.6253,39.63367],[111.65918,39.64151],[111.7836,39.58895],[111.84273,39.62031],[111.9382,39.62307],[111.97023,39.79664],[112.01273,39.82744],[112.232,40.13331],[112.23262,40.16991],[112.34903,40.25719],[112.45621,40.30011],[112.51164,40.26907],[112.6299,40.23573],[112.74446,40.16716],[112.84856,40.20694],[112.89845,40.32932],[113.03334,40.369],[113.25138,40.41321],[113.31667,40.31974],[113.38751,40.31928],[113.55997,40.34848],[113.6887,40.44829],[113.76323,40.47379],[113.79464,40.51793],[113.85069,40.46058],[113.94863,40.51475],[114.06196,40.52885],[114.07674,40.57569],[114.04163,40.60886],[114.08475,40.72961],[114.13464,40.73731],[114.04471,40.83066],[114.04163,40.91755],[113.86855,41.06887],[113.92029,41.17211],[113.99667,41.19238],[113.99236,41.26979],[113.91475,41.29453],[113.94493,41.39248],[113.87102,41.41313],[113.93323,41.48714],[114.03239,41.52972],[114.10138,41.53778],[114.23073,41.51358],[114.22641,41.61657],[114.20055,41.78993],[114.34344,41.92677],[114.47833,41.9517],[114.51159,41.98196],[114.46786,42.02599],[114.51098,42.11084],[114.56025,42.1326],[114.64772,42.10951],[114.75489,42.11573],[114.82572,42.1397],[114.86083,42.05488],[114.9021,42.01576],[114.92243,41.82518],[114.89594,41.76762],[114.89533,41.63626],[114.86083,41.60091],[115.0992,41.62373],[115.19529,41.60225],[115.20391,41.57137],[115.37761,41.60315],[115.34681,41.71225],[115.42996,41.72878],[115.57409,41.80555],[115.65416,41.82919],[115.81123,41.91253],[115.91655,41.94503],[116.0071,41.79797],[116.0071,41.79752],[116.09887,41.77655],[116.12905,41.806],[116.12289,41.86173],[116.19434,41.86173],[116.22391,41.93256],[116.37358,42.00998],[116.45365,41.94592],[116.51093,41.9744],[116.55343,41.92856],[116.63905,41.92989],[116.72774,41.95126],[116.87988,42.01843],[116.89035,42.09264],[116.85032,42.15656],[116.91869,42.22972],[116.88666,42.3665],[116.92177,42.40363],[117.01662,42.45619],[117.27531,42.4818],[117.3326,42.46105],[117.41328,42.47165],[117.43546,42.58543],[117.47549,42.60261],[117.60053,42.60305],[117.66705,42.58235],[117.77977,42.61847],[117.87401,42.51004],[117.99781,42.41688],[118.0089,42.3466],[118.06002,42.29836],[117.97749,42.22972],[118.10622,42.17208],[118.09759,42.10507],[118.15549,42.08109],[118.1943,42.03132],[118.23926,42.09264],[118.29654,42.05755],[118.3064,41.94013],[118.34027,41.87243],[118.29223,41.77298],[118.17828,41.81492],[118.14009,41.78413],[118.1327,41.73324],[118.15919,41.67605],[118.20661,41.65057],[118.21524,41.59554],[118.3027,41.55256],[118.31564,41.51269],[118.2719,41.47145],[118.32734,41.45082],[118.36122,41.38484],[118.3489,41.34262],[118.41234,41.33184],[118.52814,41.3552],[118.67719,41.35026],[118.74187,41.3242],[118.7702,41.35296],[118.84473,41.34262],[118.89092,41.30082],[118.94944,41.31791],[119.09295,41.29363],[119.23955,41.31431],[119.29621,41.3251],[119.37628,41.4221],[119.40646,41.50328],[119.30791,41.65727],[119.31284,41.80555],[119.34056,41.92677],[119.32454,41.96951],[119.37567,42.02332],[119.38491,42.08953],[119.31469,42.11972],[119.27773,42.18539],[119.2377,42.20091],[119.2802,42.26073],[119.34795,42.30058],[119.43295,42.3174],[119.50255,42.38816],[119.57154,42.33554],[119.53951,42.29792],[119.61712,42.25276],[119.74462,42.21155],[119.84193,42.21553],[119.84563,42.09708],[119.87581,42.07798],[119.95403,41.92321],[119.98976,41.89916],[120.05074,41.7761],[120.03595,41.70823],[120.09632,41.69706],[120.1382,41.72922],[120.12711,41.77253],[120.25153,41.88402],[120.27186,41.92544],[120.37349,41.99486],[120.45664,42.01621],[120.4665,42.10552],[120.56751,42.15212],[120.62479,42.15434],[120.74552,42.22351],[120.93399,42.27977],[121.02885,42.24257],[121.18468,42.33332],[121.21856,42.3718],[121.28508,42.38772],[121.30479,42.43588],[121.38609,42.47429],[121.60414,42.49504],[121.66573,42.4372],[121.74765,42.48489],[121.81787,42.5043],[121.88993,42.55678],[121.92134,42.6057],[121.93921,42.68845],[122.07287,42.71044],[122.16095,42.68493],[122.26134,42.69593],[122.33895,42.66998],[122.46091,42.75528],[122.3716,42.77637],[122.35127,42.83038],[122.43689,42.84311],[122.55638,42.82775],[122.62475,42.7733],[122.73315,42.78603],[122.84895,42.7122],[122.88714,42.77022],[123.05837,42.7689],[123.11811,42.80141],[123.22775,42.8317],[123.16985,42.85978],[123.18402,42.92598],[123.25917,42.99343],[123.47474,43.04244],[123.53634,43.007],[123.63119,43.08835],[123.69833,43.27207],[123.70387,43.37047],[123.6084,43.36612],[123.48645,43.44525],[123.4421,43.43786],[123.31583,43.49216],[123.30474,43.55074],[123.42116,43.59844],[123.5117,43.5928],[123.53695,43.63396],[123.46797,43.8536],[123.33123,44.02898],[123.38666,44.16179],[123.32384,44.17982],[123.19696,44.34483],[123.12859,44.36708],[123.14214,44.42823],[123.12489,44.5098],[123.02511,44.49315],[122.85634,44.3983],[122.76087,44.36965],[122.67525,44.28574],[122.48308,44.23688],[122.31924,44.23302],[122.2712,44.25574],[122.29152,44.31015],[122.28598,44.47778],[122.22808,44.48035],[122.19605,44.55971],[122.13138,44.57762],[122.10305,44.67388],[122.16156,44.72833],[122.09997,44.7823],[122.04946,44.91299],[122.08703,44.95281],[122.07471,45.00657],[122.11968,45.06874],[122.10982,45.14224],[122.14308,45.18317],[122.22993,45.20678],[122.23917,45.27631],[122.14739,45.29568],[122.14678,45.37435],[122.16834,45.4399],[122.00265,45.50788],[121.96631,45.59631],[122.00326,45.6231],[121.97,45.69296],[121.86714,45.7197],[121.81109,45.6871],[121.71377,45.70173],[121.64417,45.75228],[121.75443,45.79486],[121.76982,45.84366],[121.81725,45.87534],[121.80924,45.9611],[121.76182,45.99895],[121.8191,46.02305],[121.86406,46.00227],[122.04022,45.95902],[122.09134,45.882],[122.20098,45.857],[122.25395,45.7982],[122.30138,45.81322],[122.36236,45.9174],[122.44613,45.91699],[122.49602,45.85825],[122.64076,45.77107],[122.67156,45.70048],[122.74178,45.70508],[122.79228,45.76606],[122.75225,45.83491],[122.80029,45.85658],[122.82862,45.91241],[122.7929,46.07331],[123.04605,46.09988],[123.11257,46.13016],[123.10272,46.17204],[123.17848,46.24824],[123.01156,46.43498],[123.00232,46.57462],[123.18094,46.6141],[123.22837,46.5882],[123.27949,46.61698],[123.27641,46.66095],[123.36634,46.67778],[123.60348,46.68928],[123.63181,46.72868],[123.62565,46.84751],[123.56282,46.82581],[123.48337,46.84587],[123.52833,46.94484],[123.42362,46.93421],[123.37435,46.83768],[123.29551,46.86511],[123.22159,46.85037],[123.16369,46.74016],[122.99677,46.76148],[122.90685,46.80738],[122.89514,46.96036],[122.79105,46.94157],[122.77812,47.00282],[122.82123,47.06564],[122.67957,47.09416],[122.61551,47.12431],[122.53112,47.19877],[122.41841,47.35063],[122.5071,47.40129],[122.54344,47.49559],[122.59395,47.54732],[122.76518,47.61433],[122.84895,47.67441],[123.04112,47.74649],[123.16185,47.78189],[123.2142,47.8245],[123.30043,47.95372],[123.53757,48.02182],[123.57945,48.04543],[123.74637,48.19764],[123.86279,48.27178],[124.07898,48.43603],[124.25945,48.53639],[124.31427,48.50388],[124.30257,48.45667],[124.33152,48.38002],[124.31796,48.35099],[124.36539,48.28373],[124.42206,48.24588],[124.41898,48.18168],[124.47503,48.1737],[124.54709,48.20083],[124.57974,48.29727],[124.51876,48.37803],[124.55572,48.46778],[124.52061,48.5562],[124.57912,48.59658],[124.6247,48.70176],[124.61238,48.74795],[124.69738,48.84178],[124.75651,48.96726],[124.80825,49.02067],[124.80948,49.11594],[124.9068,49.18405],[125.11745,49.12613],[125.2197,49.18914],[125.21477,49.27707],[125.26158,49.32234],[125.25666,49.43728],[125.22832,49.48706],[125.23017,49.59541],[125.12731,49.65511],[125.2197,49.66906],[125.22278,49.79903],[125.24557,49.87198],[125.19013,49.95984],[125.29792,50.01448],[125.27883,50.12741],[125.44883,50.21634],[125.46361,50.29593],[125.54676,50.35897],[125.52213,50.40476],[125.58002,50.44937],[125.62745,50.44327],[125.74078,50.52324],[125.82948,50.56165],[125.78944,50.67974],[125.82578,50.70362],[125.75865,50.74681],[125.89046,50.80585],[125.96191,50.90105],[126.04259,50.92558],[126.06846,50.96743],[126.03397,51.01113],[126.05923,51.0435],[125.86459,51.14649],[125.85042,51.21364],[125.76173,51.22639],[125.76111,51.26198],[125.62622,51.38016],[125.55908,51.46152],[125.35151,51.6238],[125.22894,51.64052],[125.13039,51.63532],[125.06017,51.59667],[125.04724,51.5297],[124.92898,51.49842],[124.94253,51.44735],[124.8643,51.37979],[124.78361,51.39212],[124.69369,51.3327],[124.62655,51.32747],[124.58713,51.36373],[124.49043,51.38054],[124.44362,51.35812],[124.40666,51.27209],[124.27177,51.30839],[124.23912,51.34466],[124.12826,51.34728],[124.07159,51.32073],[123.88742,51.32073],[123.71126,51.39809],[123.66199,51.31924],[123.58253,51.29455],[123.46304,51.28669],[123.29427,51.25411],[123.06946,51.32111],[123.00293,51.31213],[122.96598,51.38689],[122.90377,51.41526],[122.85449,51.47755],[122.88036,51.51109],[122.85634,51.60671],[122.74917,51.74661],[122.77196,51.77958],[122.73254,51.8325],[122.72638,51.97871],[122.66478,51.99861],[122.62906,52.13657],[122.73808,52.15346],[122.76949,52.17989],[122.76087,52.26678],[122.58594,52.26641],[122.47815,52.29607],[122.48431,52.34143],[122.34203,52.41413],[122.31062,52.47542],[122.20776,52.46922],[122.14247,52.4951],[122.09134,52.42727],[121.97678,52.34363],[121.94783,52.29827],[121.84127,52.28253],[121.71439,52.31803],[121.63986,52.44442],[121.51914,52.45682],[121.41627,52.49947],[121.32388,52.57373],[121.18222,52.59918],[121.37316,52.68307],[121.47664,52.77223],[121.5912,52.82469],[121.6103,52.89226],[121.66265,52.91248],[121.71562,52.99793],[121.78584,53.01845],[121.81787,53.06163],[121.75319,53.1475],[121.66511,53.17047],[121.6799,53.24072],[121.61522,53.25898],[121.49943,53.33731],[121.33682,53.32588],[121.2278,53.28046],[121.09845,53.30693],[121.05533,53.29155],[120.88287,53.29441],[120.82189,53.2418],[120.6907,53.17477],[120.64389,53.10692],[120.56258,53.08285],[120.45295,53.01017],[120.3507,52.90634],[120.18132,52.80697],[120.03164,52.77367],[120.07106,52.70628],[120.03534,52.64641],[120.07599,52.58609],[120.19487,52.57882],[120.28972,52.62353],[120.3969,52.61626],[120.46218,52.64532],[120.6907,52.54753],[120.70671,52.49291],[120.68823,52.42764],[120.62356,52.36117],[120.62726,52.32388],[120.75537,52.25836],[120.74552,52.20594],[120.78678,52.15787],[120.75352,52.08548],[120.6907,52.04722],[120.7178,52.01556],[120.65682,51.92633],[120.48128,51.88572],[120.36363,51.78995],[120.17269,51.67987],[120.08708,51.67801],[120.03595,51.58366],[120.05258,51.56097],[119.98545,51.50513],[120.00269,51.45928],[119.94664,51.36074],[119.76063,51.21252],[119.78835,51.17464],[119.76433,51.09202],[119.67809,51.0164],[119.59864,50.98477],[119.56969,50.93388],[119.49146,50.87878],[119.50686,50.76385],[119.4502,50.69528],[119.3615,50.63269],[119.29806,50.61674],[119.26418,50.53693],[119.25063,50.4486],[119.1256,50.38912],[119.18842,50.34751],[119.23215,50.36546],[119.3227,50.35247],[119.35103,50.30395],[119.30976,50.16116],[119.23647,50.0752],[119.09049,49.98563],[118.96484,49.98871],[118.7394,49.94636],[118.67226,49.95599],[118.57495,49.93134],[118.48502,49.86619],[118.48379,49.83069],[118.38585,49.82722],[118.38401,49.78396],[118.22078,49.72983],[118.21154,49.69074],[118.12962,49.66945],[118.08281,49.61674],[117.866,49.59153],[117.80933,49.52126],[117.6381,49.57485],[117.48535,49.63302],[117.27839,49.63651],[117.06897,49.69539],[116.73637,49.84767],[116.71789,49.84729],[116.4284,49.43066],[116.04836,48.87327],[116.07793,48.82247],[115.83032,48.56016],[115.79952,48.51498],[115.82293,48.25943],[115.52913,48.15534],[115.58025,47.92165],[115.93934,47.68328],[115.96829,47.68972],[116.11119,47.81164],[116.26579,47.87671],[116.45304,47.83736],[116.66985,47.89076],[116.87927,47.89397],[117.09484,47.8241],[117.38434,47.64136],[117.49336,47.75856],[117.81365,48.01621],[117.96147,48.01101],[118.23864,48.04183],[118.28484,48.01101],[118.42219,48.01461],[118.4419,47.99579],[118.56817,47.99219],[118.77328,47.77103],[119.13422,47.66434],[119.15208,47.54045],[119.36581,47.47739],[119.32208,47.42721],[119.43788,47.3786],[119.45081,47.35307],[119.55922,47.30317],[119.56784,47.24836],[119.62759,47.24754],[119.71628,47.19552],[119.80683,47.05504],[119.79512,47.01302],[119.8598,46.91705],[119.92693,46.90396],[119.93494,46.71267],[119.91153,46.66957],[119.8136,46.66834],[119.78342,46.62602],[119.68241,46.60506],[119.65654,46.62561],[119.43172,46.63876],[119.37444,46.60341],[119.26295,46.64903],[119.07386,46.67655],[119.01165,46.7459],[118.95129,46.72211],[118.91433,46.77501],[118.84534,46.77173],[118.78806,46.68723],[118.44683,46.70447],[118.41049,46.72827],[118.31625,46.73934],[118.19245,46.68271],[118.12408,46.6782],[118.04647,46.63137],[117.91466,46.60794],[117.87093,46.54994],[117.70401,46.51659],[117.59622,46.60341],[117.42006,46.58203],[117.44778,46.52812],[117.39234,46.46302],[117.37202,46.36028],[117.2476,46.36689],[117.09731,46.35698],[116.8768,46.37556],[116.74561,46.32764],[116.67354,46.32516],[116.58546,46.2925],[116.43948,46.13763],[116.41423,46.1339],[116.27195,45.96693],[116.243,45.87617],[116.28673,45.77525],[116.22329,45.74727],[116.17463,45.68878],[116.03543,45.68501],[115.93688,45.63273],[115.69974,45.45963],[115.36467,45.39243],[115.17804,45.39621],[114.9834,45.3794],[114.92058,45.38612],[114.74504,45.43822],[114.55101,45.38738],[114.5196,45.28389],[114.45986,45.21353],[114.34714,45.11944],[114.19069,45.03661],[114.11678,44.95705],[114.06504,44.93121],[113.90736,44.9151],[113.86178,44.86338],[113.79895,44.84938],[113.63142,44.74533],[113.50392,44.77763],[113.11526,44.79971],[112.93787,44.84004],[112.85041,44.84047],[112.71244,44.87949],[112.59972,44.93078],[112.54059,45.00107],[112.43896,45.0717],[112.39646,45.06451],[112.11374,45.07297],[112.00287,45.09071],[111.90371,45.05225],[111.76451,44.96933],[111.62469,44.77848],[111.56063,44.64706],[111.56987,44.57634],[111.47871,44.48888],[111.41588,44.35724],[111.42882,44.31957],[111.50704,44.29431],[111.5594,44.17124],[111.66288,44.06125],[111.77313,44.01048],[111.87045,43.94028],[111.95976,43.82338],[111.97085,43.74821],[111.95114,43.69328],[111.89139,43.6738],[111.79407,43.67207],[111.60621,43.51386],[111.56433,43.49042],[111.45654,43.49433],[111.35429,43.43613],[111.18367,43.39613],[111.02045,43.33],[110.76976,43.09927],[110.7365,43.08966],[110.63118,42.93606],[110.4698,42.83916],[110.43716,42.7812],[110.34846,42.7421],[110.13966,42.67482],[110.10824,42.64269],[109.90622,42.63564],[109.68386,42.55899],[109.54404,42.47253],[109.29151,42.43588],[109.02604,42.4584],[108.84557,42.39567],[108.79876,42.41512],[108.70513,42.41335],[108.53267,42.44295],[108.29861,42.43853],[108.23825,42.46017],[108.02206,42.43323],[107.93952,42.40363],[107.73626,42.41512],[107.57427,42.41291],[107.46648,42.45884],[107.30387,42.41247],[107.27184,42.36429],[107.05134,42.31917],[106.78587,42.29128],[106.61279,42.24168],[106.01348,42.03221],[105.74185,41.94903],[105.58971,41.88847],[105.2916,41.74976],[105.23062,41.7511],[105.0095,41.58301],[104.92327,41.65414],[104.68921,41.6452],[104.52414,41.66175],[104.5303,41.8751],[104.08005,41.8051],[103.86878,41.80243],[103.41853,41.88223],[103.02186,42.02821],[102.71205,42.15301],[102.54081,42.16232],[102.44904,42.14413],[102.07024,42.23237],[101.80353,42.50386],[101.55778,42.52989],[100.863,42.6713],[100.32528,42.69021],[100.27231,42.63652],[99.96927,42.64797],[99.51224,42.56824],[98.96282,42.60702],[98.54645,42.63828],[98.19536,42.65325],[97.83196,42.70605],[97.1729,42.79526]]]}},{"type":"Feature","id":"cnprov:210000","properties":{"boundaryId":"cnprov:210000","nodeId":"geo:cn-ln","parentNodeId":"geo:cn","bounds":[118.84596,38.72162,125.75865,43.48999]},"geometry":{"type":"Polygon","coordinates":[[[119.85425,39.98857],[119.91831,39.98995],[119.94726,40.04036],[120.27309,40.12736],[120.37164,40.17448],[120.4511,40.17768],[120.49175,40.20008],[120.53733,40.32521],[120.60262,40.36079],[120.61925,40.46013],[120.66668,40.46741],[120.72827,40.53931],[120.82251,40.59432],[120.86131,40.68469],[120.93954,40.68651],[121.03254,40.70919],[121.01099,40.78446],[121.07689,40.81572],[121.12617,40.86914],[121.17791,40.87367],[121.43906,40.83021],[121.4403,40.88181],[121.49943,40.88],[121.57642,40.83791],[121.68298,40.82976],[121.81602,40.89493],[121.84312,40.83157],[121.93428,40.79805],[121.95153,40.68061],[122.12214,40.65746],[122.15047,40.58841],[122.24594,40.51975],[122.22192,40.48107],[122.25087,40.44556],[122.18681,40.42278],[122.19852,40.38222],[122.11044,40.31563],[122.04022,40.32202],[122.02667,40.24486],[121.94044,40.24212],[121.98109,40.17311],[121.91026,40.07289],[121.79631,39.99912],[121.77906,39.9427],[121.69961,39.9372],[121.62693,39.88257],[121.53022,39.85133],[121.47233,39.80216],[121.45939,39.74788],[121.50251,39.70323],[121.45015,39.62491],[121.26352,39.58987],[121.22472,39.51928],[121.24566,39.38943],[121.30787,39.39128],[121.4329,39.35751],[121.47479,39.2964],[121.62138,39.32603],[121.72486,39.36445],[121.7187,39.32048],[121.66758,39.31075],[121.58935,39.26304],[121.60414,39.16614],[121.56225,39.12715],[121.58196,39.0756],[121.50805,39.03424],[121.43106,39.02726],[121.3707,39.06026],[121.27522,38.97192],[121.20439,38.9412],[121.12801,38.95889],[121.08921,38.92212],[121.12863,38.79909],[121.13787,38.72302],[121.19885,38.72162],[121.25983,38.7865],[121.35961,38.82241],[121.5099,38.81774],[121.56472,38.87461],[121.67559,38.86156],[121.71932,38.92025],[121.65587,38.94679],[121.67127,39.01006],[121.73841,38.9989],[121.86345,38.9426],[121.92073,38.96959],[121.8887,39.02726],[121.96323,39.03005],[122.04823,39.10115],[122.12768,39.14479],[122.11721,39.21391],[122.24287,39.26768],[122.27489,39.32233],[122.41286,39.41163],[122.53297,39.41995],[122.58163,39.46432],[122.68265,39.51466],[122.80891,39.55989],[122.86065,39.60463],[122.97891,39.61616],[123.01094,39.65533],[123.10333,39.67698],[123.21297,39.66593],[123.25301,39.68988],[123.27456,39.75386],[123.47782,39.74696],[123.52156,39.77272],[123.61271,39.77502],[123.68786,39.80813],[123.81228,39.83111],[123.95148,39.81779],[124.0026,39.80032],[124.103,39.8233],[124.09931,39.77732],[124.15105,39.74558],[124.17322,39.84123],[124.21449,39.86512],[124.24159,39.92848],[124.34938,39.98903],[124.37217,40.02158],[124.34691,40.07976],[124.45778,40.17768],[124.62655,40.2919],[124.72264,40.32156],[124.73927,40.37173],[124.91358,40.48198],[124.94561,40.45603],[125.00474,40.49609],[125.01582,40.53385],[125.11376,40.56932],[125.18151,40.61113],[125.26282,40.62022],[125.45376,40.67652],[125.49564,40.7287],[125.54492,40.72961],[125.58557,40.78854],[125.70752,40.86688],[125.63546,40.94151],[125.68412,41.02193],[125.72662,41.05533],[125.73832,41.17842],[125.75865,41.23245],[125.64655,41.2644],[125.63731,41.34442],[125.548,41.40101],[125.53321,41.47907],[125.49318,41.5091],[125.45006,41.59778],[125.46115,41.64252],[125.41249,41.69125],[125.34412,41.67247],[125.33611,41.76807],[125.29484,41.82294],[125.30778,41.92455],[125.29854,41.9744],[125.36321,42.0171],[125.4901,42.13615],[125.45807,42.16011],[125.30593,42.14635],[125.29916,42.28995],[125.26405,42.31253],[125.17535,42.3081],[125.18644,42.42793],[125.06695,42.53474],[125.09713,42.62243],[125.0109,42.63212],[124.9684,42.72276],[124.99673,42.74517],[124.97517,42.80272],[124.85691,42.82423],[124.84952,42.88259],[124.87231,42.96234],[124.8409,43.03238],[124.88894,43.0748],[124.88278,43.13422],[124.78546,43.11719],[124.75528,43.07436],[124.68691,43.05119],[124.65858,42.97285],[124.58651,42.90538],[124.46641,42.84705],[124.38079,42.91284],[124.43191,42.9308],[124.42329,42.97548],[124.33336,42.99737],[124.42575,43.07611],[124.27362,43.17875],[124.27608,43.23328],[124.11409,43.24723],[124.09931,43.29298],[124.03278,43.28079],[123.96442,43.34088],[123.89605,43.36133],[123.85231,43.40613],[123.85786,43.45915],[123.79688,43.48999],[123.7476,43.47218],[123.70387,43.37047],[123.69833,43.27207],[123.63119,43.08835],[123.53634,43.007],[123.47474,43.04244],[123.25917,42.99343],[123.18402,42.92598],[123.16985,42.85978],[123.22775,42.8317],[123.11811,42.80141],[123.05837,42.7689],[122.88714,42.77022],[122.84895,42.7122],[122.73315,42.78603],[122.62475,42.7733],[122.55638,42.82775],[122.43689,42.84311],[122.35127,42.83038],[122.3716,42.77637],[122.46091,42.75528],[122.33895,42.66998],[122.26134,42.69593],[122.16095,42.68493],[122.07287,42.71044],[121.93921,42.68845],[121.92134,42.6057],[121.88993,42.55678],[121.81787,42.5043],[121.74765,42.48489],[121.66573,42.4372],[121.60414,42.49504],[121.38609,42.47429],[121.30479,42.43588],[121.28508,42.38772],[121.21856,42.3718],[121.18468,42.33332],[121.02885,42.24257],[120.93399,42.27977],[120.74552,42.22351],[120.62479,42.15434],[120.56751,42.15212],[120.4665,42.10552],[120.45664,42.01621],[120.37349,41.99486],[120.27186,41.92544],[120.25153,41.88402],[120.12711,41.77253],[120.1382,41.72922],[120.09632,41.69706],[120.03595,41.70823],[120.05074,41.7761],[119.98976,41.89916],[119.95403,41.92321],[119.87581,42.07798],[119.84563,42.09708],[119.84193,42.21553],[119.74462,42.21155],[119.61712,42.25276],[119.53951,42.29792],[119.57154,42.33554],[119.50255,42.38816],[119.43295,42.3174],[119.34795,42.30058],[119.2802,42.26073],[119.2377,42.20091],[119.27773,42.18539],[119.31469,42.11972],[119.38491,42.08953],[119.37567,42.02332],[119.32454,41.96951],[119.34056,41.92677],[119.31284,41.80555],[119.30791,41.65727],[119.40646,41.50328],[119.37628,41.4221],[119.29621,41.3251],[119.23955,41.31431],[119.2494,41.27969],[119.18904,41.19823],[119.03752,41.06752],[118.96484,41.07925],[118.9519,41.01832],[119.00056,40.96727],[118.90201,40.96095],[118.87306,40.84787],[118.84596,40.82206],[118.89523,40.75409],[119.05476,40.66472],[119.18473,40.68015],[119.14469,40.63248],[119.23092,40.60386],[119.22045,40.56932],[119.30237,40.53022],[119.50378,40.55386],[119.55922,40.54795],[119.55367,40.50201],[119.6048,40.45512],[119.58693,40.37538],[119.59802,40.33434],[119.76063,40.13606],[119.73661,40.10494],[119.78712,40.04174],[119.85425,40.03303],[119.85425,39.98857]]]}},{"type":"Feature","id":"cnprov:220000","properties":{"boundaryId":"cnprov:220000","nodeId":"geo:cn-jl","parentNodeId":"geo:cn","bounds":[121.64417,40.86688,131.31442,46.30243]},"geometry":{"type":"Polygon","coordinates":[[[125.70752,40.86688],[125.77836,40.89764],[125.81716,40.86688],[125.87506,40.9085],[125.95944,40.88181],[126.066,40.99754],[126.18857,41.11488],[126.29513,41.17166],[126.33209,41.23695],[126.49716,41.40684],[126.55998,41.54808],[126.5643,41.60897],[126.60803,41.66935],[126.6881,41.67426],[126.72444,41.71091],[126.8002,41.70287],[126.88705,41.79172],[126.95295,41.80421],[127.00592,41.74932],[127.05089,41.74485],[127.03795,41.67694],[127.10324,41.64788],[127.13589,41.60046],[127.11864,41.54002],[127.24121,41.52075],[127.3607,41.46607],[127.40567,41.47862],[127.52639,41.46786],[127.56396,41.43287],[127.63665,41.41358],[127.78016,41.42704],[127.85469,41.42076],[127.88241,41.44812],[128.00005,41.44274],[128.04009,41.39338],[128.20393,41.41088],[128.23842,41.4979],[128.30124,41.54002],[128.30186,41.62776],[128.24889,41.68141],[128.16389,41.72163],[128.14788,41.78101],[128.11277,41.7935],[128.10661,41.94992],[128.03393,42.0002],[128.09059,42.02288],[128.29447,42.02643],[128.46632,42.02065],[128.49896,42.00064],[128.70222,42.02021],[128.73795,42.05044],[128.89809,42.01665],[128.95291,42.02555],[128.95476,42.08376],[129.11367,42.14058],[129.21591,42.20844],[129.20852,42.29305],[129.26026,42.33554],[129.24055,42.37622],[129.34218,42.44118],[129.45243,42.44118],[129.54606,42.36163],[129.60149,42.41512],[129.70435,42.42705],[129.7487,42.4712],[129.74624,42.58455],[129.76718,42.70781],[129.81091,42.79526],[129.85649,42.95183],[129.89714,43.00175],[130.02711,42.9676],[130.10841,42.98993],[130.13613,42.90363],[130.25808,42.90626],[130.24207,42.73858],[130.38805,42.60305],[130.48228,42.62684],[130.57036,42.55722],[130.63381,42.60349],[130.59254,42.6713],[130.52109,42.70209],[130.46442,42.68845],[130.40714,42.73155],[130.46627,42.77242],[130.66583,42.84793],[130.7841,42.84223],[130.80196,42.87952],[130.89065,42.85276],[130.94978,42.87688],[131.04341,42.86285],[131.03417,42.92905],[131.11486,42.91503],[131.14565,42.9365],[131.10254,43.021],[131.1204,43.06824],[131.17152,43.06955],[131.20786,43.1316],[131.20601,43.2372],[131.25529,43.2651],[131.27561,43.36917],[131.31442,43.39265],[131.30456,43.50214],[131.14257,43.4257],[131.02677,43.50866],[130.95964,43.48608],[130.90728,43.43439],[130.84138,43.45437],[130.8229,43.50345],[130.72743,43.56028],[130.62334,43.58977],[130.63073,43.62227],[130.41268,43.65259],[130.39421,43.70323],[130.42316,43.74518],[130.3825,43.77716],[130.38189,43.91011],[130.33816,43.96398],[130.20819,43.94847],[130.14352,43.87862],[130.07946,43.83504],[130.00924,43.88941],[130.01787,43.96182],[129.95135,44.02726],[129.86819,44.01263],[129.8029,43.96484],[129.78011,43.89286],[129.65077,43.87302],[129.46783,43.87474],[129.40686,43.8195],[129.34834,43.79833],[129.25472,43.8195],[129.2116,43.78451],[129.23008,43.59323],[129.01389,43.52298],[128.94983,43.55378],[128.87838,43.5399],[128.83465,43.5876],[128.73918,43.80697],[128.76073,43.85748],[128.58458,43.99025],[128.57472,44.04791],[128.4503,44.20342],[128.48171,44.37564],[128.46324,44.43165],[128.37269,44.5145],[128.21132,44.43165],[128.17251,44.34697],[128.04994,44.34997],[128.06411,44.25145],[128.10414,44.23002],[128.09121,44.13302],[128.04255,44.10381],[127.91259,44.06469],[127.78324,44.072],[127.68161,44.16695],[127.59045,44.22787],[127.62371,44.27803],[127.48636,44.41028],[127.50853,44.4372],[127.46357,44.48462],[127.53625,44.52218],[127.55719,44.57549],[127.39273,44.63216],[127.18208,44.64451],[127.13897,44.60745],[127.04165,44.59126],[127.04103,44.71217],[126.9973,44.76488],[126.98437,44.82391],[127.02194,44.899],[127.09277,44.94688],[127.05027,45.00403],[126.97082,45.07085],[126.96404,45.1321],[126.78727,45.15912],[126.68564,45.18781],[126.64498,45.22533],[126.56922,45.25273],[126.40292,45.22281],[126.35611,45.1857],[126.1664,45.13337],[125.9927,45.19245],[125.9151,45.19666],[125.76173,45.29147],[125.69521,45.35207],[125.71184,45.47768],[125.68781,45.51417],[125.43466,45.46299],[125.36198,45.39285],[125.24865,45.41764],[125.18952,45.39915],[125.06633,45.39915],[125.02568,45.4932],[124.96101,45.4953],[124.91111,45.53598],[124.83967,45.45585],[124.79285,45.43696],[124.69061,45.45249],[124.54401,45.41176],[124.48057,45.45627],[124.39865,45.44074],[124.35246,45.49656],[124.34876,45.54687],[124.28778,45.53933],[124.22681,45.63356],[124.16213,45.6164],[124.13503,45.69045],[124.05434,45.75145],[124.06112,45.88617],[123.96873,45.93655],[124.01,46.05753],[124.01677,46.11855],[123.9176,46.25693],[123.84985,46.30243],[123.77594,46.26314],[123.60471,46.25196],[123.5696,46.22382],[123.49938,46.25983],[123.3571,46.2321],[123.24808,46.27307],[123.17848,46.24824],[123.10272,46.17204],[123.11257,46.13016],[123.04605,46.09988],[122.7929,46.07331],[122.82862,45.91241],[122.80029,45.85658],[122.75225,45.83491],[122.79228,45.76606],[122.74178,45.70508],[122.67156,45.70048],[122.64076,45.77107],[122.49602,45.85825],[122.44613,45.91699],[122.36236,45.9174],[122.30138,45.81322],[122.25395,45.7982],[122.20098,45.857],[122.09134,45.882],[122.04022,45.95902],[121.86406,46.00227],[121.8191,46.02305],[121.76182,45.99895],[121.80924,45.9611],[121.81725,45.87534],[121.76982,45.84366],[121.75443,45.79486],[121.64417,45.75228],[121.71377,45.70173],[121.81109,45.6871],[121.86714,45.7197],[121.97,45.69296],[122.00326,45.6231],[121.96631,45.59631],[122.00265,45.50788],[122.16834,45.4399],[122.14678,45.37435],[122.14739,45.29568],[122.23917,45.27631],[122.22993,45.20678],[122.14308,45.18317],[122.10982,45.14224],[122.11968,45.06874],[122.07471,45.00657],[122.08703,44.95281],[122.04946,44.91299],[122.09997,44.7823],[122.16156,44.72833],[122.10305,44.67388],[122.13138,44.57762],[122.19605,44.55971],[122.22808,44.48035],[122.28598,44.47778],[122.29152,44.31015],[122.2712,44.25574],[122.31924,44.23302],[122.48308,44.23688],[122.67525,44.28574],[122.76087,44.36965],[122.85634,44.3983],[123.02511,44.49315],[123.12489,44.5098],[123.14214,44.42823],[123.12859,44.36708],[123.19696,44.34483],[123.32384,44.17982],[123.38666,44.16179],[123.33123,44.02898],[123.46797,43.8536],[123.53695,43.63396],[123.5117,43.5928],[123.42116,43.59844],[123.30474,43.55074],[123.31583,43.49216],[123.4421,43.43786],[123.48645,43.44525],[123.6084,43.36612],[123.70387,43.37047],[123.7476,43.47218],[123.79688,43.48999],[123.85786,43.45915],[123.85231,43.40613],[123.89605,43.36133],[123.96442,43.34088],[124.03278,43.28079],[124.09931,43.29298],[124.11409,43.24723],[124.27608,43.23328],[124.27362,43.17875],[124.42575,43.07611],[124.33336,42.99737],[124.42329,42.97548],[124.43191,42.9308],[124.38079,42.91284],[124.46641,42.84705],[124.58651,42.90538],[124.65858,42.97285],[124.68691,43.05119],[124.75528,43.07436],[124.78546,43.11719],[124.88278,43.13422],[124.88894,43.0748],[124.8409,43.03238],[124.87231,42.96234],[124.84952,42.88259],[124.85691,42.82423],[124.97517,42.80272],[124.99673,42.74517],[124.9684,42.72276],[125.0109,42.63212],[125.09713,42.62243],[125.06695,42.53474],[125.18644,42.42793],[125.17535,42.3081],[125.26405,42.31253],[125.29916,42.28995],[125.30593,42.14635],[125.45807,42.16011],[125.4901,42.13615],[125.36321,42.0171],[125.29854,41.9744],[125.30778,41.92455],[125.29484,41.82294],[125.33611,41.76807],[125.34412,41.67247],[125.41249,41.69125],[125.46115,41.64252],[125.45006,41.59778],[125.49318,41.5091],[125.53321,41.47907],[125.548,41.40101],[125.63731,41.34442],[125.64655,41.2644],[125.75865,41.23245],[125.73832,41.17842],[125.72662,41.05533],[125.68412,41.02193],[125.63546,40.94151],[125.70752,40.86688]]]}},{"type":"Feature","id":"cnprov:230000","properties":{"boundaryId":"cnprov:230000","nodeId":"geo:cn-hl","parentNodeId":"geo:cn","bounds":[121.18222,43.4257,135.09567,53.56078]},"geometry":{"type":"Polygon","coordinates":[[[123.17848,46.24824],[123.24808,46.27307],[123.3571,46.2321],[123.49938,46.25983],[123.5696,46.22382],[123.60471,46.25196],[123.77594,46.26314],[123.84985,46.30243],[123.9176,46.25693],[124.01677,46.11855],[124.01,46.05753],[123.96873,45.93655],[124.06112,45.88617],[124.05434,45.75145],[124.13503,45.69045],[124.16213,45.6164],[124.22681,45.63356],[124.28778,45.53933],[124.34876,45.54687],[124.35246,45.49656],[124.39865,45.44074],[124.48057,45.45627],[124.54401,45.41176],[124.69061,45.45249],[124.79285,45.43696],[124.83967,45.45585],[124.91111,45.53598],[124.96101,45.4953],[125.02568,45.4932],[125.06633,45.39915],[125.18952,45.39915],[125.24865,45.41764],[125.36198,45.39285],[125.43466,45.46299],[125.68781,45.51417],[125.71184,45.47768],[125.69521,45.35207],[125.76173,45.29147],[125.9151,45.19666],[125.9927,45.19245],[126.1664,45.13337],[126.35611,45.1857],[126.40292,45.22281],[126.56922,45.25273],[126.64498,45.22533],[126.68564,45.18781],[126.78727,45.15912],[126.96404,45.1321],[126.97082,45.07085],[127.05027,45.00403],[127.09277,44.94688],[127.02194,44.899],[126.98437,44.82391],[126.9973,44.76488],[127.04103,44.71217],[127.04165,44.59126],[127.13897,44.60745],[127.18208,44.64451],[127.39273,44.63216],[127.55719,44.57549],[127.53625,44.52218],[127.46357,44.48462],[127.50853,44.4372],[127.48636,44.41028],[127.62371,44.27803],[127.59045,44.22787],[127.68161,44.16695],[127.78324,44.072],[127.91259,44.06469],[128.04255,44.10381],[128.09121,44.13302],[128.10414,44.23002],[128.06411,44.25145],[128.04994,44.34997],[128.17251,44.34697],[128.21132,44.43165],[128.37269,44.5145],[128.46324,44.43165],[128.48171,44.37564],[128.4503,44.20342],[128.57472,44.04791],[128.58458,43.99025],[128.76073,43.85748],[128.73918,43.80697],[128.83465,43.5876],[128.87838,43.5399],[128.94983,43.55378],[129.01389,43.52298],[129.23008,43.59323],[129.2116,43.78451],[129.25472,43.8195],[129.34834,43.79833],[129.40686,43.8195],[129.46783,43.87474],[129.65077,43.87302],[129.78011,43.89286],[129.8029,43.96484],[129.86819,44.01263],[129.95135,44.02726],[130.01787,43.96182],[130.00924,43.88941],[130.07946,43.83504],[130.14352,43.87862],[130.20819,43.94847],[130.33816,43.96398],[130.38189,43.91011],[130.3825,43.77716],[130.42316,43.74518],[130.39421,43.70323],[130.41268,43.65259],[130.63073,43.62227],[130.62334,43.58977],[130.72743,43.56028],[130.8229,43.50345],[130.84138,43.45437],[130.90728,43.43439],[130.95964,43.48608],[131.02677,43.50866],[131.14257,43.4257],[131.30456,43.50214],[131.20047,43.53209],[131.23927,43.67034],[131.2171,43.83633],[131.25406,43.89329],[131.24543,43.95579],[131.26576,44.03458],[131.31072,44.04662],[131.11178,44.71004],[131.06435,44.78697],[131.0163,44.78952],[130.96518,44.85065],[131.07913,44.88161],[131.09022,44.92443],[131.16105,44.94815],[131.20786,44.91383],[131.3138,44.95069],[131.35507,44.99007],[131.46471,44.9634],[131.48442,44.99557],[131.63286,45.07508],[131.69569,45.1321],[131.65072,45.15996],[131.68152,45.21522],[131.78869,45.24598],[131.82996,45.31168],[131.91742,45.33945],[131.93159,45.28768],[132.00366,45.25441],[132.39416,45.16376],[132.8672,45.06198],[132.95405,45.02307],[133.03597,45.05437],[133.10742,45.1245],[133.13945,45.12746],[133.12959,45.21142],[133.09756,45.28474],[133.14499,45.36721],[133.14376,45.43066],[133.20351,45.51669],[133.24601,45.51753],[133.33347,45.56238],[133.4234,45.58416],[133.47144,45.63105],[133.48684,45.74017],[133.46774,45.83491],[133.51209,45.887],[133.61803,45.90366],[133.67655,45.94321],[133.68147,45.98647],[133.74553,46.07539],[133.69071,46.1339],[133.84963,46.20394],[133.90999,46.25445],[133.87673,46.36235],[133.94879,46.40115],[133.84963,46.47539],[133.91984,46.59601],[134.011,46.63794],[134.03318,46.75902],[134.04241,46.88679],[134.07629,46.9383],[134.14281,47.09335],[134.22227,47.10516],[134.23028,47.1821],[134.15698,47.24836],[134.1773,47.3263],[134.26354,47.37131],[134.3393,47.43976],[134.4902,47.44624],[134.56843,47.4782],[134.57643,47.51904],[134.67806,47.58851],[134.68977,47.63813],[134.77969,47.7159],[134.77292,47.76339],[134.67868,47.81928],[134.65897,47.90119],[134.60785,47.90921],[134.55426,47.98217],[134.5518,48.03262],[134.63248,48.09941],[134.67252,48.17051],[134.6793,48.25625],[134.86408,48.33229],[135.00944,48.3657],[135.09074,48.40346],[135.09567,48.43762],[134.92752,48.45151],[134.82096,48.37604],[134.7643,48.37008],[134.70455,48.40545],[134.50191,48.41895],[134.36948,48.3828],[134.20379,48.3824],[134.11633,48.33309],[134.0689,48.33866],[133.7406,48.25465],[133.69318,48.18687],[133.59709,48.19485],[133.54597,48.12139],[133.408,48.12459],[133.30206,48.10301],[133.23985,48.12658],[133.13021,48.13497],[133.05322,48.1102],[132.99224,48.03542],[132.88322,48.0026],[132.81916,47.93689],[132.72307,47.96294],[132.66148,47.94491],[132.68735,47.88514],[132.59927,47.79235],[132.6005,47.74086],[132.558,47.71832],[132.46931,47.72637],[132.37199,47.7654],[132.32518,47.76218],[132.24264,47.70986],[132.08619,47.70301],[132.00058,47.71228],[131.97655,47.6732],[131.82565,47.67723],[131.69014,47.70704],[131.64148,47.66393],[131.59036,47.66071],[131.54355,47.73603],[131.45609,47.7473],[131.36,47.7308],[131.23681,47.73321],[131.11547,47.68972],[131.02986,47.69456],[130.96641,47.73321],[130.96149,47.82812],[130.89127,47.92726],[130.69971,48.04423],[130.67384,48.12818],[130.76562,48.18926],[130.76931,48.23114],[130.84507,48.29647],[130.74776,48.40426],[130.76746,48.50785],[130.62087,48.49595],[130.60547,48.59421],[130.53833,48.61202],[130.6221,48.78384],[130.68986,48.84965],[130.68062,48.88115],[130.502,48.8658],[130.4712,48.90554],[130.41207,48.90515],[130.27964,48.86698],[130.05914,48.97905],[130.02095,49.02106],[129.93718,49.04029],[129.91316,49.1085],[129.86696,49.11399],[129.84787,49.18132],[129.75363,49.20869],[129.76164,49.25754],[129.69696,49.29854],[129.60457,49.27902],[129.56269,49.29971],[129.54606,49.39523],[129.44874,49.44117],[129.39022,49.43261],[129.37914,49.36718],[129.32062,49.3586],[129.2153,49.39912],[129.14385,49.35743],[129.06193,49.37419],[129.01389,49.45712],[128.8716,49.49251],[128.79215,49.47307],[128.71516,49.56476],[128.53776,49.60433],[128.38994,49.58998],[128.34313,49.54496],[128.28708,49.56631],[128.18545,49.53952],[128.07088,49.5566],[128.00128,49.59231],[127.8978,49.57912],[127.81527,49.59386],[127.67791,49.69771],[127.67483,49.76425],[127.58306,49.78628],[127.53194,49.82606],[127.54364,49.94444],[127.4956,49.99448],[127.50176,50.05676],[127.58737,50.13777],[127.60339,50.23931],[127.37179,50.29669],[127.33237,50.34063],[127.3644,50.43831],[127.29357,50.46575],[127.37056,50.58142],[127.2948,50.66343],[127.29542,50.75514],[127.23629,50.78126],[127.14389,50.91011],[127.05212,50.96291],[126.9856,51.0292],[126.92277,51.06194],[126.89998,51.20052],[126.97636,51.29155],[126.97082,51.33233],[126.90861,51.40742],[126.83531,51.41377],[126.78419,51.4481],[126.83716,51.53603],[126.69549,51.57845],[126.74107,51.64237],[126.72444,51.7266],[126.6727,51.73179],[126.58093,51.82473],[126.51009,51.92227],[126.46267,51.94847],[126.45096,52.02771],[126.5144,52.03728],[126.56368,52.1193],[126.49901,52.16044],[126.30683,52.20557],[126.31299,52.23527],[126.4331,52.29863],[126.32777,52.31034],[126.35364,52.3893],[126.21321,52.52533],[126.1473,52.573],[125.96868,52.63043],[125.99578,52.67509],[126.07278,52.69105],[126.04444,52.73963],[125.98531,52.75847],[125.85535,52.86626],[125.7722,52.89804],[125.66687,52.86987],[125.66502,52.91356],[125.73709,52.9435],[125.74263,52.99396],[125.68412,53.00801],[125.64039,53.06199],[125.50365,53.09542],[125.25234,53.18051],[125.14209,53.20418],[124.97024,53.19414],[124.83289,53.14535],[124.73434,53.14678],[124.67891,53.20704],[124.49659,53.20776],[124.37586,53.25898],[124.32782,53.33195],[124.23912,53.37982],[124.12579,53.34803],[124.05804,53.40409],[123.86525,53.48963],[123.69833,53.49853],[123.62072,53.55012],[123.51724,53.55829],[123.45442,53.5366],[123.30967,53.56078],[123.23145,53.5494],[123.13721,53.49817],[123.05221,53.50672],[122.89453,53.46291],[122.49602,53.45864],[122.43504,53.44474],[122.35004,53.50565],[122.22747,53.46185],[122.16156,53.46861],[122.11105,53.42691],[121.87577,53.42656],[121.75443,53.38945],[121.69776,53.39267],[121.58997,53.35089],[121.49943,53.33731],[121.61522,53.25898],[121.6799,53.24072],[121.66511,53.17047],[121.75319,53.1475],[121.81787,53.06163],[121.78584,53.01845],[121.71562,52.99793],[121.66265,52.91248],[121.6103,52.89226],[121.5912,52.82469],[121.47664,52.77223],[121.37316,52.68307],[121.18222,52.59918],[121.32388,52.57373],[121.41627,52.49947],[121.51914,52.45682],[121.63986,52.44442],[121.71439,52.31803],[121.84127,52.28253],[121.94783,52.29827],[121.97678,52.34363],[122.09134,52.42727],[122.14247,52.4951],[122.20776,52.46922],[122.31062,52.47542],[122.34203,52.41413],[122.48431,52.34143],[122.47815,52.29607],[122.58594,52.26641],[122.76087,52.26678],[122.76949,52.17989],[122.73808,52.15346],[122.62906,52.13657],[122.66478,51.99861],[122.72638,51.97871],[122.73254,51.8325],[122.77196,51.77958],[122.74917,51.74661],[122.85634,51.60671],[122.88036,51.51109],[122.85449,51.47755],[122.90377,51.41526],[122.96598,51.38689],[123.00293,51.31213],[123.06946,51.32111],[123.29427,51.25411],[123.46304,51.28669],[123.58253,51.29455],[123.66199,51.31924],[123.71126,51.39809],[123.88742,51.32073],[124.07159,51.32073],[124.12826,51.34728],[124.23912,51.34466],[124.27177,51.30839],[124.40666,51.27209],[124.44362,51.35812],[124.49043,51.38054],[124.58713,51.36373],[124.62655,51.32747],[124.69369,51.3327],[124.78361,51.39212],[124.8643,51.37979],[124.94253,51.44735],[124.92898,51.49842],[125.04724,51.5297],[125.06017,51.59667],[125.13039,51.63532],[125.22894,51.64052],[125.35151,51.6238],[125.55908,51.46152],[125.62622,51.38016],[125.76111,51.26198],[125.76173,51.22639],[125.85042,51.21364],[125.86459,51.14649],[126.05923,51.0435],[126.03397,51.01113],[126.06846,50.96743],[126.04259,50.92558],[125.96191,50.90105],[125.89046,50.80585],[125.75865,50.74681],[125.82578,50.70362],[125.78944,50.67974],[125.82948,50.56165],[125.74078,50.52324],[125.62745,50.44327],[125.58002,50.44937],[125.52213,50.40476],[125.54676,50.35897],[125.46361,50.29593],[125.44883,50.21634],[125.27883,50.12741],[125.29792,50.01448],[125.19013,49.95984],[125.24557,49.87198],[125.22278,49.79903],[125.2197,49.66906],[125.12731,49.65511],[125.23017,49.59541],[125.22832,49.48706],[125.25666,49.43728],[125.26158,49.32234],[125.21477,49.27707],[125.2197,49.18914],[125.11745,49.12613],[124.9068,49.18405],[124.80948,49.11594],[124.80825,49.02067],[124.75651,48.96726],[124.69738,48.84178],[124.61238,48.74795],[124.6247,48.70176],[124.57912,48.59658],[124.52061,48.5562],[124.55572,48.46778],[124.51876,48.37803],[124.57974,48.29727],[124.54709,48.20083],[124.47503,48.1737],[124.41898,48.18168],[124.42206,48.24588],[124.36539,48.28373],[124.31796,48.35099],[124.33152,48.38002],[124.30257,48.45667],[124.31427,48.50388],[124.25945,48.53639],[124.07898,48.43603],[123.86279,48.27178],[123.74637,48.19764],[123.57945,48.04543],[123.53757,48.02182],[123.30043,47.95372],[123.2142,47.8245],[123.16185,47.78189],[123.04112,47.74649],[122.84895,47.67441],[122.76518,47.61433],[122.59395,47.54732],[122.54344,47.49559],[122.5071,47.40129],[122.41841,47.35063],[122.53112,47.19877],[122.61551,47.12431],[122.67957,47.09416],[122.82123,47.06564],[122.77812,47.00282],[122.79105,46.94157],[122.89514,46.96036],[122.90685,46.80738],[122.99677,46.76148],[123.16369,46.74016],[123.22159,46.85037],[123.29551,46.86511],[123.37435,46.83768],[123.42362,46.93421],[123.52833,46.94484],[123.48337,46.84587],[123.56282,46.82581],[123.62565,46.84751],[123.63181,46.72868],[123.60348,46.68928],[123.36634,46.67778],[123.27641,46.66095],[123.27949,46.61698],[123.22837,46.5882],[123.18094,46.6141],[123.00232,46.57462],[123.01156,46.43498],[123.17848,46.24824]]]}},{"type":"Feature","id":"cnprov:310000","properties":{"boundaryId":"cnprov:310000","nodeId":"geo:cn-sh","parentNodeId":"geo:cn","bounds":[120.88102,30.67719,122.1166,31.86846]},"geometry":{"type":"MultiPolygon","coordinates":[[[[120.90135,31.01733],[120.98943,31.01425],[121.00052,30.93831],[120.99189,30.83713],[121.03809,30.81401],[121.09783,30.85717],[121.13787,30.82634],[121.12309,30.77905],[121.21671,30.78573],[121.27214,30.7235],[121.27461,30.67719],[121.36207,30.67976],[121.42613,30.73019],[121.60106,30.80527],[121.68113,30.81863],[121.90471,30.81401],[121.94352,30.77699],[121.97,30.78933],[121.95461,30.82583],[121.99403,30.86282],[121.99095,30.96859],[121.9466,31.06604],[121.80986,31.19667],[121.7224,31.3036],[121.59921,31.37465],[121.52098,31.39458],[121.34359,31.512],[121.17483,31.44922],[121.11385,31.37465],[121.1428,31.27547],[121.09044,31.29184],[121.06026,31.24529],[121.07689,31.15827],[121.01838,31.13419],[120.88102,31.13471],[120.90135,31.01733]]],[[[121.97493,31.61704],[121.59982,31.70313],[121.49881,31.75301],[121.43167,31.7693],[121.38486,31.83338],[121.32327,31.86846],[121.20008,31.83491],[121.14526,31.75403],[121.28939,31.61653],[121.37193,31.55331],[121.43414,31.59054],[121.54747,31.53138],[121.68298,31.49108],[121.8191,31.43799],[121.89055,31.4288],[121.98171,31.46402],[121.99587,31.49312],[121.97493,31.61704]]],[[[121.79569,31.33019],[121.79261,31.36341],[121.74211,31.40735],[121.58566,31.45484],[121.57211,31.43594],[121.72794,31.35472],[121.79569,31.33019]]],[[[121.80185,31.35677],[121.84066,31.29542],[122.0162,31.28212],[122.0975,31.25552],[122.1166,31.32098],[121.95153,31.33734],[121.84558,31.37465],[121.80185,31.35677]]],[[[121.94352,31.21561],[121.95953,31.15929],[121.99587,31.16083],[122.00881,31.22124],[121.94352,31.21561]]]]}},{"type":"Feature","id":"cnprov:320000","properties":{"boundaryId":"cnprov:320000","nodeId":"geo:cn-js","parentNodeId":"geo:cn","bounds":[116.3742,30.75797,121.97493,35.11526]},"geometry":{"type":"Polygon","coordinates":[[[119.30607,35.07658],[119.28697,35.11526],[119.13792,35.09617],[119.11451,35.05503],[119.02705,35.05552],[118.86259,35.02563],[118.86074,34.94423],[118.80531,34.87307],[118.77205,34.79447],[118.71908,34.74531],[118.78375,34.72318],[118.69013,34.67841],[118.546,34.70596],[118.461,34.65626],[118.42466,34.59519],[118.43944,34.50795],[118.40495,34.42753],[118.29038,34.42456],[118.22017,34.4058],[118.1327,34.48329],[118.18506,34.54394],[118.07912,34.56957],[118.11484,34.6144],[118.05386,34.65084],[117.95162,34.67841],[117.90296,34.64444],[117.79394,34.65183],[117.80194,34.5188],[117.6843,34.54739],[117.65904,34.50104],[117.59252,34.46257],[117.46502,34.48477],[117.37079,34.58485],[117.26792,34.5326],[117.24821,34.45122],[117.16629,34.43444],[117.13919,34.52669],[117.15151,34.55922],[117.10408,34.64887],[117.06158,34.67595],[117.07021,34.71384],[117.02216,34.75908],[116.96919,34.77186],[116.92916,34.84311],[116.92238,34.89467],[116.85832,34.92853],[116.78133,34.91676],[116.67785,34.93933],[116.55775,34.9089],[116.44503,34.89565],[116.40807,34.85097],[116.40314,34.75613],[116.3742,34.64001],[116.47706,34.6149],[116.49061,34.57351],[116.66245,34.47293],[116.77394,34.45368],[116.82814,34.38901],[116.90945,34.40827],[116.96919,34.38901],[116.98336,34.34801],[116.96919,34.28375],[117.05111,34.22143],[117.02524,34.16747],[117.12379,34.12834],[117.19216,34.06887],[117.31165,34.06788],[117.35723,34.08821],[117.40405,34.03218],[117.51491,34.06094],[117.56912,33.98505],[117.67136,33.99249],[117.6726,33.93492],[117.7151,33.87929],[117.75944,33.87432],[117.73973,33.75847],[117.79147,33.73359],[117.90172,33.72015],[117.97256,33.74951],[118.01999,33.73856],[118.11792,33.76643],[118.16104,33.73558],[118.16781,33.66338],[118.11238,33.61704],[118.10745,33.47539],[118.05078,33.49186],[118.01691,33.40298],[118.02922,33.375],[117.97441,33.27949],[117.98857,33.18087],[118.03846,33.13478],[118.21709,33.19189],[118.21955,33.11423],[118.2448,32.99836],[118.29161,32.94614],[118.2331,32.9145],[118.25035,32.84816],[118.30147,32.84615],[118.30024,32.78328],[118.36306,32.7707],[118.37538,32.71885],[118.45053,32.74352],[118.48379,32.72137],[118.57248,32.71986],[118.6427,32.74453],[118.70737,32.72036],[118.73817,32.77271],[118.7431,32.85318],[118.81024,32.85369],[118.82132,32.92053],[118.84904,32.95669],[118.93404,32.93861],[119.02089,32.95569],[119.05476,32.8748],[119.11328,32.82301],[119.18473,32.82553],[119.21183,32.70828],[119.22045,32.57675],[119.08494,32.4526],[119.04121,32.5152],[118.97592,32.50511],[118.92234,32.55708],[118.92172,32.55708],[118.92234,32.55708],[118.92172,32.55708],[118.90817,32.59238],[118.84288,32.56767],[118.71908,32.61406],[118.63284,32.57826],[118.59219,32.48138],[118.69136,32.4723],[118.6852,32.4036],[118.70306,32.32879],[118.65748,32.30148],[118.67473,32.25038],[118.64393,32.20987],[118.51089,32.19418],[118.50103,32.12173],[118.39448,32.0761],[118.38955,31.98528],[118.36368,31.93044],[118.47208,31.87964],[118.50473,31.84152],[118.48194,31.77845],[118.52198,31.74334],[118.64147,31.75861],[118.69752,31.70975],[118.64332,31.64965],[118.80284,31.61908],[118.85889,31.62367],[118.886,31.51914],[118.88353,31.50026],[118.85212,31.39355],[118.76774,31.36392],[118.72092,31.32252],[118.79484,31.22943],[118.8706,31.24222],[119.10527,31.23506],[119.15824,31.29491],[119.26665,31.25041],[119.37444,31.25859],[119.36027,31.21305],[119.39168,31.17414],[119.46128,31.15622],[119.53273,31.15929],[119.59987,31.10909],[119.62389,31.1301],[119.67809,31.168],[119.77972,31.17875],[119.87827,31.16083],[119.92139,31.17005],[119.94603,31.10602],[120.00146,31.02707],[120.05258,31.00553],[120.1499,30.93728],[120.22382,30.9265],[120.37103,30.94858],[120.35809,30.88696],[120.42338,30.90288],[120.50468,30.75797],[120.58968,30.85409],[120.65497,30.8469],[120.71349,30.88491],[120.69809,30.97064],[120.77015,30.99681],[120.86562,30.98963],[120.90135,31.01733],[120.88102,31.13471],[121.01838,31.13419],[121.07689,31.15827],[121.06026,31.24529],[121.09044,31.29184],[121.1428,31.27547],[121.11385,31.37465],[121.17483,31.44922],[121.34359,31.512],[121.37193,31.55331],[121.28939,31.61653],[121.14526,31.75403],[121.20008,31.83491],[121.32327,31.86846],[121.38486,31.83338],[121.43167,31.7693],[121.49881,31.75301],[121.59982,31.70313],[121.97493,31.61704],[121.97,31.71891],[121.88932,31.86643],[121.85606,31.95533],[121.75935,32.05936],[121.5253,32.13642],[121.45877,32.17746],[121.49943,32.21139],[121.49388,32.26353],[121.45015,32.28226],[121.42551,32.43089],[121.35222,32.47431],[121.26968,32.4834],[121.15327,32.52933],[120.97957,32.63624],[120.95309,32.71432],[120.97218,32.76113],[120.98142,32.85972],[120.9574,32.8934],[120.93276,33.00589],[120.87178,33.04703],[120.87425,33.09367],[120.81389,33.3035],[120.74121,33.33751],[120.71718,33.43695],[120.68023,33.52031],[120.58352,33.66836],[120.53425,33.78235],[120.48559,33.85941],[120.36733,34.09167],[120.31436,34.25556],[120.3119,34.30699],[120.10371,34.39148],[119.96266,34.45911],[119.81175,34.48575],[119.78157,34.51584],[119.64114,34.56908],[119.46559,34.67299],[119.52596,34.73351],[119.44096,34.76941],[119.37875,34.76449],[119.23831,34.79939],[119.20259,34.89025],[119.21121,34.98151],[119.23831,35.04866],[119.30607,35.07658]]]}},{"type":"Feature","id":"cnprov:330000","properties":{"boundaryId":"cnprov:330000","nodeId":"geo:cn-zj","parentNodeId":"geo:cn","bounds":[118.03785,27.14241,122.43319,31.17875]},"geometry":{"type":"MultiPolygon","coordinates":[[[[118.4339,28.28834],[118.44437,28.25355],[118.5885,28.28254],[118.67473,28.27147],[118.71969,28.31205],[118.75603,28.25249],[118.80223,28.24037],[118.77143,28.18869],[118.80223,28.11745],[118.71908,28.0636],[118.73016,27.97062],[118.81824,27.91669],[118.82933,27.84792],[118.87368,27.73356],[118.87984,27.66786],[118.91371,27.61962],[118.9094,27.56817],[118.86937,27.54005],[118.90755,27.46095],[118.9556,27.4498],[119.02089,27.49812],[119.14777,27.42484],[119.26911,27.42218],[119.3344,27.48007],[119.36027,27.52466],[119.41694,27.53952],[119.46683,27.52625],[119.50194,27.6106],[119.50132,27.64984],[119.60603,27.67475],[119.64422,27.66362],[119.63067,27.58249],[119.67501,27.57453],[119.70889,27.51404],[119.68549,27.43865],[119.73969,27.36267],[119.84317,27.30046],[119.93864,27.32971],[120.00824,27.37542],[120.05258,27.33875],[120.1345,27.42006],[120.22135,27.42006],[120.27309,27.38924],[120.34084,27.39987],[120.34392,27.3632],[120.43016,27.25898],[120.40429,27.20417],[120.46157,27.14241],[120.54595,27.15679],[120.5749,27.2345],[120.55458,27.25206],[120.58044,27.3212],[120.66544,27.35788],[120.67345,27.42006],[120.70302,27.47848],[120.63711,27.56127],[120.68515,27.6228],[120.70918,27.6827],[120.77139,27.73462],[120.77755,27.77487],[120.84037,27.75899],[120.91059,27.86485],[120.97403,27.88707],[121.02762,27.83257],[121.07012,27.83416],[121.13417,27.78705],[121.13479,27.78705],[121.19207,27.82252],[121.1933,27.87226],[121.16251,27.90717],[121.05595,27.90029],[120.99189,27.95],[121.05903,28.09634],[121.12124,28.12537],[121.14095,28.03138],[121.26106,28.03455],[121.29986,28.0673],[121.3282,28.13434],[121.37377,28.13329],[121.40211,28.19713],[121.48896,28.30151],[121.62754,28.25197],[121.66943,28.33312],[121.65895,28.39263],[121.69283,28.40737],[121.63432,28.56254],[121.59613,28.57516],[121.55732,28.64503],[121.64602,28.68284],[121.68914,28.71906],[121.70453,28.80458],[121.68729,28.86329],[121.77475,28.86382],[121.71254,29.02878],[121.65895,29.05861],[121.66019,29.11823],[121.75011,29.13652],[121.78029,29.10986],[121.85975,29.08633],[121.88439,29.10568],[121.96631,29.05285],[121.98848,29.11091],[121.96692,29.24989],[121.94475,29.28435],[121.9583,29.33445],[121.93798,29.384],[121.99341,29.45229],[121.96877,29.51585],[122.00019,29.58249],[121.96631,29.63608],[121.83327,29.65324],[121.93736,29.74837],[122.00326,29.7624],[122.04392,29.82265],[122.14308,29.87767],[122.14,29.90154],[122.00696,29.89168],[121.97124,29.95548],[121.9195,29.92073],[121.78399,29.99332],[121.72116,29.9928],[121.63555,30.07],[121.56164,30.1844],[121.49758,30.25886],[121.3282,30.3973],[121.22533,30.40453],[121.09291,30.51595],[121.05841,30.56389],[121.14896,30.59995],[121.27461,30.67719],[121.27214,30.7235],[121.21671,30.78573],[121.12309,30.77905],[121.13787,30.82634],[121.09783,30.85717],[121.03809,30.81401],[120.99189,30.83713],[121.00052,30.93831],[120.98943,31.01425],[120.90135,31.01733],[120.86562,30.98963],[120.77015,30.99681],[120.69809,30.97064],[120.71349,30.88491],[120.65497,30.8469],[120.58968,30.85409],[120.50468,30.75797],[120.42338,30.90288],[120.35809,30.88696],[120.37103,30.94858],[120.22382,30.9265],[120.1499,30.93728],[120.05258,31.00553],[120.00146,31.02707],[119.94603,31.10602],[119.92139,31.17005],[119.87827,31.16083],[119.77972,31.17875],[119.67809,31.168],[119.62389,31.1301],[119.63375,31.01938],[119.58016,30.96705],[119.55429,30.82583],[119.52719,30.77905],[119.47976,30.77237],[119.48284,30.70447],[119.44465,30.65042],[119.39045,30.68594],[119.32331,30.63034],[119.23893,30.60923],[119.23708,30.54688],[119.27219,30.51028],[119.32639,30.53296],[119.33502,30.44839],[119.36766,30.38491],[119.20136,30.29091],[119.06277,30.30486],[118.95437,30.36013],[118.88045,30.31519],[118.90509,30.21646],[118.85274,30.16681],[118.90263,30.02908],[118.89462,29.93785],[118.83857,29.93473],[118.84103,29.89116],[118.74063,29.81486],[118.74495,29.73902],[118.64701,29.64336],[118.57371,29.63816],[118.50042,29.57572],[118.49611,29.51949],[118.38154,29.50491],[118.31625,29.42258],[118.2485,29.43144],[118.19306,29.39547],[118.20538,29.34384],[118.13886,29.28383],[118.07788,29.29061],[118.07357,29.21699],[118.04216,29.2102],[118.03785,29.10202],[118.09759,28.99895],[118.16535,28.98691],[118.27006,28.91884],[118.30024,28.82608],[118.3643,28.81349],[118.4031,28.70279],[118.42835,28.68127],[118.41234,28.55676],[118.47455,28.47893],[118.45545,28.3842],[118.48009,28.32733],[118.4339,28.28834]]],[[[122.16341,29.98814],[122.27921,29.93733],[122.32232,29.94044],[122.34388,30.02027],[122.31,30.03996],[122.29399,30.10055],[122.15294,30.1135],[122.09566,30.15801],[122.04884,30.14714],[121.95522,30.18388],[121.9349,30.16163],[121.98355,30.10055],[121.97801,30.05913],[122.0279,29.99125],[122.10674,30.00576],[122.16341,29.98814]]],[[[122.16279,30.32965],[122.05808,30.29194],[122.15417,30.2449],[122.23178,30.23456],[122.24718,30.30124],[122.22808,30.32965],[122.16279,30.32965]]],[[[122.37221,29.89323],[122.43319,29.91917],[122.35189,29.95911],[122.37221,29.89323]]],[[[122.43011,30.40866],[122.43257,30.44529],[122.27797,30.4716],[122.28167,30.41846],[122.43011,30.40866]]],[[[122.1825,29.65064],[122.21145,29.69224],[122.14678,29.74941],[122.08395,29.78318],[122.04761,29.71979],[122.09566,29.71667],[122.13816,29.66208],[122.1825,29.65064]]],[[[121.85051,29.97725],[121.93305,29.99488],[121.92442,30.05239],[121.84866,30.10107],[121.85051,29.97725]]],[[[122.1554,29.97051],[122.16341,29.98814],[122.15232,29.97103],[122.1554,29.97051]]]]}},{"type":"Feature","id":"cnprov:340000","properties":{"boundaryId":"cnprov:340000","nodeId":"geo:cn-ah","parentNodeId":"geo:cn","bounds":[114.88301,29.39547,119.63375,34.64001]},"geometry":{"type":"Polygon","coordinates":[[[116.1968,34.57598],[116.16231,34.45961],[116.17894,34.43049],[116.30151,34.34208],[116.35756,34.31984],[116.37235,34.26595],[116.45673,34.26892],[116.51648,34.29611],[116.56575,34.16945],[116.52818,34.12289],[116.59963,34.01432],[116.64151,33.9781],[116.64336,33.89668],[116.43764,33.84649],[116.43702,33.80125],[116.31691,33.7714],[116.26333,33.7301],[116.15554,33.70969],[116.1001,33.78284],[116.05575,33.80473],[116.05945,33.8609],[115.98246,33.91704],[116.00032,33.9652],[115.95782,34.00788],[115.85003,34.0049],[115.80938,34.06243],[115.73608,34.07681],[115.65847,34.06144],[115.60735,34.0302],[115.5476,33.87482],[115.63199,33.86985],[115.60181,33.71865],[115.60119,33.6589],[115.64,33.58514],[115.51126,33.55323],[115.42257,33.55722],[115.39485,33.50634],[115.34558,33.50284],[115.3154,33.43145],[115.36529,33.33601],[115.36159,33.2985],[115.30061,33.20441],[115.30369,33.14981],[115.19467,33.12074],[115.16819,33.08866],[115.0413,33.08665],[114.9908,33.1022],[114.96616,33.1473],[114.90272,33.12976],[114.92551,33.01693],[114.88301,32.99033],[114.94337,32.93509],[115.00927,32.94012],[115.0296,32.90696],[115.13924,32.89792],[115.19714,32.8562],[115.17927,32.7264],[115.20083,32.59188],[115.24333,32.59339],[115.30492,32.55304],[115.40902,32.54901],[115.49771,32.49249],[115.5088,32.46876],[115.50942,32.46674],[115.52297,32.442],[115.62645,32.40512],[115.66771,32.40967],[115.70467,32.49501],[115.78905,32.46876],[115.84572,32.50158],[115.89931,32.39097],[115.91286,32.2276],[115.94181,32.16632],[115.9221,32.04973],[115.92025,31.92029],[115.89499,31.8649],[115.9147,31.81457],[115.88637,31.77642],[115.73115,31.76726],[115.67634,31.77845],[115.55376,31.69549],[115.49525,31.67308],[115.48539,31.60889],[115.43982,31.5885],[115.41579,31.52577],[115.37145,31.49567],[115.38992,31.45024],[115.37391,31.40581],[115.37206,31.3491],[115.44351,31.3445],[115.47308,31.26524],[115.5396,31.23199],[115.54021,31.19462],[115.58579,31.14393],[115.65539,31.211],[115.70097,31.20128],[115.77858,31.11216],[115.86728,31.14751],[115.93873,31.04707],[116.05883,31.01271],[116.07177,30.95679],[115.9763,30.93164],[115.93257,30.88953],[115.86543,30.86436],[115.85126,30.75694],[115.78289,30.7518],[115.76257,30.68543],[115.81369,30.63704],[115.81923,30.59789],[115.87652,30.58244],[115.91039,30.51905],[115.89499,30.45252],[115.92148,30.4164],[115.88514,30.37975],[115.903,30.31364],[115.98554,30.29091],[115.99786,30.25266],[116.06561,30.20457],[116.0884,30.11039],[116.09148,30.03633],[116.07362,29.96999],[116.12844,29.8979],[116.13521,29.81953],[116.2276,29.81694],[116.28057,29.78889],[116.34278,29.83563],[116.46782,29.89635],[116.5522,29.90984],[116.58546,30.04566],[116.66677,30.07673],[116.74745,30.05705],[116.90021,29.94925],[116.88296,29.89375],[116.78072,29.79253],[116.76224,29.8024],[116.67354,29.70992],[116.68032,29.68132],[116.65198,29.63712],[116.71666,29.59081],[116.78072,29.56999],[116.84908,29.57624],[116.87372,29.60955],[116.99629,29.6834],[117.04187,29.6808],[117.11271,29.712],[117.13673,29.77539],[117.07329,29.83199],[117.12749,29.86158],[117.17184,29.92073],[117.24637,29.91502],[117.25314,29.83459],[117.29256,29.82265],[117.38249,29.84082],[117.45517,29.74941],[117.45394,29.68808],[117.52354,29.63036],[117.54325,29.58873],[117.60854,29.59133],[117.64796,29.61475],[117.69046,29.55594],[117.79517,29.57052],[117.87278,29.54761],[117.93375,29.54917],[118.00397,29.57832],[118.09513,29.53407],[118.14379,29.4898],[118.1364,29.41893],[118.19306,29.39547],[118.2485,29.43144],[118.31625,29.42258],[118.38154,29.50491],[118.49611,29.51949],[118.50042,29.57572],[118.57371,29.63816],[118.64701,29.64336],[118.74495,29.73902],[118.74063,29.81486],[118.84103,29.89116],[118.83857,29.93473],[118.89462,29.93785],[118.90263,30.02908],[118.85274,30.16681],[118.90509,30.21646],[118.88045,30.31519],[118.95437,30.36013],[119.06277,30.30486],[119.20136,30.29091],[119.36766,30.38491],[119.33502,30.44839],[119.32639,30.53296],[119.27219,30.51028],[119.23708,30.54688],[119.23893,30.60923],[119.32331,30.63034],[119.39045,30.68594],[119.44465,30.65042],[119.48284,30.70447],[119.47976,30.77237],[119.52719,30.77905],[119.55429,30.82583],[119.58016,30.96705],[119.63375,31.01938],[119.62389,31.1301],[119.59987,31.10909],[119.53273,31.15929],[119.46128,31.15622],[119.39168,31.17414],[119.36027,31.21305],[119.37444,31.25859],[119.26665,31.25041],[119.15824,31.29491],[119.10527,31.23506],[118.8706,31.24222],[118.79484,31.22943],[118.72092,31.32252],[118.76774,31.36392],[118.85212,31.39355],[118.88353,31.50026],[118.886,31.51914],[118.85889,31.62367],[118.80284,31.61908],[118.64332,31.64965],[118.69752,31.70975],[118.64147,31.75861],[118.52198,31.74334],[118.48194,31.77845],[118.50473,31.84152],[118.47208,31.87964],[118.36368,31.93044],[118.38955,31.98528],[118.39448,32.0761],[118.50103,32.12173],[118.51089,32.19418],[118.64393,32.20987],[118.67473,32.25038],[118.65748,32.30148],[118.70306,32.32879],[118.6852,32.4036],[118.69136,32.4723],[118.59219,32.48138],[118.63284,32.57826],[118.71908,32.61406],[118.84288,32.56767],[118.90817,32.59238],[118.92172,32.55708],[118.92234,32.55708],[118.92172,32.55708],[118.92234,32.55708],[118.97592,32.50511],[119.04121,32.5152],[119.08494,32.4526],[119.22045,32.57675],[119.21183,32.70828],[119.18473,32.82553],[119.11328,32.82301],[119.05476,32.8748],[119.02089,32.95569],[118.93404,32.93861],[118.84904,32.95669],[118.82132,32.92053],[118.81024,32.85369],[118.7431,32.85318],[118.73817,32.77271],[118.70737,32.72036],[118.6427,32.74453],[118.57248,32.71986],[118.48379,32.72137],[118.45053,32.74352],[118.37538,32.71885],[118.36306,32.7707],[118.30024,32.78328],[118.30147,32.84615],[118.25035,32.84816],[118.2331,32.9145],[118.29161,32.94614],[118.2448,32.99836],[118.21955,33.11423],[118.21709,33.19189],[118.03846,33.13478],[117.98857,33.18087],[117.97441,33.27949],[118.02922,33.375],[118.01691,33.40298],[118.05078,33.49186],[118.10745,33.47539],[118.11238,33.61704],[118.16781,33.66338],[118.16104,33.73558],[118.11792,33.76643],[118.01999,33.73856],[117.97256,33.74951],[117.90172,33.72015],[117.79147,33.73359],[117.73973,33.75847],[117.75944,33.87432],[117.7151,33.87929],[117.6726,33.93492],[117.67136,33.99249],[117.56912,33.98505],[117.51491,34.06094],[117.40405,34.03218],[117.35723,34.08821],[117.31165,34.06788],[117.19216,34.06887],[117.12379,34.12834],[117.02524,34.16747],[117.05111,34.22143],[116.96919,34.28375],[116.98336,34.34801],[116.96919,34.38901],[116.90945,34.40827],[116.82814,34.38901],[116.77394,34.45368],[116.66245,34.47293],[116.49061,34.57351],[116.47706,34.6149],[116.3742,34.64001],[116.28612,34.60899],[116.24793,34.55183],[116.1968,34.57598]]]}},{"type":"Feature","id":"cnprov:350000","properties":{"boundaryId":"cnprov:350000","nodeId":"geo:cn-fj","parentNodeId":"geo:cn","bounds":[115.85557,23.55038,120.46157,28.31205]},"geometry":{"type":"MultiPolygon","coordinates":[[[[117.19278,23.5619],[117.29133,23.57123],[117.30242,23.55038],[117.38742,23.55532],[117.46379,23.58494],[117.49336,23.64251],[117.50136,23.70445],[117.60176,23.70171],[117.66028,23.78936],[117.67198,23.87804],[117.76252,23.8868],[117.86477,24.00494],[117.91035,24.01205],[117.93622,24.10003],[118.00028,24.15246],[118.01937,24.19723],[118.11546,24.22944],[118.15857,24.26981],[118.08835,24.40886],[118.04893,24.41812],[118.08404,24.5287],[118.12162,24.57007],[118.16904,24.55973],[118.24296,24.51236],[118.37538,24.53632],[118.36368,24.56789],[118.44437,24.61469],[118.51274,24.60816],[118.55708,24.57279],[118.55832,24.51236],[118.61437,24.52162],[118.68027,24.58204],[118.70368,24.66528],[118.77882,24.74357],[118.78621,24.77672],[118.65071,24.80877],[118.64763,24.84354],[118.74864,24.84245],[118.86444,24.88752],[118.93342,24.87069],[118.91864,24.93257],[118.98947,24.97381],[119.02397,25.04377],[118.94513,25.02859],[118.89216,25.09256],[118.97469,25.11532],[118.9519,25.15162],[118.98516,25.19495],[118.90324,25.23935],[118.95621,25.27291],[118.99009,25.20199],[119.07447,25.2112],[119.02889,25.1397],[119.14654,25.05678],[119.16563,25.14566],[119.10835,25.19387],[119.13176,25.22311],[119.19027,25.176],[119.23154,25.18899],[119.26911,25.15975],[119.33194,25.23069],[119.3806,25.25017],[119.29929,25.32863],[119.24755,25.3335],[119.2186,25.36812],[119.14469,25.38812],[119.15147,25.4265],[119.23215,25.44218],[119.2882,25.41083],[119.35349,25.41191],[119.34364,25.47244],[119.45266,25.49351],[119.46313,25.44866],[119.54875,25.36595],[119.59741,25.33458],[119.64914,25.3427],[119.65654,25.39677],[119.68856,25.4411],[119.76433,25.43353],[119.86288,25.4746],[119.81668,25.53239],[119.88382,25.54643],[119.79019,25.61445],[119.78588,25.66786],[119.70027,25.61661],[119.71567,25.51187],[119.67501,25.47514],[119.63436,25.47514],[119.6165,25.55669],[119.54136,25.6247],[119.47853,25.63172],[119.47299,25.66247],[119.60295,25.68512],[119.62635,25.72341],[119.6282,25.87212],[119.69534,25.90442],[119.72367,26.0115],[119.66885,26.02602],[119.65469,26.09],[119.60418,26.16899],[119.66454,26.20228],[119.67625,26.26294],[119.7711,26.28548],[119.89367,26.35575],[119.83577,26.43402],[119.78835,26.58344],[119.7403,26.61073],[119.67009,26.61822],[119.61958,26.64925],[119.66454,26.72624],[119.71135,26.68668],[119.89922,26.6931],[119.94295,26.78449],[120.05258,26.78663],[119.99407,26.72036],[119.94911,26.62464],[119.85179,26.59521],[119.82838,26.52401],[119.86719,26.50902],[120.06367,26.62785],[120.1382,26.63801],[120.11048,26.69256],[120.16222,26.71769],[120.10679,26.75297],[120.10248,26.82669],[120.13019,26.91798],[120.23306,26.90784],[120.27555,27.02732],[120.28295,27.08967],[120.39197,27.08115],[120.46157,27.14241],[120.40429,27.20417],[120.43016,27.25898],[120.34392,27.3632],[120.34084,27.39987],[120.27309,27.38924],[120.22135,27.42006],[120.1345,27.42006],[120.05258,27.33875],[120.00824,27.37542],[119.93864,27.32971],[119.84317,27.30046],[119.73969,27.36267],[119.68549,27.43865],[119.70889,27.51404],[119.67501,27.57453],[119.63067,27.58249],[119.64422,27.66362],[119.60603,27.67475],[119.50132,27.64984],[119.50194,27.6106],[119.46683,27.52625],[119.41694,27.53952],[119.36027,27.52466],[119.3344,27.48007],[119.26911,27.42218],[119.14777,27.42484],[119.02089,27.49812],[118.9556,27.4498],[118.90755,27.46095],[118.86937,27.54005],[118.9094,27.56817],[118.91371,27.61962],[118.87984,27.66786],[118.87368,27.73356],[118.82933,27.84792],[118.81824,27.91669],[118.73016,27.97062],[118.71908,28.0636],[118.80223,28.11745],[118.77143,28.18869],[118.80223,28.24037],[118.75603,28.25249],[118.71969,28.31205],[118.67473,28.27147],[118.5885,28.28254],[118.44437,28.25355],[118.4339,28.28834],[118.3144,28.22191],[118.36122,28.15598],[118.35629,28.09159],[118.24234,28.07575],[118.19984,28.04987],[118.15364,28.06202],[118.09451,28.00391],[118.09698,27.97062],[117.99904,27.99123],[117.96517,27.96269],[117.85615,27.94577],[117.78716,27.89606],[117.78839,27.85586],[117.74035,27.80029],[117.70462,27.83416],[117.60977,27.86327],[117.55618,27.96639],[117.52169,27.98224],[117.47796,27.93097],[117.40774,27.89395],[117.28024,27.8712],[117.30303,27.8331],[117.29626,27.76428],[117.17492,27.6774],[117.11455,27.69224],[117.04064,27.66998],[117.00369,27.62545],[117.01662,27.56339],[117.10347,27.53315],[117.1047,27.33077],[117.17184,27.29036],[117.14966,27.24142],[117.04495,27.14667],[117.05296,27.10033],[116.85155,27.00919],[116.81767,27.01825],[116.67909,26.97826],[116.54851,26.84004],[116.55775,26.77381],[116.51525,26.7209],[116.52017,26.68454],[116.56637,26.65032],[116.53927,26.55935],[116.59717,26.51277],[116.61072,26.47688],[116.60148,26.37291],[116.49985,26.36165],[116.413,26.29782],[116.38528,26.23825],[116.39206,26.17113],[116.47644,26.17275],[116.48938,26.11365],[116.38467,26.03086],[116.30336,25.92434],[116.2584,25.90281],[116.17771,25.8942],[116.13213,25.86027],[116.13152,25.82419],[116.18079,25.77893],[116.12967,25.75899],[116.10688,25.7013],[116.04159,25.62416],[116.06315,25.56317],[116.00525,25.49026],[116.02311,25.43569],[115.99293,25.37406],[116.00833,25.31944],[115.94981,25.29239],[115.93072,25.2361],[115.85557,25.20957],[115.8605,25.1657],[115.92826,25.05028],[115.87344,25.01991],[115.92518,24.96079],[115.89253,24.93691],[115.98554,24.89946],[116.0151,24.90598],[116.06807,24.85005],[116.15307,24.8468],[116.19188,24.8772],[116.24423,24.79356],[116.34586,24.82887],[116.36372,24.87123],[116.41793,24.84082],[116.37543,24.80389],[116.41916,24.76748],[116.44626,24.71422],[116.48506,24.7202],[116.53003,24.6049],[116.66738,24.65875],[116.77764,24.67942],[116.81521,24.65494],[116.76101,24.58313],[116.75916,24.54557],[116.83307,24.49657],[116.83923,24.4421],[116.9039,24.36961],[116.9384,24.28127],[116.93347,24.22016],[116.99876,24.17922],[116.9347,24.12679],[116.93039,24.06451],[116.98151,23.99947],[116.98151,23.8556],[117.04803,23.75869],[117.05542,23.69404],[117.12379,23.64745],[117.19278,23.62936],[117.19278,23.5619]]],[[[118.41234,24.51454],[118.35321,24.4154],[118.47701,24.43774],[118.45176,24.50692],[118.41234,24.51454]]],[[[118.20415,24.50474],[118.14502,24.56081],[118.09328,24.54067],[118.06864,24.46334],[118.14317,24.42085],[118.19368,24.46334],[118.20415,24.50474]]]]}},{"type":"Feature","id":"cnprov:360000","properties":{"boundaryId":"cnprov:360000","nodeId":"geo:cn-jx","parentNodeId":"geo:cn","bounds":[113.58337,24.48622,118.48009,30.07673]},"geometry":{"type":"Polygon","coordinates":[[[118.19306,29.39547],[118.1364,29.41893],[118.14379,29.4898],[118.09513,29.53407],[118.00397,29.57832],[117.93375,29.54917],[117.87278,29.54761],[117.79517,29.57052],[117.69046,29.55594],[117.64796,29.61475],[117.60854,29.59133],[117.54325,29.58873],[117.52354,29.63036],[117.45394,29.68808],[117.45517,29.74941],[117.38249,29.84082],[117.29256,29.82265],[117.25314,29.83459],[117.24637,29.91502],[117.17184,29.92073],[117.12749,29.86158],[117.07329,29.83199],[117.13673,29.77539],[117.11271,29.712],[117.04187,29.6808],[116.99629,29.6834],[116.87372,29.60955],[116.84908,29.57624],[116.78072,29.56999],[116.71666,29.59081],[116.65198,29.63712],[116.68032,29.68132],[116.67354,29.70992],[116.76224,29.8024],[116.78072,29.79253],[116.88296,29.89375],[116.90021,29.94925],[116.74745,30.05705],[116.66677,30.07673],[116.58546,30.04566],[116.5522,29.90984],[116.46782,29.89635],[116.34278,29.83563],[116.28057,29.78889],[116.2276,29.81694],[116.13521,29.81953],[116.0496,29.76188],[115.96583,29.72447],[115.90978,29.72395],[115.8371,29.74837],[115.70652,29.8377],[115.66771,29.85016],[115.51188,29.8403],[115.47924,29.81122],[115.47061,29.73954],[115.35543,29.6496],[115.28583,29.61839],[115.25072,29.66],[115.14355,29.64596],[115.15402,29.51012],[115.0333,29.54657],[115.00065,29.57208],[114.86022,29.47626],[114.88855,29.43613],[114.81217,29.38348],[114.67297,29.39599],[114.5196,29.32558],[114.44015,29.34175],[114.3416,29.32767],[114.3071,29.36523],[114.25906,29.34384],[114.25228,29.23475],[114.06319,29.20498],[114.03486,29.1522],[113.95232,29.0926],[113.94185,29.0471],[113.97388,28.93769],[114.05642,28.8722],[114.07674,28.83446],[114.15373,28.82922],[114.15743,28.76157],[114.12232,28.6235],[114.08598,28.55834],[114.15435,28.50734],[114.21841,28.48472],[114.17221,28.43263],[114.25228,28.39579],[114.2529,28.31942],[114.19808,28.29097],[114.06873,28.17181],[113.99236,28.16126],[114.025,28.0805],[114.02562,28.03138],[113.97018,28.04142],[113.91413,27.99123],[113.86424,28.00497],[113.75214,27.93361],[113.72812,27.8749],[113.75645,27.86009],[113.76323,27.79923],[113.69917,27.74098],[113.65236,27.66362],[113.6074,27.62545],[113.58337,27.52466],[113.61664,27.34566],[113.69979,27.33184],[113.72812,27.35044],[113.87287,27.38499],[113.847,27.22226],[113.77924,27.13708],[113.82421,27.03638],[113.86301,27.01825],[113.92707,26.94892],[113.83591,26.80639],[113.85377,26.76953],[113.86055,26.66422],[113.9129,26.61394],[113.99667,26.61554],[114.01946,26.58718],[114.10877,26.56952],[114.07243,26.4801],[114.08536,26.40615],[114.03055,26.37666],[114.04779,26.33752],[114.02931,26.26616],[113.97881,26.23772],[113.94924,26.19262],[114.08844,26.16845],[114.18145,26.21463],[114.21656,26.20336],[114.2375,26.15233],[114.18884,26.12117],[114.0441,26.07656],[114.00837,26.01581],[114.02808,25.98138],[114.02808,25.89312],[113.97142,25.83604],[113.96156,25.77731],[113.91352,25.7013],[113.95725,25.61175],[113.98312,25.59934],[113.94493,25.44164],[114.05026,25.36433],[114.01761,25.27399],[114.08352,25.27561],[114.11555,25.30213],[114.2954,25.29996],[114.31511,25.33837],[114.38286,25.31727],[114.54116,25.41677],[114.59967,25.38596],[114.63663,25.32431],[114.71424,25.31565],[114.74319,25.27453],[114.73518,25.22581],[114.68591,25.17329],[114.7358,25.12182],[114.66496,25.10123],[114.64033,25.07413],[114.56149,25.07738],[114.50605,24.99984],[114.3958,24.95102],[114.40319,24.87775],[114.34221,24.80715],[114.33605,24.749],[114.27261,24.70062],[114.16913,24.68975],[114.19069,24.65658],[114.25844,24.64135],[114.30094,24.57878],[114.39149,24.56354],[114.40319,24.49766],[114.42906,24.48622],[114.53438,24.55918],[114.58982,24.53741],[114.66496,24.58367],[114.705,24.52597],[114.78138,24.61306],[114.86884,24.56245],[114.89348,24.58258],[114.90949,24.66147],[114.94029,24.65005],[115.05732,24.70334],[115.10474,24.668],[115.1842,24.7115],[115.25873,24.72889],[115.30677,24.75879],[115.35851,24.73542],[115.41271,24.79302],[115.47677,24.76259],[115.55561,24.68377],[115.56978,24.62231],[115.67141,24.6049],[115.68927,24.54503],[115.75271,24.54612],[115.84079,24.58422],[115.79768,24.62883],[115.75641,24.749],[115.79028,24.85603],[115.82416,24.90923],[115.88514,24.89892],[115.89253,24.93691],[115.92518,24.96079],[115.87344,25.01991],[115.92826,25.05028],[115.8605,25.1657],[115.85557,25.20957],[115.93072,25.2361],[115.94981,25.29239],[116.00833,25.31944],[115.99293,25.37406],[116.02311,25.43569],[116.00525,25.49026],[116.06315,25.56317],[116.04159,25.62416],[116.10688,25.7013],[116.12967,25.75899],[116.18079,25.77893],[116.13152,25.82419],[116.13213,25.86027],[116.17771,25.8942],[116.2584,25.90281],[116.30336,25.92434],[116.38467,26.03086],[116.48938,26.11365],[116.47644,26.17275],[116.39206,26.17113],[116.38528,26.23825],[116.413,26.29782],[116.49985,26.36165],[116.60148,26.37291],[116.61072,26.47688],[116.59717,26.51277],[116.53927,26.55935],[116.56637,26.65032],[116.52017,26.68454],[116.51525,26.7209],[116.55775,26.77381],[116.54851,26.84004],[116.67909,26.97826],[116.81767,27.01825],[116.85155,27.00919],[117.05296,27.10033],[117.04495,27.14667],[117.14966,27.24142],[117.17184,27.29036],[117.1047,27.33077],[117.10347,27.53315],[117.01662,27.56339],[117.00369,27.62545],[117.04064,27.66998],[117.11455,27.69224],[117.17492,27.6774],[117.29626,27.76428],[117.30303,27.8331],[117.28024,27.8712],[117.40774,27.89395],[117.47796,27.93097],[117.52169,27.98224],[117.55618,27.96639],[117.60977,27.86327],[117.70462,27.83416],[117.74035,27.80029],[117.78839,27.85586],[117.78716,27.89606],[117.85615,27.94577],[117.96517,27.96269],[117.99904,27.99123],[118.09698,27.97062],[118.09451,28.00391],[118.15364,28.06202],[118.19984,28.04987],[118.24234,28.07575],[118.35629,28.09159],[118.36122,28.15598],[118.3144,28.22191],[118.4339,28.28834],[118.48009,28.32733],[118.45545,28.3842],[118.47455,28.47893],[118.41234,28.55676],[118.42835,28.68127],[118.4031,28.70279],[118.3643,28.81349],[118.30024,28.82608],[118.27006,28.91884],[118.16535,28.98691],[118.09759,28.99895],[118.03785,29.10202],[118.04216,29.2102],[118.07357,29.21699],[118.07788,29.29061],[118.13886,29.28383],[118.20538,29.34384],[118.19306,29.39547]]]}},{"type":"Feature","id":"cnprov:370000","properties":{"boundaryId":"cnprov:370000","nodeId":"geo:cn-sd","parentNodeId":"geo:cn","bounds":[114.83558,34.4058,122.65062,38.30157]},"geometry":{"type":"Polygon","coordinates":[[[116.3742,34.64001],[116.40314,34.75613],[116.40807,34.85097],[116.44503,34.89565],[116.55775,34.9089],[116.67785,34.93933],[116.78133,34.91676],[116.85832,34.92853],[116.92238,34.89467],[116.92916,34.84311],[116.96919,34.77186],[117.02216,34.75908],[117.07021,34.71384],[117.06158,34.67595],[117.10408,34.64887],[117.15151,34.55922],[117.13919,34.52669],[117.16629,34.43444],[117.24821,34.45122],[117.26792,34.5326],[117.37079,34.58485],[117.46502,34.48477],[117.59252,34.46257],[117.65904,34.50104],[117.6843,34.54739],[117.80194,34.5188],[117.79394,34.65183],[117.90296,34.64444],[117.95162,34.67841],[118.05386,34.65084],[118.11484,34.6144],[118.07912,34.56957],[118.18506,34.54394],[118.1327,34.48329],[118.22017,34.4058],[118.29038,34.42456],[118.40495,34.42753],[118.43944,34.50795],[118.42466,34.59519],[118.461,34.65626],[118.546,34.70596],[118.69013,34.67841],[118.78375,34.72318],[118.71908,34.74531],[118.77205,34.79447],[118.80531,34.87307],[118.86074,34.94423],[118.86259,35.02563],[119.02705,35.05552],[119.11451,35.05503],[119.13792,35.09617],[119.28697,35.11526],[119.30607,35.07658],[119.37382,35.07854],[119.39784,35.13778],[119.41139,35.23169],[119.49331,35.31866],[119.59001,35.37284],[119.57954,35.4065],[119.61896,35.45966],[119.66331,35.56293],[119.71813,35.61549],[119.83023,35.62036],[119.86842,35.60868],[119.91215,35.66073],[119.95835,35.76034],[120.01378,35.71419],[120.04951,35.78656],[120.03226,35.81229],[120.06429,35.87341],[120.16961,35.88845],[120.31621,36.0023],[120.2349,36.03086],[120.10864,36.1276],[120.18132,36.20394],[120.26324,36.1822],[120.35809,36.17496],[120.28603,36.04732],[120.42954,36.05699],[120.46896,36.08795],[120.64327,36.11455],[120.69686,36.15563],[120.69686,36.20394],[120.65744,36.27634],[120.66298,36.3318],[120.74428,36.32795],[120.69439,36.39012],[120.75968,36.46283],[120.82867,36.46668],[120.87178,36.36699],[120.96541,36.4662],[120.98327,36.54605],[121.16128,36.65127],[121.25182,36.67144],[121.45446,36.75252],[121.48526,36.78607],[121.53207,36.73621],[121.65156,36.72374],[121.63185,36.80093],[121.72609,36.82632],[121.76798,36.87469],[122.00881,36.96225],[122.05192,36.90485],[122.17573,36.89432],[122.22069,36.84884],[122.3445,36.82824],[122.53236,36.9015],[122.55761,36.96847],[122.54468,37.0048],[122.47877,37.05878],[122.48431,37.12896],[122.62413,37.19096],[122.57362,37.29625],[122.65062,37.38855],[122.64138,37.42848],[122.55391,37.40709],[122.48739,37.43466],[122.41656,37.4147],[122.28105,37.43086],[122.25272,37.46792],[122.16649,37.43894],[122.132,37.49926],[122.15047,37.55716],[122.01743,37.53107],[121.99772,37.49451],[121.92381,37.47314],[121.7729,37.46649],[121.66573,37.47362],[121.63555,37.49404],[121.57149,37.44131],[121.47725,37.47599],[121.46001,37.52252],[121.35838,37.59748],[121.30479,37.58278],[121.17421,37.59748],[121.1428,37.66146],[121.13602,37.7235],[121.03747,37.71877],[120.94323,37.78549],[120.94077,37.81953],[120.7332,37.83371],[120.59092,37.7642],[120.45479,37.75758],[120.36795,37.69794],[120.22751,37.69367],[120.27248,37.63682],[120.21519,37.62118],[120.24661,37.55669],[120.14436,37.48169],[120.0649,37.44892],[119.94972,37.41993],[119.92693,37.38665],[119.84378,37.37666],[119.89244,37.26387],[119.83023,37.22575],[119.7403,37.13373],[119.67871,37.15806],[119.57646,37.12752],[119.48962,37.13468],[119.3615,37.12562],[119.30114,37.13945],[119.29868,37.19716],[119.2069,37.22337],[119.19089,37.25958],[119.05415,37.25482],[119.00118,37.31862],[118.93958,37.52727],[118.98886,37.62071],[119.02397,37.64204],[119.15331,37.65531],[119.23647,37.65199],[119.2802,37.69273],[119.30915,37.80535],[119.2919,37.86963],[119.24016,37.87813],[119.16132,37.81906],[119.12806,37.84789],[119.11081,37.92158],[119.00179,37.99613],[118.97408,38.09416],[118.90817,38.13936],[118.81147,38.15772],[118.70368,38.15113],[118.60759,38.12901],[118.59774,38.07909],[118.53429,38.06354],[118.50473,38.11394],[118.33103,38.12524],[118.21709,38.14689],[118.17767,38.18642],[118.11238,38.2104],[118.01875,38.20241],[117.8968,38.27949],[117.89557,38.30157],[117.80872,38.22827],[117.78901,38.18077],[117.70462,38.07626],[117.58698,38.07155],[117.52415,37.98953],[117.51307,37.94329],[117.43854,37.85404],[117.32028,37.8616],[117.27162,37.83986],[117.07452,37.84884],[117.02709,37.8323],[116.80474,37.84884],[116.72466,37.74433],[116.43394,37.47314],[116.38097,37.52252],[116.37974,37.52205],[116.38097,37.52252],[116.37974,37.52205],[116.33601,37.58136],[116.27872,37.5249],[116.29043,37.48407],[116.22637,37.42801],[116.2855,37.40424],[116.23622,37.36144],[116.16909,37.38427],[116.02434,37.36001],[115.97568,37.33718],[115.96952,37.23957],[115.90978,37.20669],[115.8796,37.1509],[115.88822,37.11225],[115.85619,37.06069],[115.77673,36.99285],[115.79706,36.96895],[115.75764,36.90245],[115.71206,36.88331],[115.68373,36.80812],[115.52482,36.76354],[115.47985,36.76019],[115.45152,36.70215],[115.3659,36.62198],[115.33141,36.55038],[115.2729,36.49748],[115.29753,36.41324],[115.34003,36.39831],[115.36652,36.30914],[115.46261,36.27634],[115.48355,36.14887],[115.44782,36.01247],[115.36282,35.9718],[115.36405,35.89426],[115.33511,35.79676],[115.36344,35.77976],[115.48786,35.88069],[115.51311,35.89039],[115.58395,35.92189],[115.64862,35.92286],[115.69913,35.96647],[115.77489,35.9747],[115.81739,36.01295],[115.98985,36.04538],[116.0576,36.10488],[116.09949,36.11213],[116.04898,35.97034],[115.91162,35.96017],[115.87344,35.91899],[115.88268,35.87972],[115.81677,35.84431],[115.77365,35.85401],[115.69605,35.78899],[115.69358,35.75403],[115.52851,35.73363],[115.48601,35.71031],[115.38315,35.56877],[115.34496,35.55368],[115.35605,35.49036],[115.30739,35.48013],[115.23717,35.42309],[115.09181,35.41626],[115.04315,35.37674],[114.95753,35.26101],[114.93228,35.19844],[114.86145,35.1823],[114.84174,35.15099],[114.88301,35.09862],[114.83558,35.07658],[114.88054,35.00357],[115.02898,34.9717],[115.12815,35.00455],[115.25627,34.84508],[115.31724,34.85932],[115.42688,34.80529],[115.43366,34.72515],[115.46137,34.63706],[115.51558,34.58238],[115.62275,34.5745],[115.68558,34.55627],[115.69728,34.59421],[115.83833,34.5676],[116.10133,34.60603],[116.13459,34.55971],[116.1968,34.57598],[116.24793,34.55183],[116.28612,34.60899],[116.3742,34.64001]]]}},{"type":"Feature","id":"cnprov:410000","properties":{"boundaryId":"cnprov:410000","nodeId":"geo:cn-ha","parentNodeId":"geo:cn","bounds":[110.36078,31.38385,116.64336,36.36314]},"geometry":{"type":"Polygon","coordinates":[[[112.71675,32.35761],[112.73584,32.3561],[112.86088,32.39602],[112.99207,32.37834],[113.02595,32.42533],[113.11896,32.37581],[113.21196,32.43189],[113.37642,32.29845],[113.42877,32.27062],[113.51193,32.31665],[113.62464,32.36115],[113.65051,32.4127],[113.73551,32.41068],[113.76754,32.37025],[113.76877,32.30148],[113.74906,32.27264],[113.75276,32.21595],[113.78232,32.18455],[113.72874,32.0832],[113.79156,32.03603],[113.75769,31.98985],[113.81743,31.96447],[113.83098,31.87913],[113.85439,31.84304],[113.91475,31.8771],[113.95787,31.8527],[113.95232,31.79371],[113.98866,31.74996],[114.0866,31.78201],[114.13402,31.84304],[114.23565,31.83338],[114.29294,31.7525],[114.35022,31.75556],[114.44384,31.72807],[114.58612,31.76217],[114.57134,31.66086],[114.54794,31.62367],[114.56087,31.56096],[114.64156,31.58238],[114.69638,31.52577],[114.77891,31.52067],[114.83004,31.45892],[114.96246,31.49465],[115.02282,31.52781],[115.09612,31.50843],[115.12507,31.5992],[115.16449,31.60481],[115.21253,31.55535],[115.2113,31.44207],[115.30123,31.38385],[115.37391,31.40581],[115.38992,31.45024],[115.37145,31.49567],[115.41579,31.52577],[115.43982,31.5885],[115.48539,31.60889],[115.49525,31.67308],[115.55376,31.69549],[115.67634,31.77845],[115.73115,31.76726],[115.88637,31.77642],[115.9147,31.81457],[115.89499,31.8649],[115.92025,31.92029],[115.9221,32.04973],[115.94181,32.16632],[115.91286,32.2276],[115.89931,32.39097],[115.84572,32.50158],[115.78905,32.46876],[115.70467,32.49501],[115.66771,32.40967],[115.62645,32.40512],[115.52297,32.442],[115.50942,32.46674],[115.5088,32.46876],[115.49771,32.49249],[115.40902,32.54901],[115.30492,32.55304],[115.24333,32.59339],[115.20083,32.59188],[115.17927,32.7264],[115.19714,32.8562],[115.13924,32.89792],[115.0296,32.90696],[115.00927,32.94012],[114.94337,32.93509],[114.88301,32.99033],[114.92551,33.01693],[114.90272,33.12976],[114.96616,33.1473],[114.9908,33.1022],[115.0413,33.08665],[115.16819,33.08866],[115.19467,33.12074],[115.30369,33.14981],[115.30061,33.20441],[115.36159,33.2985],[115.36529,33.33601],[115.3154,33.43145],[115.34558,33.50284],[115.39485,33.50634],[115.42257,33.55722],[115.51126,33.55323],[115.64,33.58514],[115.60119,33.6589],[115.60181,33.71865],[115.63199,33.86985],[115.5476,33.87482],[115.60735,34.0302],[115.65847,34.06144],[115.73608,34.07681],[115.80938,34.06243],[115.85003,34.0049],[115.95782,34.00788],[116.00032,33.9652],[115.98246,33.91704],[116.05945,33.8609],[116.05575,33.80473],[116.1001,33.78284],[116.15554,33.70969],[116.26333,33.7301],[116.31691,33.7714],[116.43702,33.80125],[116.43764,33.84649],[116.64336,33.89668],[116.64151,33.9781],[116.59963,34.01432],[116.52818,34.12289],[116.56575,34.16945],[116.51648,34.29611],[116.45673,34.26892],[116.37235,34.26595],[116.35756,34.31984],[116.30151,34.34208],[116.17894,34.43049],[116.16231,34.45961],[116.1968,34.57598],[116.13459,34.55971],[116.10133,34.60603],[115.83833,34.5676],[115.69728,34.59421],[115.68558,34.55627],[115.62275,34.5745],[115.51558,34.58238],[115.46137,34.63706],[115.43366,34.72515],[115.42688,34.80529],[115.31724,34.85932],[115.25627,34.84508],[115.12815,35.00455],[115.02898,34.9717],[114.88054,35.00357],[114.83558,35.07658],[114.88301,35.09862],[114.84174,35.15099],[114.86145,35.1823],[114.93228,35.19844],[114.95753,35.26101],[115.04315,35.37674],[115.09181,35.41626],[115.23717,35.42309],[115.30739,35.48013],[115.35605,35.49036],[115.34496,35.55368],[115.38315,35.56877],[115.48601,35.71031],[115.52851,35.73363],[115.69358,35.75403],[115.69605,35.78899],[115.77365,35.85401],[115.81677,35.84431],[115.88268,35.87972],[115.87344,35.91899],[115.91162,35.96017],[116.04898,35.97034],[116.09949,36.11213],[116.0576,36.10488],[115.98985,36.04538],[115.81739,36.01295],[115.77489,35.9747],[115.69913,35.96647],[115.64862,35.92286],[115.58395,35.92189],[115.51311,35.89039],[115.48786,35.88069],[115.36344,35.77976],[115.33511,35.79676],[115.36405,35.89426],[115.36282,35.9718],[115.44782,36.01247],[115.48355,36.14887],[115.37699,36.12808],[115.31293,36.08844],[115.2421,36.19138],[115.12507,36.20973],[115.10474,36.17206],[115.04869,36.16191],[115.04623,36.11261],[114.99819,36.06957],[114.91442,36.05216],[114.91257,36.14065],[114.77152,36.1247],[114.7204,36.14017],[114.58674,36.14113],[114.48018,36.17786],[114.40812,36.2247],[114.2104,36.27296],[114.08044,36.26959],[113.96279,36.35398],[113.91105,36.31493],[113.8821,36.35398],[113.81312,36.33229],[113.7312,36.36314],[113.71642,36.26235],[113.68192,36.21649],[113.71272,36.12953],[113.67145,36.11551],[113.69486,36.02699],[113.63758,35.87002],[113.66098,35.83704],[113.60493,35.79773],[113.57845,35.63349],[113.51377,35.57364],[113.49899,35.53225],[113.39182,35.50693],[113.30435,35.42699],[113.18979,35.44893],[113.12635,35.33233],[112.99638,35.3621],[112.99207,35.29619],[112.93602,35.28447],[112.88428,35.24391],[112.82207,35.25808],[112.7728,35.20773],[112.63729,35.22582],[112.51349,35.21849],[112.39092,35.23902],[112.28805,35.21996],[112.21722,35.2532],[112.05892,35.28007],[112.07863,35.21947],[112.03983,35.19404],[112.06632,35.15344],[112.062,35.05601],[111.93327,35.08344],[111.81008,35.06237],[111.80701,35.03298],[111.66411,34.98445],[111.64686,34.93884],[111.57048,34.84311],[111.43929,34.8382],[111.3894,34.81511],[111.34567,34.83182],[111.23295,34.78956],[111.14857,34.80774],[111.11839,34.75662],[111.03523,34.74089],[110.9761,34.70646],[110.92005,34.73007],[110.88371,34.64395],[110.82458,34.61588],[110.74944,34.65232],[110.71002,34.60504],[110.61085,34.60751],[110.53324,34.58337],[110.48828,34.61096],[110.42484,34.5883],[110.37926,34.60061],[110.36078,34.51682],[110.40328,34.43345],[110.4735,34.39346],[110.50368,34.33714],[110.45194,34.29265],[110.43962,34.2432],[110.64226,34.16103],[110.59176,34.10159],[110.67121,33.96619],[110.66567,33.93789],[110.58745,33.88773],[110.61208,33.85245],[110.71248,33.83356],[110.78208,33.79627],[110.83197,33.71368],[110.82397,33.68579],[110.87878,33.63449],[110.96686,33.60907],[111.00382,33.57866],[111.02661,33.47839],[111.02661,33.4679],[110.99643,33.43595],[111.02599,33.3305],[110.98473,33.25547],[111.04694,33.20291],[111.0457,33.16985],[111.08882,33.18187],[111.25882,33.00639],[111.2736,32.97175],[111.2428,32.93057],[111.29331,32.85922],[111.38016,32.82905],[111.41342,32.75711],[111.5132,32.67403],[111.53045,32.62817],[111.57788,32.59339],[111.71338,32.6065],[111.80885,32.5369],[111.89016,32.50309],[111.94867,32.51722],[112.01458,32.45008],[112.06385,32.47431],[112.0811,32.42583],[112.15563,32.37733],[112.20613,32.39299],[112.32809,32.32171],[112.39092,32.37126],[112.44881,32.34295],[112.47715,32.38086],[112.58925,32.38137],[112.71675,32.35761]]]}},{"type":"Feature","id":"cnprov:420000","properties":{"boundaryId":"cnprov:420000","nodeId":"geo:cn-hb","parentNodeId":"geo:cn","bounds":[108.3713,29.02931,116.13521,33.25547]},"geometry":{"type":"MultiPolygon","coordinates":[[[[111.0457,33.16985],[111.04694,33.20291],[110.98473,33.25547],[110.9219,33.20391],[110.82889,33.2014],[110.82458,33.15833],[110.75313,33.15031],[110.70263,33.09718],[110.65089,33.15732],[110.59422,33.16835],[110.57759,33.25046],[110.54125,33.25547],[110.47103,33.17135],[110.37248,33.18638],[110.33799,33.16033],[110.2185,33.16334],[110.16491,33.20942],[110.03125,33.19189],[109.85201,33.24796],[109.73252,33.23144],[109.6931,33.25447],[109.60687,33.23595],[109.51448,33.23795],[109.43872,33.15231],[109.52249,33.13879],[109.57607,33.11022],[109.68817,33.11673],[109.79473,33.0671],[109.76455,32.90947],[109.7898,32.88234],[109.90745,32.90395],[109.98875,32.88636],[110.10516,32.83257],[110.15937,32.76717],[110.1569,32.68309],[110.20618,32.63321],[110.15382,32.59339],[110.08422,32.58078],[110.0177,32.54699],[109.91053,32.59288],[109.81691,32.57725],[109.72698,32.60851],[109.63151,32.59994],[109.63705,32.54093],[109.57546,32.50662],[109.50278,32.38895],[109.49539,32.30047],[109.5502,32.22507],[109.60441,32.19924],[109.58716,32.16125],[109.62165,32.10652],[109.59086,32.01269],[109.63151,31.96244],[109.60379,31.88574],[109.63397,31.8044],[109.59209,31.78914],[109.58593,31.72655],[109.68325,31.71993],[109.73129,31.70058],[109.74546,31.59818],[109.72759,31.54821],[109.83785,31.55535],[109.89451,31.51914],[109.96966,31.50894],[110.05404,31.41092],[110.11872,31.4099],[110.16183,31.31434],[110.15567,31.27956],[110.18031,31.17977],[110.18031,31.1219],[110.11995,31.08859],[110.14027,31.03066],[110.15198,30.91161],[110.08238,30.79961],[110.01955,30.82943],[110.00846,30.88337],[109.94379,30.87875],[109.89451,30.8998],[109.78056,30.84844],[109.70172,30.78368],[109.62535,30.70292],[109.53542,30.66484],[109.36111,30.551],[109.29952,30.63034],[109.24531,30.58089],[109.14368,30.52111],[109.10365,30.56595],[109.09256,30.57883],[109.10611,30.61077],[109.04267,30.65557],[108.97184,30.62777],[108.89361,30.56543],[108.83879,30.50306],[108.74394,30.49481],[108.69898,30.54482],[108.6497,30.53915],[108.56778,30.46851],[108.51296,30.50152],[108.42673,30.49223],[108.40209,30.37665],[108.46061,30.35961],[108.54499,30.26972],[108.58195,30.25576],[108.56778,30.15749],[108.53206,30.05187],[108.53637,29.98347],[108.51604,29.88545],[108.43351,29.88026],[108.3713,29.84134],[108.42427,29.8159],[108.4372,29.7411],[108.50495,29.72863],[108.55608,29.81849],[108.60104,29.86366],[108.65894,29.85483],[108.6805,29.80032],[108.69097,29.68964],[108.75256,29.64908],[108.84434,29.65844],[108.88807,29.6288],[108.91332,29.57468],[108.87821,29.53928],[108.88437,29.44082],[108.92749,29.43561],[108.91948,29.3261],[108.98354,29.33288],[109.03466,29.36053],[109.06053,29.40329],[109.11227,29.36105],[109.10673,29.28853],[109.14184,29.27026],[109.11042,29.21647],[109.23238,29.11927],[109.27549,29.20237],[109.25763,29.22274],[109.35249,29.28487],[109.34386,29.3694],[109.41839,29.45333],[109.48861,29.55334],[109.51633,29.62619],[109.65183,29.62567],[109.70111,29.63608],[109.76024,29.68912],[109.77933,29.75773],[109.86988,29.77487],[110.02386,29.76967],[110.11379,29.78993],[110.1606,29.75357],[110.21973,29.74681],[110.33922,29.66832],[110.37248,29.63348],[110.56281,29.71252],[110.64288,29.77591],[110.60038,29.83978],[110.54987,29.84809],[110.53879,29.89583],[110.49875,29.91243],[110.51723,29.96118],[110.49752,30.0555],[110.601,30.05446],[110.65089,30.07777],[110.71248,30.03322],[110.75621,30.05446],[110.74697,30.11298],[110.85107,30.12644],[110.92436,30.11143],[110.92991,30.06327],[111.03154,30.04877],[111.24219,30.04048],[111.26683,30.01146],[111.43683,29.93007],[111.52737,29.92592],[111.55385,29.89427],[111.70538,29.89012],[111.75773,29.92021],[111.86121,29.85691],[111.96592,29.83251],[111.95483,29.79668],[112.07617,29.7437],[112.0657,29.68132],[112.17842,29.65688],[112.30345,29.58561],[112.28128,29.53668],[112.36874,29.54136],[112.43957,29.634],[112.572,29.62411],[112.69396,29.60174],[112.78881,29.68132],[112.79374,29.7359],[112.86149,29.78318],[112.89414,29.7837],[112.9237,29.76656],[112.92678,29.69224],[113.02595,29.77279],[113.00501,29.6938],[112.912,29.60694],[112.95019,29.47313],[113.05736,29.52262],[113.09986,29.45959],[113.14544,29.44916],[113.22243,29.54397],[113.37765,29.70316],[113.57167,29.84912],[113.55073,29.76812],[113.54703,29.6756],[113.60616,29.66676],[113.66345,29.68444],[113.73859,29.57936],[113.67761,29.51376],[113.75522,29.44656],[113.7312,29.39391],[113.67453,29.38817],[113.60986,29.25146],[113.69178,29.19662],[113.66283,29.16945],[113.69055,29.11457],[113.77555,29.09522],[113.8162,29.10515],[113.89812,29.02931],[113.94185,29.0471],[113.95232,29.0926],[114.03486,29.1522],[114.06319,29.20498],[114.25228,29.23475],[114.25906,29.34384],[114.3071,29.36523],[114.3416,29.32767],[114.44015,29.34175],[114.5196,29.32558],[114.67297,29.39599],[114.81217,29.38348],[114.88855,29.43613],[114.86022,29.47626],[115.00065,29.57208],[115.0333,29.54657],[115.15402,29.51012],[115.14355,29.64596],[115.25072,29.66],[115.28583,29.61839],[115.35543,29.6496],[115.47061,29.73954],[115.47924,29.81122],[115.51188,29.8403],[115.66771,29.85016],[115.70652,29.8377],[115.8371,29.74837],[115.90978,29.72395],[115.96583,29.72447],[116.0496,29.76188],[116.13521,29.81953],[116.12844,29.8979],[116.07362,29.96999],[116.09148,30.03633],[116.0884,30.11039],[116.06561,30.20457],[115.99786,30.25266],[115.98554,30.29091],[115.903,30.31364],[115.88514,30.37975],[115.92148,30.4164],[115.89499,30.45252],[115.91039,30.51905],[115.87652,30.58244],[115.81923,30.59789],[115.81369,30.63704],[115.76257,30.68543],[115.78289,30.7518],[115.85126,30.75694],[115.86543,30.86436],[115.93257,30.88953],[115.9763,30.93164],[116.07177,30.95679],[116.05883,31.01271],[115.93873,31.04707],[115.86728,31.14751],[115.77858,31.11216],[115.70097,31.20128],[115.65539,31.211],[115.58579,31.14393],[115.54021,31.19462],[115.5396,31.23199],[115.47308,31.26524],[115.44351,31.3445],[115.37206,31.3491],[115.37391,31.40581],[115.30123,31.38385],[115.2113,31.44207],[115.21253,31.55535],[115.16449,31.60481],[115.12507,31.5992],[115.09612,31.50843],[115.02282,31.52781],[114.96246,31.49465],[114.83004,31.45892],[114.77891,31.52067],[114.69638,31.52577],[114.64156,31.58238],[114.56087,31.56096],[114.54794,31.62367],[114.57134,31.66086],[114.58612,31.76217],[114.44384,31.72807],[114.35022,31.75556],[114.29294,31.7525],[114.23565,31.83338],[114.13402,31.84304],[114.0866,31.78201],[113.98866,31.74996],[113.95232,31.79371],[113.95787,31.8527],[113.91475,31.8771],[113.85439,31.84304],[113.83098,31.87913],[113.81743,31.96447],[113.75769,31.98985],[113.79156,32.03603],[113.72874,32.0832],[113.78232,32.18455],[113.75276,32.21595],[113.74906,32.27264],[113.76877,32.30148],[113.76754,32.37025],[113.73551,32.41068],[113.65051,32.4127],[113.62464,32.36115],[113.51193,32.31665],[113.42877,32.27062],[113.37642,32.29845],[113.21196,32.43189],[113.11896,32.37581],[113.02595,32.42533],[112.99207,32.37834],[112.86088,32.39602],[112.73584,32.3561],[112.71675,32.35761],[112.58925,32.38137],[112.47715,32.38086],[112.44881,32.34295],[112.39092,32.37126],[112.32809,32.32171],[112.20613,32.39299],[112.15563,32.37733],[112.0811,32.42583],[112.06385,32.47431],[112.01458,32.45008],[111.94867,32.51722],[111.89016,32.50309],[111.80885,32.5369],[111.71338,32.6065],[111.57788,32.59339],[111.53045,32.62817],[111.5132,32.67403],[111.41342,32.75711],[111.38016,32.82905],[111.29331,32.85922],[111.2428,32.93057],[111.2736,32.97175],[111.25882,33.00639],[111.08882,33.18187],[111.0457,33.16985]]],[[[109.10611,30.57059],[109.10118,30.57935],[109.09872,30.57935],[109.10611,30.57059]]]]}},{"type":"Feature","id":"cnprov:430000","properties":{"boundaryId":"cnprov:430000","nodeId":"geo:cn-hn","parentNodeId":"geo:cn","bounds":[108.79075,24.64461,114.2529,30.12644]},"geometry":{"type":"MultiPolygon","coordinates":[[[[112.02443,24.74031],[112.03367,24.77129],[112.12421,24.84136],[112.16733,24.85983],[112.17534,24.92769],[112.1199,24.9635],[112.15563,25.02642],[112.18704,25.18249],[112.24679,25.1852],[112.30284,25.15704],[112.36505,25.1917],[112.41494,25.14241],[112.45805,25.15216],[112.56276,25.12453],[112.66008,25.13266],[112.71244,25.08334],[112.7149,25.02588],[112.74323,24.9597],[112.77834,24.94776],[112.78081,24.89675],[112.87381,24.89675],[112.90461,24.92172],[112.99454,24.92714],[113.00993,24.9776],[112.97914,25.03401],[113.00439,25.08931],[112.97421,25.16841],[113.03457,25.1982],[112.99269,25.24747],[112.89783,25.23826],[112.86704,25.24963],[112.85472,25.33783],[112.93479,25.32593],[113.0783,25.38217],[113.11834,25.44542],[113.24892,25.51403],[113.31113,25.49026],[113.37334,25.40272],[113.44972,25.35946],[113.53595,25.36866],[113.61171,25.32755],[113.68008,25.33458],[113.75337,25.36271],[113.81497,25.32863],[113.87718,25.38055],[113.88703,25.43677],[113.94493,25.44164],[113.98312,25.59934],[113.95725,25.61175],[113.91352,25.7013],[113.96156,25.77731],[113.97142,25.83604],[114.02808,25.89312],[114.02808,25.98138],[114.00837,26.01581],[114.0441,26.07656],[114.18884,26.12117],[114.2375,26.15233],[114.21656,26.20336],[114.18145,26.21463],[114.08844,26.16845],[113.94924,26.19262],[113.97881,26.23772],[114.02931,26.26616],[114.04779,26.33752],[114.03055,26.37666],[114.08536,26.40615],[114.07243,26.4801],[114.10877,26.56952],[114.01946,26.58718],[113.99667,26.61554],[113.9129,26.61394],[113.86055,26.66422],[113.85377,26.76953],[113.83591,26.80639],[113.92707,26.94892],[113.86301,27.01825],[113.82421,27.03638],[113.77924,27.13708],[113.847,27.22226],[113.87287,27.38499],[113.72812,27.35044],[113.69979,27.33184],[113.61664,27.34566],[113.58337,27.52466],[113.6074,27.62545],[113.65236,27.66362],[113.69917,27.74098],[113.76323,27.79923],[113.75645,27.86009],[113.72812,27.8749],[113.75214,27.93361],[113.86424,28.00497],[113.91413,27.99123],[113.97018,28.04142],[114.02562,28.03138],[114.025,28.0805],[113.99236,28.16126],[114.06873,28.17181],[114.19808,28.29097],[114.2529,28.31942],[114.25228,28.39579],[114.17221,28.43263],[114.21841,28.48472],[114.15435,28.50734],[114.08598,28.55834],[114.12232,28.6235],[114.15743,28.76157],[114.15373,28.82922],[114.07674,28.83446],[114.05642,28.8722],[113.97388,28.93769],[113.94185,29.0471],[113.89812,29.02931],[113.8162,29.10515],[113.77555,29.09522],[113.69055,29.11457],[113.66283,29.16945],[113.69178,29.19662],[113.60986,29.25146],[113.67453,29.38817],[113.7312,29.39391],[113.75522,29.44656],[113.67761,29.51376],[113.73859,29.57936],[113.66345,29.68444],[113.60616,29.66676],[113.54703,29.6756],[113.55073,29.76812],[113.57167,29.84912],[113.37765,29.70316],[113.22243,29.54397],[113.14544,29.44916],[113.09986,29.45959],[113.05736,29.52262],[112.95019,29.47313],[112.912,29.60694],[113.00501,29.6938],[113.02595,29.77279],[112.92678,29.69224],[112.9237,29.76656],[112.89414,29.7837],[112.86149,29.78318],[112.79374,29.7359],[112.78881,29.68132],[112.69396,29.60174],[112.572,29.62411],[112.43957,29.634],[112.36874,29.54136],[112.28128,29.53668],[112.30345,29.58561],[112.17842,29.65688],[112.0657,29.68132],[112.07617,29.7437],[111.95483,29.79668],[111.96592,29.83251],[111.86121,29.85691],[111.75773,29.92021],[111.70538,29.89012],[111.55385,29.89427],[111.52737,29.92592],[111.43683,29.93007],[111.26683,30.01146],[111.24219,30.04048],[111.03154,30.04877],[110.92991,30.06327],[110.92436,30.11143],[110.85107,30.12644],[110.74697,30.11298],[110.75621,30.05446],[110.71248,30.03322],[110.65089,30.07777],[110.601,30.05446],[110.49752,30.0555],[110.51723,29.96118],[110.49875,29.91243],[110.53879,29.89583],[110.54987,29.84809],[110.60038,29.83978],[110.64288,29.77591],[110.56281,29.71252],[110.37248,29.63348],[110.33922,29.66832],[110.21973,29.74681],[110.1606,29.75357],[110.11379,29.78993],[110.02386,29.76967],[109.86988,29.77487],[109.77933,29.75773],[109.76024,29.68912],[109.70111,29.63608],[109.65183,29.62567],[109.51633,29.62619],[109.48861,29.55334],[109.41839,29.45333],[109.34386,29.3694],[109.35249,29.28487],[109.25763,29.22274],[109.27549,29.20237],[109.23238,29.11927],[109.24039,29.08633],[109.31984,29.04239],[109.26133,28.95236],[109.23546,28.88216],[109.241,28.77678],[109.2989,28.7474],[109.19296,28.6361],[109.20158,28.59775],[109.30691,28.62087],[109.31984,28.57989],[109.27365,28.53836],[109.27426,28.49471],[109.26441,28.39263],[109.28905,28.37367],[109.27549,28.3131],[109.36789,28.2546],[109.3143,28.10373],[109.37897,28.03455],[109.30198,27.95634],[109.32169,27.86803],[109.34694,27.8384],[109.33278,27.78282],[109.41408,27.72509],[109.47013,27.62863],[109.45104,27.5862],[109.30321,27.47582],[109.30013,27.42377],[109.24531,27.41793],[109.2022,27.45033],[109.14245,27.41846],[109.10365,27.33662],[109.05376,27.29355],[108.98354,27.26802],[108.90778,27.2047],[108.92687,27.16051],[108.87883,27.10619],[108.79075,27.08434],[108.8776,27.01612],[109.03281,27.10406],[109.1289,27.1227],[109.10118,27.06889],[109.16586,27.06676],[109.21698,27.11471],[109.26441,27.13176],[109.41531,27.15412],[109.45473,27.06942],[109.52002,27.05876],[109.55513,26.94679],[109.43625,26.89236],[109.45289,26.86193],[109.50955,26.87795],[109.49723,26.81547],[109.52249,26.74923],[109.52865,26.74388],[109.52187,26.74923],[109.48676,26.75991],[109.44796,26.75991],[109.35495,26.65887],[109.39068,26.59896],[109.40731,26.53312],[109.38144,26.51866],[109.38082,26.45438],[109.31984,26.41848],[109.28597,26.29568],[109.36973,26.27743],[109.44241,26.28977],[109.43933,26.23879],[109.50278,26.09645],[109.44981,26.10183],[109.48245,26.02979],[109.51325,25.99806],[109.58839,26.01957],[109.64937,26.01688],[109.73006,25.98999],[109.67955,25.92165],[109.68509,25.8802],[109.82614,25.91142],[109.78241,25.99698],[109.81444,26.04108],[109.86433,26.02764],[109.90437,26.13568],[109.97027,26.1953],[110.03002,26.1663],[110.09901,26.16899],[110.10085,26.13246],[110.06513,26.05022],[110.10085,26.02011],[110.16861,26.02871],[110.24991,26.01097],[110.2573,25.96147],[110.32567,25.97546],[110.3731,26.08893],[110.43777,26.15395],[110.49505,26.1663],[110.54679,26.23342],[110.55295,26.28334],[110.61208,26.33376],[110.7211,26.29407],[110.75929,26.24845],[110.83628,26.25597],[110.93976,26.28655],[110.94469,26.37345],[111.09067,26.30802],[111.20893,26.30426],[111.22802,26.26133],[111.27791,26.27207],[111.29331,26.22215],[111.2582,26.1518],[111.26621,26.09591],[111.18983,25.9534],[111.25143,25.86458],[111.34628,25.90658],[111.43313,25.84627],[111.44237,25.77192],[111.39987,25.74443],[111.30871,25.72017],[111.30994,25.6452],[111.3432,25.60257],[111.32842,25.52159],[111.27915,25.42326],[111.21078,25.36325],[111.18491,25.36703],[111.13871,25.30375],[111.1036,25.28535],[111.11284,25.21715],[110.99889,25.16137],[110.95147,25.04377],[110.96871,24.97543],[111.00936,24.92117],[111.10052,24.94559],[111.10175,25.0351],[111.20092,25.07467],[111.27483,25.15108],[111.32165,25.10502],[111.37523,25.12832],[111.43559,25.09364],[111.4165,25.04757],[111.46762,25.02208],[111.43313,24.97977],[111.47009,24.92877],[111.44914,24.85711],[111.47933,24.79737],[111.46146,24.72889],[111.43128,24.68757],[111.57048,24.64461],[111.58896,24.69084],[111.63762,24.7153],[111.70846,24.78867],[111.7836,24.78596],[111.87537,24.75661],[111.95114,24.76966],[112.02443,24.74031]]],[[[109.52865,26.74388],[109.52249,26.74923],[109.52187,26.74923],[109.52865,26.74388]]]]}},{"type":"Feature","id":"cnprov:440000","properties":{"boundaryId":"cnprov:440000","nodeId":"geo:cn-gd","parentNodeId":"geo:cn","bounds":[109.65553,20.21169,117.19278,25.51403]},"geometry":{"type":"MultiPolygon","coordinates":[[[[113.55874,22.21224],[113.59446,22.22886],[113.59569,22.30419],[113.66961,22.41654],[113.62464,22.44309],[113.69178,22.51498],[113.74044,22.53433],[113.71703,22.64539],[113.67823,22.72601],[113.73366,22.73649],[113.80326,22.59346],[113.85685,22.53986],[113.86979,22.45969],[113.89381,22.44254],[113.97634,22.51056],[114.03178,22.50392],[114.16605,22.5592],[114.23257,22.53986],[114.32189,22.58739],[114.38163,22.60175],[114.42721,22.58904],[114.47217,22.52217],[114.47649,22.45913],[114.50667,22.43867],[114.61138,22.48181],[114.61446,22.54538],[114.55902,22.58352],[114.60337,22.63876],[114.60152,22.73098],[114.6896,22.7674],[114.74996,22.76409],[114.72841,22.65147],[114.74627,22.58186],[114.86638,22.59181],[114.88547,22.53875],[114.92243,22.54925],[114.92797,22.62164],[115.03945,22.71386],[115.07641,22.78837],[115.23656,22.82533],[115.2304,22.77678],[115.33819,22.77678],[115.34927,22.71221],[115.3813,22.68405],[115.47184,22.69785],[115.56547,22.68405],[115.6092,22.75305],[115.57039,22.78671],[115.58395,22.82864],[115.65416,22.86559],[115.7601,22.83471],[115.78844,22.80989],[115.79644,22.73925],[115.82909,22.73484],[115.88329,22.78561],[115.96521,22.80051],[116.05637,22.84464],[116.10441,22.81651],[116.14137,22.83526],[116.2393,22.92128],[116.30275,22.95159],[116.38282,22.91907],[116.44996,22.93671],[116.50539,22.93065],[116.54419,22.99677],[116.56637,23.13442],[116.66553,23.15809],[116.74499,23.2153],[116.80658,23.201],[116.78256,23.31371],[116.87187,23.4159],[116.92854,23.53008],[117.01046,23.50264],[117.04495,23.53996],[117.08561,23.53666],[117.19278,23.5619],[117.19278,23.62936],[117.12379,23.64745],[117.05542,23.69404],[117.04803,23.75869],[116.98151,23.8556],[116.98151,23.99947],[116.93039,24.06451],[116.9347,24.12679],[116.99876,24.17922],[116.93347,24.22016],[116.9384,24.28127],[116.9039,24.36961],[116.83923,24.4421],[116.83307,24.49657],[116.75916,24.54557],[116.76101,24.58313],[116.81521,24.65494],[116.77764,24.67942],[116.66738,24.65875],[116.53003,24.6049],[116.48506,24.7202],[116.44626,24.71422],[116.41916,24.76748],[116.37543,24.80389],[116.41793,24.84082],[116.36372,24.87123],[116.34586,24.82887],[116.24423,24.79356],[116.19188,24.8772],[116.15307,24.8468],[116.06807,24.85005],[116.0151,24.90598],[115.98554,24.89946],[115.89253,24.93691],[115.88514,24.89892],[115.82416,24.90923],[115.79028,24.85603],[115.75641,24.749],[115.79768,24.62883],[115.84079,24.58422],[115.75271,24.54612],[115.68927,24.54503],[115.67141,24.6049],[115.56978,24.62231],[115.55561,24.68377],[115.47677,24.76259],[115.41271,24.79302],[115.35851,24.73542],[115.30677,24.75879],[115.25873,24.72889],[115.1842,24.7115],[115.10474,24.668],[115.05732,24.70334],[114.94029,24.65005],[114.90949,24.66147],[114.89348,24.58258],[114.86884,24.56245],[114.78138,24.61306],[114.705,24.52597],[114.66496,24.58367],[114.58982,24.53741],[114.53438,24.55918],[114.42906,24.48622],[114.40319,24.49766],[114.39149,24.56354],[114.30094,24.57878],[114.25844,24.64135],[114.19069,24.65658],[114.16913,24.68975],[114.27261,24.70062],[114.33605,24.749],[114.34221,24.80715],[114.40319,24.87775],[114.3958,24.95102],[114.50605,24.99984],[114.56149,25.07738],[114.64033,25.07413],[114.66496,25.10123],[114.7358,25.12182],[114.68591,25.17329],[114.73518,25.22581],[114.74319,25.27453],[114.71424,25.31565],[114.63663,25.32431],[114.59967,25.38596],[114.54116,25.41677],[114.38286,25.31727],[114.31511,25.33837],[114.2954,25.29996],[114.11555,25.30213],[114.08352,25.27561],[114.01761,25.27399],[114.05026,25.36433],[113.94493,25.44164],[113.88703,25.43677],[113.87718,25.38055],[113.81497,25.32863],[113.75337,25.36271],[113.68008,25.33458],[113.61171,25.32755],[113.53595,25.36866],[113.44972,25.35946],[113.37334,25.40272],[113.31113,25.49026],[113.24892,25.51403],[113.11834,25.44542],[113.0783,25.38217],[112.93479,25.32593],[112.85472,25.33783],[112.86704,25.24963],[112.89783,25.23826],[112.99269,25.24747],[113.03457,25.1982],[112.97421,25.16841],[113.00439,25.08931],[112.97914,25.03401],[113.00993,24.9776],[112.99454,24.92714],[112.90461,24.92172],[112.87381,24.89675],[112.78081,24.89675],[112.77834,24.94776],[112.74323,24.9597],[112.7149,25.02588],[112.71244,25.08334],[112.66008,25.13266],[112.56276,25.12453],[112.45805,25.15216],[112.41494,25.14241],[112.36505,25.1917],[112.30284,25.15704],[112.24679,25.1852],[112.18704,25.18249],[112.15563,25.02642],[112.1199,24.9635],[112.17534,24.92769],[112.16733,24.85983],[112.12421,24.84136],[112.03367,24.77129],[112.02443,24.74031],[111.96161,24.72128],[111.93697,24.59565],[112.00719,24.53468],[111.98501,24.4677],[112.05769,24.38706],[112.05954,24.33963],[112.02628,24.29491],[111.95853,24.26381],[111.91295,24.2218],[111.87722,24.22725],[111.87845,24.10986],[111.94066,23.98799],[111.91171,23.94369],[111.85443,23.94752],[111.81255,23.88734],[111.8107,23.80688],[111.65487,23.83316],[111.62777,23.78881],[111.61483,23.65896],[111.48733,23.62662],[111.47994,23.53282],[111.42882,23.46641],[111.39987,23.46916],[111.35306,23.28458],[111.38878,23.21035],[111.36599,23.14488],[111.3777,23.08213],[111.43375,23.03643],[111.36291,22.96757],[111.3586,22.8893],[111.21817,22.74809],[111.11839,22.74477],[111.05556,22.64871],[110.89788,22.59181],[110.74944,22.55699],[110.76299,22.5183],[110.71248,22.44088],[110.72542,22.29588],[110.64658,22.22055],[110.6786,22.1729],[110.62933,22.14907],[110.55788,22.19618],[110.50553,22.14297],[110.41437,22.20837],[110.35154,22.09751],[110.35955,22.01597],[110.39158,21.89386],[110.22404,21.8822],[110.12857,21.90274],[110.05096,21.85721],[109.99984,21.88164],[109.94502,21.84443],[109.94009,21.76942],[109.91607,21.66879],[109.8397,21.63653],[109.74299,21.6165],[109.78857,21.4907],[109.78549,21.45673],[109.90437,21.42999],[109.86864,21.36591],[109.75778,21.34696],[109.76393,21.22651],[109.67462,21.13667],[109.65553,20.92944],[109.66477,20.86234],[109.73006,20.71967],[109.74484,20.62112],[109.7935,20.61552],[109.8397,20.48944],[109.88835,20.47542],[109.89575,20.42776],[109.86125,20.37672],[109.91607,20.31668],[109.9093,20.23696],[109.92901,20.21169],[109.99368,20.25437],[110.08238,20.25886],[110.1181,20.21955],[110.16861,20.21955],[110.22035,20.25156],[110.34908,20.25886],[110.38419,20.2931],[110.45255,20.31106],[110.49136,20.37391],[110.54125,20.42047],[110.55049,20.47262],[110.49998,20.57239],[110.46611,20.68049],[110.39219,20.68272],[110.40759,20.73199],[110.39342,20.81648],[110.32752,20.8478],[110.269,20.83997],[110.20987,20.86011],[110.18401,20.89198],[110.18093,20.98197],[110.20864,21.05068],[110.24991,21.0451],[110.29672,21.09368],[110.39096,21.12495],[110.42237,21.19081],[110.50121,21.21759],[110.53447,21.2042],[110.62625,21.21592],[110.7131,21.3124],[110.79625,21.37483],[110.92929,21.37595],[111.03462,21.43891],[111.17136,21.4584],[111.28284,21.48569],[111.28592,21.41885],[111.38262,21.49571],[111.44422,21.51409],[111.56063,21.50518],[111.6099,21.53023],[111.67766,21.52968],[111.69367,21.59035],[111.79469,21.61149],[111.83226,21.57866],[111.88769,21.57866],[111.97269,21.60314],[112.0269,21.63374],[111.95421,21.66767],[111.95606,21.71049],[112.03613,21.76164],[112.13653,21.79387],[112.19258,21.78943],[112.19689,21.73662],[112.23878,21.70215],[112.35334,21.70716],[112.41555,21.73496],[112.44573,21.80332],[112.53566,21.75386],[112.64715,21.7583],[112.68595,21.81054],[112.79251,21.92107],[112.84117,21.92051],[112.89352,21.84443],[112.92986,21.83888],[112.98961,21.86942],[113.04751,21.9566],[113.05367,22.01209],[113.09185,22.06534],[113.1516,21.97991],[113.23537,21.88775],[113.26678,21.87165],[113.31975,21.90941],[113.33022,21.96159],[113.44232,22.00932],[113.45957,22.04371],[113.52794,22.07366],[113.55443,22.10749],[113.53472,22.17401],[113.55874,22.21224]]],[[[117.02463,23.43787],[116.98274,23.46092],[116.95195,23.41974],[117.14289,23.40052],[117.14289,23.45983],[117.0585,23.47355],[117.02463,23.43787]]],[[[112.85349,21.74052],[112.84055,21.77664],[112.72414,21.71995],[112.70566,21.67935],[112.78019,21.67157],[112.73091,21.61372],[112.77526,21.56419],[112.82146,21.65599],[112.80483,21.68658],[112.85349,21.74052]]],[[[112.53073,21.58367],[112.57139,21.61984],[112.62128,21.60648],[112.66562,21.64264],[112.66378,21.71439],[112.59233,21.69326],[112.53505,21.62874],[112.53073,21.58367]]],[[[110.43346,21.17128],[110.50861,21.14058],[110.54495,21.08363],[110.58252,21.0948],[110.63241,21.21089],[110.52524,21.19025],[110.49937,21.21313],[110.43346,21.17128]]],[[[110.51784,21.07917],[110.45995,21.06297],[110.39835,21.09648],[110.30596,21.0881],[110.27578,21.03337],[110.21111,20.987],[110.20125,20.93838],[110.30966,20.96353],[110.34785,20.98476],[110.47288,20.98309],[110.51168,20.91658],[110.53571,20.92273],[110.56034,21.0613],[110.51784,21.07917]]],[[[116.76963,20.77172],[116.87249,20.73814],[116.88974,20.68328],[116.84908,20.62841],[116.90514,20.61944],[116.93408,20.67657],[116.92546,20.72695],[116.88604,20.77564],[116.76963,20.77172]]],[[[110.64473,20.93558],[110.58437,20.949],[110.54864,20.90875],[110.56281,20.86122],[110.61147,20.86011],[110.64473,20.93558]]],[[[115.94304,21.09759],[115.98923,21.0356],[116.06746,21.04063],[116.04405,21.11043],[115.96521,21.12383],[115.94304,21.09759]]],[[[115.92641,20.98141],[115.97014,20.91937],[116.00094,20.94844],[115.95412,20.99985],[115.92641,20.98141]]]]}},{"type":"Feature","id":"cnprov:450000","properties":{"boundaryId":"cnprov:450000","nodeId":"geo:cn-gx","parentNodeId":"geo:cn","bounds":[104.48965,21.38876,112.05954,26.37345]},"geometry":{"type":"Polygon","coordinates":[[[109.48245,26.02979],[109.40854,25.96739],[109.43502,25.93349],[109.39683,25.90012],[109.29644,25.71424],[109.20713,25.74012],[109.148,25.74174],[109.14368,25.79509],[109.09502,25.80533],[108.99955,25.76545],[109.00756,25.73473],[109.07901,25.72071],[109.03097,25.62956],[109.05191,25.56695],[109.02481,25.51241],[108.94905,25.55723],[108.82647,25.55021],[108.78398,25.62848],[108.68912,25.62308],[108.68604,25.58746],[108.6072,25.49189],[108.60043,25.43245],[108.62999,25.33567],[108.47169,25.45893],[108.41872,25.44326],[108.40024,25.49134],[108.34851,25.53617],[108.30847,25.52591],[108.28075,25.48],[108.16249,25.44488],[108.14278,25.39083],[108.15202,25.32431],[108.11507,25.21011],[108.08057,25.19387],[108.00173,25.19657],[107.83912,25.11586],[107.78923,25.15487],[107.74181,25.24043],[107.69623,25.21986],[107.63217,25.31024],[107.51268,25.20903],[107.47202,25.2139],[107.48989,25.27669],[107.4326,25.28914],[107.4092,25.34702],[107.4209,25.39299],[107.37594,25.41191],[107.31804,25.40164],[107.33652,25.46109],[107.26384,25.54319],[107.18561,25.57883],[107.06427,25.55939],[107.06674,25.50917],[107.01561,25.49567],[106.96387,25.43785],[106.9879,25.35892],[107.01253,25.35297],[107.01377,25.27561],[106.97558,25.23285],[106.93308,25.25071],[106.88811,25.18195],[106.85301,25.18683],[106.73228,25.16245],[106.69101,25.17925],[106.59062,25.08768],[106.44217,25.01937],[106.30482,24.97381],[106.21551,24.98194],[106.19149,24.95319],[106.20627,24.85114],[106.17301,24.76042],[106.11388,24.71422],[106.04736,24.68431],[106.02457,24.63319],[105.96174,24.67779],[105.94203,24.72509],[105.86381,24.72944],[105.82747,24.7028],[105.7671,24.71911],[105.70551,24.76857],[105.49732,24.80932],[105.42834,24.93094],[105.36551,24.94342],[105.26758,24.92931],[105.21276,24.99551],[105.09573,24.92877],[105.07787,24.91846],[105.03906,24.87286],[105.03352,24.78759],[104.89925,24.75281],[104.84196,24.67616],[104.70338,24.6457],[104.62885,24.66093],[104.59559,24.70932],[104.52968,24.73161],[104.48965,24.65331],[104.52044,24.53523],[104.55001,24.51889],[104.57588,24.42466],[104.61653,24.42194],[104.64178,24.36798],[104.72124,24.34017],[104.70338,24.41976],[104.83642,24.44646],[104.97993,24.41267],[105.04276,24.4421],[105.10682,24.41485],[105.19674,24.32654],[105.16472,24.28836],[105.21522,24.2147],[105.18258,24.16721],[105.20044,24.10549],[105.3341,24.09457],[105.40616,24.04375],[105.49301,24.01697],[105.53366,24.13007],[105.62852,24.12679],[105.64946,24.03282],[105.70428,24.0667],[105.76526,24.0738],[105.84163,24.03063],[105.89214,24.04047],[105.91924,24.12243],[106.04982,24.08965],[106.05352,24.0514],[106.12804,23.95682],[106.1921,23.82495],[106.13667,23.79538],[106.15761,23.72418],[106.12065,23.60523],[106.1416,23.56958],[105.99993,23.44775],[105.98638,23.48947],[105.89214,23.52514],[105.81576,23.50703],[105.80591,23.46751],[105.75848,23.45983],[105.69997,23.40162],[105.69997,23.32745],[105.64946,23.34614],[105.59341,23.31261],[105.52627,23.23455],[105.5429,23.1845],[105.55892,23.17789],[105.57493,23.06617],[105.64884,23.07883],[105.7246,23.06231],[105.74185,23.03092],[105.83917,22.9874],[105.89399,22.93671],[105.99439,22.93781],[106.01964,22.99071],[106.08616,22.99622],[106.20689,22.97859],[106.27033,22.90749],[106.28696,22.86725],[106.36641,22.85787],[106.50438,22.91025],[106.60601,22.92568],[106.63127,22.88103],[106.675,22.89151],[106.82098,22.7685],[106.76862,22.73925],[106.71196,22.57523],[106.65036,22.57523],[106.61402,22.6023],[106.56043,22.45581],[106.58877,22.37449],[106.6633,22.33076],[106.7021,22.20726],[106.69163,22.13521],[106.71565,22.08975],[106.70641,22.02152],[106.9263,21.9677],[106.93554,21.93384],[106.9996,21.94771],[107.05996,21.91496],[107.01869,21.85943],[107.01808,21.81943],[107.09384,21.80332],[107.24228,21.70327],[107.31065,21.73384],[107.35684,21.66767],[107.36362,21.60203],[107.47757,21.65989],[107.50097,21.61372],[107.54717,21.58645],[107.71286,21.6165],[107.80771,21.65544],[107.86376,21.65099],[107.89394,21.59647],[107.92905,21.58589],[107.958,21.53413],[108.03438,21.54582],[108.10829,21.50852],[108.20561,21.59758],[108.24996,21.56141],[108.23025,21.49126],[108.33003,21.54025],[108.39778,21.53302],[108.49264,21.55473],[108.5918,21.67713],[108.62629,21.67991],[108.73593,21.62818],[108.83325,21.61093],[108.88129,21.62707],[108.93796,21.58979],[109.09379,21.57922],[109.13876,21.56753],[109.14245,21.51186],[109.0747,21.48959],[109.03959,21.45784],[109.13876,21.38876],[109.18618,21.39099],[109.24593,21.42554],[109.41716,21.43891],[109.54096,21.4662],[109.60441,21.52355],[109.70419,21.46286],[109.78549,21.45673],[109.78857,21.4907],[109.74299,21.6165],[109.8397,21.63653],[109.91607,21.66879],[109.94009,21.76942],[109.94502,21.84443],[109.99984,21.88164],[110.05096,21.85721],[110.12857,21.90274],[110.22404,21.8822],[110.39158,21.89386],[110.35955,22.01597],[110.35154,22.09751],[110.41437,22.20837],[110.50553,22.14297],[110.55788,22.19618],[110.62933,22.14907],[110.6786,22.1729],[110.64658,22.22055],[110.72542,22.29588],[110.71248,22.44088],[110.76299,22.5183],[110.74944,22.55699],[110.89788,22.59181],[111.05556,22.64871],[111.11839,22.74477],[111.21817,22.74809],[111.3586,22.8893],[111.36291,22.96757],[111.43375,23.03643],[111.3777,23.08213],[111.36599,23.14488],[111.38878,23.21035],[111.35306,23.28458],[111.39987,23.46916],[111.42882,23.46641],[111.47994,23.53282],[111.48733,23.62662],[111.61483,23.65896],[111.62777,23.78881],[111.65487,23.83316],[111.8107,23.80688],[111.81255,23.88734],[111.85443,23.94752],[111.91171,23.94369],[111.94066,23.98799],[111.87845,24.10986],[111.87722,24.22725],[111.91295,24.2218],[111.95853,24.26381],[112.02628,24.29491],[112.05954,24.33963],[112.05769,24.38706],[111.98501,24.4677],[112.00719,24.53468],[111.93697,24.59565],[111.96161,24.72128],[112.02443,24.74031],[111.95114,24.76966],[111.87537,24.75661],[111.7836,24.78596],[111.70846,24.78867],[111.63762,24.7153],[111.58896,24.69084],[111.57048,24.64461],[111.43128,24.68757],[111.46146,24.72889],[111.47933,24.79737],[111.44914,24.85711],[111.47009,24.92877],[111.43313,24.97977],[111.46762,25.02208],[111.4165,25.04757],[111.43559,25.09364],[111.37523,25.12832],[111.32165,25.10502],[111.27483,25.15108],[111.20092,25.07467],[111.10175,25.0351],[111.10052,24.94559],[111.00936,24.92117],[110.96871,24.97543],[110.95147,25.04377],[110.99889,25.16137],[111.11284,25.21715],[111.1036,25.28535],[111.13871,25.30375],[111.18491,25.36703],[111.21078,25.36325],[111.27915,25.42326],[111.32842,25.52159],[111.3432,25.60257],[111.30994,25.6452],[111.30871,25.72017],[111.39987,25.74443],[111.44237,25.77192],[111.43313,25.84627],[111.34628,25.90658],[111.25143,25.86458],[111.18983,25.9534],[111.26621,26.09591],[111.2582,26.1518],[111.29331,26.22215],[111.27791,26.27207],[111.22802,26.26133],[111.20893,26.30426],[111.09067,26.30802],[110.94469,26.37345],[110.93976,26.28655],[110.83628,26.25597],[110.75929,26.24845],[110.7211,26.29407],[110.61208,26.33376],[110.55295,26.28334],[110.54679,26.23342],[110.49505,26.1663],[110.43777,26.15395],[110.3731,26.08893],[110.32567,25.97546],[110.2573,25.96147],[110.24991,26.01097],[110.16861,26.02871],[110.10085,26.02011],[110.06513,26.05022],[110.10085,26.13246],[110.09901,26.16899],[110.03002,26.1663],[109.97027,26.1953],[109.90437,26.13568],[109.86433,26.02764],[109.81444,26.04108],[109.78241,25.99698],[109.82614,25.91142],[109.68509,25.8802],[109.67955,25.92165],[109.73006,25.98999],[109.64937,26.01688],[109.58839,26.01957],[109.51325,25.99806],[109.48245,26.02979]]]}},{"type":"Feature","id":"cnprov:460000","properties":{"boundaryId":"cnprov:460000","nodeId":"geo:cn-hi","parentNodeId":"geo:cn","bounds":[108.59119,3.83015,117.83582,20.14878]},"geometry":{"type":"MultiPolygon","coordinates":[[[[110.1064,20.02681],[109.99738,19.98014],[109.96535,19.99363],[109.76147,19.98126],[109.7122,20.01725],[109.58531,19.98801],[109.5268,19.94357],[109.49846,19.87324],[109.30075,19.91769],[109.25948,19.89856],[109.15908,19.79048],[109.16955,19.73641],[109.09379,19.68965],[109.04883,19.61976],[108.99339,19.58707],[108.85542,19.46918],[108.80615,19.45056],[108.7655,19.40089],[108.69405,19.38735],[108.64477,19.34952],[108.60905,19.27666],[108.59119,19.14159],[108.59858,19.05563],[108.63061,19.00302],[108.638,18.92435],[108.5955,18.87226],[108.59303,18.80939],[108.65278,18.74026],[108.66387,18.67337],[108.64108,18.56561],[108.64477,18.48674],[108.68912,18.44757],[108.77658,18.44189],[108.88129,18.41634],[108.94474,18.31411],[109.10858,18.32377],[109.13876,18.26808],[109.28781,18.26467],[109.35557,18.21522],[109.44118,18.1993],[109.46705,18.17372],[109.52741,18.16917],[109.5847,18.14358],[109.66169,18.17542],[109.74977,18.19362],[109.78549,18.33967],[109.91977,18.37546],[110.02263,18.36012],[110.09038,18.39931],[110.11687,18.5066],[110.24622,18.60986],[110.32937,18.64219],[110.36756,18.63198],[110.49937,18.65182],[110.49937,18.75159],[110.57821,18.78446],[110.5856,18.88075],[110.61947,19.15233],[110.67676,19.28626],[110.72973,19.37888],[110.78701,19.39976],[110.84429,19.45],[110.92067,19.55267],[111.07157,19.62878],[111.04386,19.76345],[110.96625,20.01838],[110.87139,20.01163],[110.74451,20.07404],[110.71741,20.14878],[110.56219,20.11001],[110.52647,20.07516],[110.38727,20.11338],[110.31828,20.10888],[110.28933,20.05605],[110.24314,20.07741],[110.14459,20.0746],[110.1064,20.02681]]],[[[112.2086,3.87613],[112.24186,3.84568],[112.28005,3.86777],[112.26034,3.91793],[112.2086,3.87613]]],[[[111.99733,3.84807],[112.06447,3.83015],[112.07371,3.86598],[112.03367,3.89225],[111.99733,3.84807]]],[[[113.89689,7.6072],[113.91968,7.56687],[113.98743,7.53601],[114.05888,7.53779],[114.15743,7.56153],[114.28986,7.61729],[114.3687,7.63864],[114.4075,7.68313],[114.41982,7.76556],[114.46417,7.81477],[114.54054,7.8622],[114.54054,7.94578],[114.47279,7.9689],[114.41489,7.9529],[114.2683,7.8705],[114.21163,7.7869],[114.09522,7.72108],[114.02931,7.67008],[113.92152,7.63924],[113.89689,7.6072]]],[[[111.97454,16.32372],[112.00226,16.30648],[112.07617,16.32372],[112.04722,16.36047],[111.97454,16.32372]]],[[[115.83771,9.70978],[115.90115,9.67084],[115.92579,9.78173],[115.87097,9.77878],[115.83771,9.70978]]],[[[114.61754,9.96569],[114.67236,9.92796],[114.68591,9.97925],[114.61754,9.96569]]],[[[109.46397,7.34434],[109.51325,7.32],[109.57176,7.37342],[109.6543,7.47965],[109.70912,7.5111],[109.79165,7.52474],[109.93886,7.50457],[109.90498,7.55144],[109.81629,7.5728],[109.72205,7.57576],[109.65307,7.55975],[109.53604,7.44879],[109.46397,7.34434]]],[[[112.47653,16.00125],[112.57015,16.01103],[112.58802,16.07084],[112.46236,16.04381],[112.47653,16.00125]]],[[[114.4691,10.83626],[114.56518,10.83626],[114.55471,10.90091],[114.4691,10.83626]]],[[[116.48876,10.39569],[116.46166,10.34918],[116.4672,10.30914],[116.56637,10.30443],[116.64459,10.33505],[116.63782,10.36508],[116.51463,10.34918],[116.48876,10.39569]]],[[[115.50018,9.8979],[115.54822,9.86901],[115.58148,9.91735],[115.51804,9.93386],[115.50018,9.8979]]],[[[114.5079,8.12],[114.53007,8.10342],[114.59598,8.1206],[114.59598,8.15792],[114.5079,8.12]]],[[[115.16757,8.38652],[115.18112,8.34567],[115.28521,8.31488],[115.29938,8.37054],[115.20268,8.3954],[115.16757,8.38652]]],[[[113.89504,8.00505],[113.90489,7.96356],[113.9708,7.9446],[113.94,8.01809],[113.89504,8.00505]]],[[[114.69699,11.00432],[114.79308,11.07657],[114.76659,11.11005],[114.69699,11.00432]]],[[[114.62,11.43226],[114.65264,11.43696],[114.66188,11.52258],[114.62123,11.51848],[114.62,11.43226]]],[[[109.9364,7.84857],[109.98814,7.8124],[110.05035,7.84619],[110.08299,7.89658],[110.07806,7.94934],[110.0331,7.9446],[109.95303,7.88888],[109.9364,7.84857]]],[[[114.49312,10.7175],[114.56272,10.77806],[114.53931,10.79335],[114.49312,10.7175]]],[[[117.77053,10.77336],[117.79886,10.75337],[117.83582,10.80393],[117.80194,10.83979],[117.77053,10.77336]]],[[[110.45995,8.11645],[110.47103,8.07201],[110.55418,8.09394],[110.59976,8.15673],[110.56835,8.17273],[110.45995,8.11645]]],[[[111.53907,7.54432],[111.58342,7.54313],[111.61237,7.59237],[111.56679,7.60602],[111.53907,7.54432]]],[[[111.92527,8.07083],[111.99487,8.04712],[112.01334,8.09334],[111.95483,8.10638],[111.92527,8.07083]]],[[[117.26669,10.69163],[117.40466,10.67105],[117.41821,10.7028],[117.36955,10.7422],[117.29318,10.73514],[117.26669,10.69163]]],[[[111.67027,7.6511],[111.70722,7.64873],[111.74972,7.70388],[111.69121,7.71159],[111.67027,7.6511]]],[[[113.83221,19.15855],[113.91475,19.17212],[113.92029,19.22355],[113.87595,19.23711],[113.80696,19.22299],[113.83221,19.15855]]],[[[112.65084,5.10694],[112.65577,5.05568],[112.71921,5.07594],[112.67856,5.12125],[112.65084,5.10694]]],[[[111.63885,7.90725],[111.71277,7.8871],[111.71338,7.92741],[111.65179,7.93274],[111.63885,7.90725]]],[[[114.94891,7.50872],[115.01235,7.48499],[115.01359,7.52593],[114.94891,7.50872]]]]}},{"type":"Feature","id":"cnprov:500000","properties":{"boundaryId":"cnprov:500000","nodeId":"geo:cn-cq","parentNodeId":"geo:cn","bounds":[105.29653,28.16284,110.18031,32.20127]},"geometry":{"type":"MultiPolygon","coordinates":[[[[106.37442,28.52574],[106.40337,28.5699],[106.47728,28.53047],[106.50254,28.66131],[106.52841,28.67759],[106.46188,28.76104],[106.4742,28.83289],[106.56167,28.75632],[106.56105,28.71906],[106.6171,28.69124],[106.63681,28.62297],[106.60663,28.59302],[106.61525,28.5494],[106.56783,28.52364],[106.74706,28.46736],[106.72612,28.51838],[106.75692,28.60721],[106.78464,28.62665],[106.86656,28.62455],[106.86594,28.69019],[106.82406,28.75632],[106.92322,28.80982],[106.98851,28.77625],[106.98358,28.85124],[107.01623,28.88269],[107.14188,28.88793],[107.19485,28.83813],[107.21949,28.77258],[107.32789,28.81087],[107.38395,28.84862],[107.44123,28.94398],[107.39688,28.99372],[107.41228,29.0947],[107.40181,29.1846],[107.44123,29.20393],[107.48681,29.17415],[107.57057,29.21804],[107.60568,29.16475],[107.70054,29.14123],[107.7492,29.19975],[107.81079,29.13914],[107.78492,29.04814],[107.82373,29.03402],[107.81018,28.9843],[107.86746,28.96021],[107.88286,29.00628],[107.92597,29.03245],[108.02637,29.03977],[108.07072,29.08633],[108.15017,29.05338],[108.19329,29.07221],[108.25612,29.0403],[108.298,29.04553],[108.31956,28.96126],[108.35775,28.89317],[108.35282,28.81559],[108.38546,28.77206],[108.34727,28.73638],[108.33249,28.67917],[108.43905,28.634],[108.57579,28.65974],[108.63615,28.6214],[108.57394,28.531],[108.60905,28.40737],[108.5764,28.38631],[108.61151,28.32469],[108.69713,28.40105],[108.64046,28.45684],[108.70021,28.48209],[108.78028,28.42579],[108.7618,28.30414],[108.72669,28.28201],[108.7384,28.22824],[108.77289,28.21295],[108.82155,28.24511],[108.85542,28.19976],[108.89546,28.2198],[109.00571,28.16284],[109.02666,28.22033],[109.1172,28.2778],[109.15231,28.34998],[109.15354,28.41737],[109.19173,28.47104],[109.27426,28.49471],[109.27365,28.53836],[109.31984,28.57989],[109.30691,28.62087],[109.20158,28.59775],[109.19296,28.6361],[109.2989,28.7474],[109.241,28.77678],[109.23546,28.88216],[109.26133,28.95236],[109.31984,29.04239],[109.24039,29.08633],[109.23238,29.11927],[109.11042,29.21647],[109.14184,29.27026],[109.10673,29.28853],[109.11227,29.36105],[109.06053,29.40329],[109.03466,29.36053],[108.98354,29.33288],[108.91948,29.3261],[108.92749,29.43561],[108.88437,29.44082],[108.87821,29.53928],[108.91332,29.57468],[108.88807,29.6288],[108.84434,29.65844],[108.75256,29.64908],[108.69097,29.68964],[108.6805,29.80032],[108.65894,29.85483],[108.60104,29.86366],[108.55608,29.81849],[108.50495,29.72863],[108.4372,29.7411],[108.42427,29.8159],[108.3713,29.84134],[108.43351,29.88026],[108.51604,29.88545],[108.53637,29.98347],[108.53206,30.05187],[108.56778,30.15749],[108.58195,30.25576],[108.54499,30.26972],[108.46061,30.35961],[108.40209,30.37665],[108.42673,30.49223],[108.51296,30.50152],[108.56778,30.46851],[108.6497,30.53915],[108.69898,30.54482],[108.74394,30.49481],[108.83879,30.50306],[108.89361,30.56543],[108.97184,30.62777],[109.04267,30.65557],[109.10611,30.61077],[109.10118,30.57935],[109.10611,30.57059],[109.10365,30.56595],[109.14368,30.52111],[109.24531,30.58089],[109.29952,30.63034],[109.36111,30.551],[109.53542,30.66484],[109.62535,30.70292],[109.70172,30.78368],[109.78056,30.84844],[109.89451,30.8998],[109.94379,30.87875],[110.00846,30.88337],[110.01955,30.82943],[110.08238,30.79961],[110.15198,30.91161],[110.14027,31.03066],[110.11995,31.08859],[110.18031,31.1219],[110.18031,31.17977],[110.15567,31.27956],[110.16183,31.31434],[110.11872,31.4099],[110.05404,31.41092],[109.96966,31.50894],[109.89451,31.51914],[109.83785,31.55535],[109.72759,31.54821],[109.74546,31.59818],[109.73129,31.70058],[109.68325,31.71993],[109.58593,31.72655],[109.44611,31.72298],[109.38144,31.70517],[109.28165,31.71687],[109.27611,31.79931],[109.19542,31.81762],[109.19111,31.85575],[109.08579,31.92943],[108.98662,31.98021],[108.90224,31.98477],[108.83756,32.03907],[108.78767,32.04871],[108.73408,32.10652],[108.6768,32.10297],[108.58503,32.17189],[108.50988,32.20127],[108.48032,32.18253],[108.39901,32.19418],[108.37006,32.1724],[108.4526,32.0903],[108.42981,32.06139],[108.37253,32.07711],[108.37006,31.98884],[108.30724,31.99746],[108.25919,31.96701],[108.34358,31.86083],[108.46245,31.78049],[108.50557,31.73418],[108.51912,31.66595],[108.44274,31.63386],[108.39039,31.59156],[108.38608,31.54413],[108.34419,31.51251],[108.19144,31.4921],[108.22409,31.46402],[108.21608,31.41041],[108.15387,31.37107],[108.1859,31.33683],[108.09535,31.26831],[108.08981,31.20486],[108.02575,31.11626],[108.02699,31.06194],[107.98325,30.98398],[107.9426,30.98911],[107.95615,30.88286],[107.85144,30.79293],[107.788,30.81966],[107.73996,30.8844],[107.69315,30.87567],[107.6451,30.8212],[107.51576,30.8546],[107.49851,30.80938],[107.4246,30.74048],[107.47757,30.66484],[107.51699,30.64476],[107.36855,30.46851],[107.33898,30.38646],[107.28847,30.3374],[107.22134,30.21388],[107.05811,30.04307],[107.0538,30.04358],[107.02054,30.03685],[106.98174,30.08502],[106.97619,30.08347],[106.91337,30.02545],[106.73228,30.02701],[106.69964,30.07415],[106.67746,30.15697],[106.63188,30.18646],[106.61156,30.2356],[106.61217,30.2356],[106.61156,30.2356],[106.61217,30.2356],[106.61156,30.29246],[106.43971,30.30847],[106.42862,30.25473],[106.30667,30.23818],[106.26417,30.20974],[106.26047,30.19681],[106.23275,30.18595],[106.1804,30.23301],[106.1687,30.30382],[106.07261,30.33379],[106.03196,30.37355],[105.94326,30.372],[105.90076,30.40504],[105.79236,30.42723],[105.75479,30.34257],[105.71475,30.32294],[105.72029,30.25266],[105.61989,30.23405],[105.64268,30.18646],[105.56138,30.18388],[105.55091,30.17922],[105.57432,30.13058],[105.58294,30.12385],[105.64207,30.10107],[105.68703,30.03892],[105.75355,30.0182],[105.70243,29.92488],[105.73877,29.89116],[105.70797,29.84082],[105.61066,29.83718],[105.58294,29.81901],[105.57493,29.74422],[105.477,29.67456],[105.41971,29.68808],[105.38091,29.62828],[105.29653,29.57104],[105.33779,29.45906],[105.38707,29.45542],[105.44189,29.40069],[105.42033,29.31149],[105.45913,29.28853],[105.6316,29.28017],[105.69504,29.28748],[105.70366,29.17677],[105.75787,29.06907],[105.76218,28.9911],[105.85272,28.92722],[105.91,28.92041],[105.96913,28.96597],[106.04058,28.9555],[106.10156,28.89893],[106.17301,28.92041],[106.26478,28.846],[106.24569,28.81769],[106.27402,28.739],[106.30544,28.70437],[106.3042,28.64976],[106.37442,28.52574]]],[[[109.10118,30.57935],[109.10611,30.61077],[109.09256,30.57883],[109.09872,30.57935],[109.10118,30.57935]]],[[[109.09872,30.57935],[109.09256,30.57883],[109.10365,30.56595],[109.10611,30.57059],[109.09872,30.57935]]]]}},{"type":"Feature","id":"cnprov:510000","properties":{"boundaryId":"cnprov:510000","nodeId":"geo:cn-sc","parentNodeId":"geo:cn","bounds":[97.37555,26.04915,108.51912,34.31292]},"geometry":{"type":"Polygon","coordinates":[[[99.11373,29.22117],[99.1051,29.16266],[99.13221,28.94869],[99.10387,28.8418],[99.12666,28.69807],[99.18394,28.58882],[99.19195,28.49471],[99.16485,28.42526],[99.23753,28.31784],[99.28927,28.28623],[99.30652,28.22771],[99.37489,28.18183],[99.41246,28.29519],[99.39275,28.31837],[99.4371,28.39842],[99.40445,28.44421],[99.40322,28.54625],[99.46358,28.5494],[99.55351,28.71066],[99.61449,28.74005],[99.62557,28.81454],[99.6767,28.81035],[99.75554,28.70122],[99.79434,28.69912],[99.83438,28.62823],[99.91876,28.59933],[99.98528,28.52942],[99.99021,28.47683],[100.07398,28.42632],[100.05735,28.36893],[100.17622,28.32522],[100.14727,28.28886],[100.18854,28.25249],[100.15343,28.2082],[100.03333,28.18447],[100.02101,28.14701],[100.08876,28.02927],[100.12079,28.0187],[100.19655,27.93625],[100.21072,27.87702],[100.30865,27.86115],[100.31173,27.72403],[100.41213,27.81617],[100.44292,27.86644],[100.50452,27.85215],[100.54517,27.80929],[100.60923,27.85903],[100.63448,27.91563],[100.68129,27.92304],[100.71948,27.8585],[100.70716,27.80082],[100.75705,27.77011],[100.78231,27.69171],[100.84821,27.6721],[100.85499,27.62386],[100.91227,27.52147],[100.95169,27.42696],[101.02191,27.3329],[101.04223,27.22173],[101.0718,27.19459],[101.16789,27.19831],[101.13647,27.02358],[101.26459,26.95532],[101.26767,26.90303],[101.3656,26.88382],[101.39948,26.84164],[101.35883,26.77167],[101.43582,26.74068],[101.466,26.78663],[101.51343,26.76846],[101.45307,26.69256],[101.4814,26.67331],[101.46169,26.60645],[101.39578,26.592],[101.45861,26.49563],[101.50665,26.49992],[101.63785,26.389],[101.64031,26.31875],[101.58611,26.27958],[101.63046,26.22483],[101.6902,26.24147],[101.73701,26.21946],[101.79676,26.11472],[101.85774,26.04915],[101.89962,26.09914],[101.95444,26.08463],[102.02096,26.09645],[102.10781,26.0685],[102.24516,26.21248],[102.34926,26.24469],[102.39237,26.29675],[102.44042,26.30051],[102.54205,26.33859],[102.571,26.36272],[102.63875,26.30748],[102.60056,26.2506],[102.70958,26.21034],[102.73976,26.26885],[102.89313,26.33859],[102.97567,26.34074],[102.99846,26.37184],[102.98983,26.48278],[103.05266,26.51437],[103.03541,26.55667],[103.02617,26.66422],[102.96643,26.8379],[102.89621,26.91264],[102.89498,27.00172],[102.87096,27.02678],[102.91346,27.13389],[102.90422,27.22758],[102.88328,27.25844],[102.94117,27.40571],[102.98983,27.36798],[103.05574,27.40943],[103.14136,27.42059],[103.14443,27.45033],[103.23251,27.56976],[103.2861,27.5618],[103.29226,27.63287],[103.39327,27.70919],[103.48751,27.79499],[103.50969,27.84369],[103.51585,27.96533],[103.48628,28.0335],[103.43085,28.04459],[103.47027,28.1222],[103.53309,28.16864],[103.57313,28.23088],[103.64396,28.2604],[103.692,28.23246],[103.77085,28.23351],[103.8774,28.31626],[103.82998,28.46],[103.78193,28.52522],[103.83305,28.60511],[103.88787,28.61982],[103.95378,28.60091],[104.05972,28.6277],[104.17059,28.64293],[104.31472,28.61562],[104.37262,28.64924],[104.35599,28.55518],[104.26052,28.53626],[104.25436,28.40368],[104.3141,28.30678],[104.38494,28.32996],[104.39294,28.2915],[104.46254,28.24142],[104.40649,28.17339],[104.44468,28.16231],[104.44899,28.11376],[104.40095,28.09159],[104.36276,28.01289],[104.40095,27.95211],[104.57341,27.84051],[104.63316,27.85057],[104.74341,27.90188],[104.84258,27.90029],[104.91834,27.9389],[104.90356,27.96216],[104.97501,28.02082],[105.00211,28.06413],[105.06185,28.09687],[105.16841,28.07152],[105.18627,27.99545],[105.27066,27.99704],[105.28482,27.93573],[105.23308,27.89553],[105.30823,27.70496],[105.35381,27.74892],[105.44004,27.7754],[105.50841,27.76905],[105.56015,27.71979],[105.60511,27.71555],[105.62359,27.66627],[105.72029,27.68376],[105.76772,27.7182],[105.84841,27.70707],[105.92294,27.74681],[106.02334,27.74681],[106.06399,27.77699],[106.12065,27.77964],[106.19333,27.75422],[106.30667,27.80876],[106.33746,27.85903],[106.26663,28.06677],[106.20689,28.13434],[106.14529,28.16284],[106.09355,28.16284],[105.97591,28.10795],[105.94388,28.14331],[105.89522,28.11957],[105.86073,28.15967],[105.88968,28.23773],[105.84841,28.25566],[105.78743,28.33575],[105.68888,28.28412],[105.6396,28.32416],[105.655,28.36262],[105.64392,28.43105],[105.6125,28.43895],[105.62359,28.51785],[105.68272,28.53415],[105.69319,28.58882],[105.74493,28.61667],[105.88475,28.59513],[105.88968,28.67077],[105.93772,28.68652],[105.96667,28.76104],[106.03073,28.69492],[106.08554,28.68179],[106.10341,28.6361],[106.14837,28.64293],[106.18471,28.58882],[106.34917,28.47367],[106.37442,28.52574],[106.3042,28.64976],[106.30544,28.70437],[106.27402,28.739],[106.24569,28.81769],[106.26478,28.846],[106.17301,28.92041],[106.10156,28.89893],[106.04058,28.9555],[105.96913,28.96597],[105.91,28.92041],[105.85272,28.92722],[105.76218,28.9911],[105.75787,29.06907],[105.70366,29.17677],[105.69504,29.28748],[105.6316,29.28017],[105.45913,29.28853],[105.42033,29.31149],[105.44189,29.40069],[105.38707,29.45542],[105.33779,29.45906],[105.29653,29.57104],[105.38091,29.62828],[105.41971,29.68808],[105.477,29.67456],[105.57493,29.74422],[105.58294,29.81901],[105.61066,29.83718],[105.70797,29.84082],[105.73877,29.89116],[105.70243,29.92488],[105.75355,30.0182],[105.68703,30.03892],[105.64207,30.10107],[105.58294,30.12385],[105.57432,30.13058],[105.55091,30.17922],[105.56138,30.18388],[105.64268,30.18646],[105.61989,30.23405],[105.72029,30.25266],[105.71475,30.32294],[105.75479,30.34257],[105.79236,30.42723],[105.90076,30.40504],[105.94326,30.372],[106.03196,30.37355],[106.07261,30.33379],[106.1687,30.30382],[106.1804,30.23301],[106.23275,30.18595],[106.26047,30.19681],[106.26417,30.20974],[106.30667,30.23818],[106.42862,30.25473],[106.43971,30.30847],[106.61156,30.29246],[106.61217,30.2356],[106.61156,30.2356],[106.61217,30.2356],[106.61156,30.2356],[106.63188,30.18646],[106.67746,30.15697],[106.69964,30.07415],[106.73228,30.02701],[106.91337,30.02545],[106.97619,30.08347],[106.98174,30.08502],[107.02054,30.03685],[107.0538,30.04358],[107.05811,30.04307],[107.22134,30.21388],[107.28847,30.3374],[107.33898,30.38646],[107.36855,30.46851],[107.51699,30.64476],[107.47757,30.66484],[107.4246,30.74048],[107.49851,30.80938],[107.51576,30.8546],[107.6451,30.8212],[107.69315,30.87567],[107.73996,30.8844],[107.788,30.81966],[107.85144,30.79293],[107.95615,30.88286],[107.9426,30.98911],[107.98325,30.98398],[108.02699,31.06194],[108.02575,31.11626],[108.08981,31.20486],[108.09535,31.26831],[108.1859,31.33683],[108.15387,31.37107],[108.21608,31.41041],[108.22409,31.46402],[108.19144,31.4921],[108.34419,31.51251],[108.38608,31.54413],[108.39039,31.59156],[108.44274,31.63386],[108.51912,31.66595],[108.50557,31.73418],[108.46245,31.78049],[108.34358,31.86083],[108.25919,31.96701],[108.30724,31.99746],[108.37006,31.98884],[108.37253,32.07711],[108.42981,32.06139],[108.4526,32.0903],[108.37006,32.1724],[108.39901,32.19418],[108.48032,32.18253],[108.50988,32.20127],[108.50742,32.24582],[108.46985,32.27062],[108.38977,32.26353],[108.31093,32.23215],[108.24072,32.27467],[108.17974,32.22152],[108.08673,32.23317],[108.01836,32.2119],[108.02452,32.17746],[107.97956,32.14605],[107.92474,32.19722],[107.86438,32.20127],[107.81202,32.24784],[107.75351,32.3384],[107.70793,32.33183],[107.68083,32.39704],[107.59829,32.41169],[107.52746,32.38238],[107.43876,32.46573],[107.4363,32.52984],[107.3821,32.54043],[107.31373,32.48997],[107.26384,32.4031],[107.18992,32.46826],[107.1271,32.48239],[107.08029,32.54245],[107.108,32.60095],[107.09877,32.64934],[107.01253,32.72137],[106.91275,32.70425],[106.85485,32.72439],[106.73351,32.73949],[106.67007,32.69468],[106.58569,32.68813],[106.45141,32.65992],[106.42123,32.61658],[106.34794,32.671],[106.25493,32.69367],[106.17424,32.6977],[106.07138,32.75811],[106.07261,32.76365],[106.09355,32.82402],[106.04428,32.86475],[106.01163,32.82955],[105.96913,32.84916],[105.84902,32.81799],[105.82254,32.77019],[105.71906,32.75962],[105.67779,32.7264],[105.59649,32.69921],[105.56384,32.72489],[105.55522,32.79434],[105.49548,32.87329],[105.49917,32.91199],[105.41417,32.92203],[105.38091,32.87631],[105.44866,32.73295],[105.36859,32.71281],[105.34703,32.68259],[105.11113,32.59389],[105.0791,32.63724],[105.02675,32.65035],[104.882,32.60095],[104.84566,32.65387],[104.73972,32.63523],[104.6966,32.67352],[104.64302,32.66194],[104.58265,32.72237],[104.45885,32.74855],[104.36399,32.82251],[104.29439,32.83559],[104.28823,32.94263],[104.37816,32.95317],[104.39171,33.03549],[104.33751,33.038],[104.37816,33.10921],[104.32827,33.22393],[104.27222,33.39149],[104.22048,33.40448],[104.15519,33.54276],[104.17675,33.5996],[104.10345,33.66338],[104.04617,33.68629],[103.98026,33.67085],[103.86139,33.68231],[103.77824,33.6589],[103.64581,33.7087],[103.54541,33.71965],[103.51831,33.80721],[103.46472,33.80224],[103.43454,33.75299],[103.35447,33.74354],[103.15367,33.81915],[103.18139,33.90065],[103.12041,33.95329],[103.15737,33.99894],[103.12965,34.0659],[103.12411,34.16202],[103.05204,34.19519],[102.9732,34.20559],[102.97752,34.2526],[102.91161,34.31292],[102.72868,34.23577],[102.65107,34.16598],[102.59871,34.14766],[102.61596,34.0996],[102.47121,34.07284],[102.43734,34.08721],[102.39237,33.97165],[102.316,33.99398],[102.22607,33.96321],[102.13614,33.9652],[102.25317,33.8614],[102.26118,33.82114],[102.34248,33.72562],[102.31538,33.66537],[102.34679,33.60558],[102.44042,33.57467],[102.46136,33.50135],[102.44781,33.45492],[102.39299,33.40448],[102.2581,33.40947],[102.19219,33.33701],[102.21745,33.24796],[102.16016,33.24296],[102.11705,33.28849],[102.05484,33.18988],[101.93535,33.18688],[101.86574,33.1032],[101.82571,33.11924],[101.84172,33.18488],[101.76966,33.26898],[101.87745,33.3145],[101.8873,33.38399],[101.94643,33.44294],[101.9064,33.48188],[101.88422,33.57816],[101.76904,33.53877],[101.76904,33.45592],[101.69575,33.43395],[101.64955,33.323],[101.73578,33.27999],[101.70991,33.21292],[101.65386,33.16284],[101.63354,33.10119],[101.48756,33.22694],[101.40317,33.22544],[101.38162,33.15332],[101.29723,33.26248],[101.18267,33.26948],[101.11553,33.19489],[101.16973,33.10019],[101.14633,33.05656],[101.17158,33.0099],[101.12908,32.98932],[101.12415,32.90998],[101.17836,32.89289],[101.23749,32.82503],[101.22332,32.7259],[101.15741,32.66143],[101.07734,32.68259],[100.99727,32.62767],[100.93198,32.60045],[100.83405,32.64884],[100.71209,32.64531],[100.66158,32.61608],[100.65789,32.54648],[100.54517,32.56969],[100.51684,32.6322],[100.39919,32.7561],[100.33945,32.71935],[100.25876,32.74251],[100.22981,32.65035],[100.18977,32.63069],[100.1097,32.64027],[100.08814,32.66899],[100.13927,32.72439],[100.12325,32.8371],[100.03825,32.92907],[99.95633,32.94815],[99.94771,32.98681],[99.87749,32.99334],[99.85101,32.94162],[99.76416,32.92455],[99.79188,32.88334],[99.76046,32.76969],[99.70072,32.76667],[99.58923,32.78931],[99.55844,32.83911],[99.45311,32.86223],[99.37612,32.89993],[99.26894,32.87832],[99.23507,32.9823],[99.19626,33.03549],[99.12481,33.04603],[99.09032,33.07913],[98.97145,33.09819],[98.85873,33.15081],[98.80453,33.21943],[98.80206,33.27048],[98.75956,33.27699],[98.77989,33.3705],[98.73616,33.40698],[98.74232,33.47789],[98.64808,33.54874],[98.65239,33.59511],[98.61728,33.63748],[98.58279,33.7316],[98.53967,33.74653],[98.4633,33.84848],[98.40725,33.86736],[98.44051,33.98158],[98.39985,34.08523],[98.34442,34.09465],[98.20645,34.08424],[98.09804,34.12289],[98.02844,34.12289],[97.95453,34.19074],[97.89848,34.20955],[97.8104,34.20757],[97.76667,34.15856],[97.66565,34.12686],[97.70261,34.03664],[97.65272,33.99845],[97.66011,33.95626],[97.46055,33.88724],[97.39526,33.88922],[97.40634,33.79528],[97.43529,33.68231],[97.41558,33.60558],[97.45008,33.58215],[97.52337,33.57717],[97.51167,33.52081],[97.55232,33.46591],[97.62562,33.46141],[97.75435,33.40997],[97.67613,33.341],[97.62254,33.33701],[97.60776,33.26398],[97.54863,33.20391],[97.48765,33.16835],[97.54247,33.036],[97.43837,32.97627],[97.37555,32.95669],[97.38602,32.77925],[97.48272,32.65438],[97.73094,32.52731],[97.80732,32.50006],[97.94036,32.48239],[98.12515,32.40108],[98.21877,32.34244],[98.23047,32.26252],[98.30315,32.12173],[98.35735,32.08725],[98.43496,32.00761],[98.4325,31.92283],[98.39924,31.8959],[98.41464,31.83237],[98.54583,31.71738],[98.55384,31.66035],[98.65116,31.57881],[98.7146,31.50894],[98.84456,31.42982],[98.88706,31.37465],[98.81069,31.30667],[98.77311,31.24938],[98.69181,31.33325],[98.64377,31.33888],[98.60373,31.25757],[98.6025,31.19206],[98.71029,31.1178],[98.73677,31.04912],[98.80637,30.99578],[98.77435,30.90802],[98.85011,30.84947],[98.90492,30.78265],[98.9579,30.76517],[98.96344,30.72813],[98.90739,30.69829],[98.93203,30.52162],[98.96529,30.44994],[98.96713,30.33482],[98.98684,30.28057],[98.98931,30.1518],[99.04474,30.07984],[99.03674,30.05395],[99.06815,29.93162],[99.0238,29.84601],[98.99239,29.67716],[99.01456,29.60746],[99.05213,29.56375],[99.04474,29.52001],[99.07554,29.31619],[99.11373,29.22117]]]}},{"type":"Feature","id":"cnprov:520000","properties":{"boundaryId":"cnprov:520000","nodeId":"geo:cn-gz","parentNodeId":"geo:cn","bounds":[103.62364,24.63319,109.55513,29.21804]},"geometry":{"type":"MultiPolygon","coordinates":[[[[109.27426,28.49471],[109.19173,28.47104],[109.15354,28.41737],[109.15231,28.34998],[109.1172,28.2778],[109.02666,28.22033],[109.00571,28.16284],[108.89546,28.2198],[108.85542,28.19976],[108.82155,28.24511],[108.77289,28.21295],[108.7384,28.22824],[108.72669,28.28201],[108.7618,28.30414],[108.78028,28.42579],[108.70021,28.48209],[108.64046,28.45684],[108.69713,28.40105],[108.61151,28.32469],[108.5764,28.38631],[108.60905,28.40737],[108.57394,28.531],[108.63615,28.6214],[108.57579,28.65974],[108.43905,28.634],[108.33249,28.67917],[108.34727,28.73638],[108.38546,28.77206],[108.35282,28.81559],[108.35775,28.89317],[108.31956,28.96126],[108.298,29.04553],[108.25612,29.0403],[108.19329,29.07221],[108.15017,29.05338],[108.07072,29.08633],[108.02637,29.03977],[107.92597,29.03245],[107.88286,29.00628],[107.86746,28.96021],[107.81018,28.9843],[107.82373,29.03402],[107.78492,29.04814],[107.81079,29.13914],[107.7492,29.19975],[107.70054,29.14123],[107.60568,29.16475],[107.57057,29.21804],[107.48681,29.17415],[107.44123,29.20393],[107.40181,29.1846],[107.41228,29.0947],[107.39688,28.99372],[107.44123,28.94398],[107.38395,28.84862],[107.32789,28.81087],[107.21949,28.77258],[107.19485,28.83813],[107.14188,28.88793],[107.01623,28.88269],[106.98358,28.85124],[106.98851,28.77625],[106.92322,28.80982],[106.82406,28.75632],[106.86594,28.69019],[106.86656,28.62455],[106.78464,28.62665],[106.75692,28.60721],[106.72612,28.51838],[106.74706,28.46736],[106.56783,28.52364],[106.61525,28.5494],[106.60663,28.59302],[106.63681,28.62297],[106.6171,28.69124],[106.56105,28.71906],[106.56167,28.75632],[106.4742,28.83289],[106.46188,28.76104],[106.52841,28.67759],[106.50254,28.66131],[106.47728,28.53047],[106.40337,28.5699],[106.37442,28.52574],[106.34917,28.47367],[106.18471,28.58882],[106.14837,28.64293],[106.10341,28.6361],[106.08554,28.68179],[106.03073,28.69492],[105.96667,28.76104],[105.93772,28.68652],[105.88968,28.67077],[105.88475,28.59513],[105.74493,28.61667],[105.69319,28.58882],[105.68272,28.53415],[105.62359,28.51785],[105.6125,28.43895],[105.64392,28.43105],[105.655,28.36262],[105.6396,28.32416],[105.68888,28.28412],[105.78743,28.33575],[105.84841,28.25566],[105.88968,28.23773],[105.86073,28.15967],[105.89522,28.11957],[105.94388,28.14331],[105.97591,28.10795],[106.09355,28.16284],[106.14529,28.16284],[106.20689,28.13434],[106.26663,28.06677],[106.33746,27.85903],[106.30667,27.80876],[106.19333,27.75422],[106.12065,27.77964],[106.06399,27.77699],[106.02334,27.74681],[105.92294,27.74681],[105.84841,27.70707],[105.76772,27.7182],[105.72029,27.68376],[105.62359,27.66627],[105.60511,27.71555],[105.56015,27.71979],[105.50841,27.76905],[105.44004,27.7754],[105.35381,27.74892],[105.30823,27.70496],[105.30453,27.61166],[105.23247,27.54695],[105.23308,27.43652],[105.18443,27.39296],[105.06801,27.41846],[104.91341,27.32705],[104.82472,27.3531],[104.7545,27.34566],[104.6116,27.30685],[104.53954,27.32758],[104.49704,27.41474],[104.46747,27.41421],[104.36338,27.46786],[104.29563,27.37436],[104.17305,27.26323],[104.11392,27.33822],[104.08436,27.33077],[104.01722,27.38393],[104.01537,27.42909],[103.95624,27.42537],[103.90512,27.38552],[103.8657,27.28185],[103.74867,27.21002],[103.69632,27.12643],[103.63349,27.12057],[103.62364,27.03531],[103.70494,27.04917],[103.7536,26.96386],[103.77947,26.87421],[103.72219,26.85125],[103.70556,26.79464],[103.72527,26.74281],[103.77331,26.71662],[103.74867,26.62357],[103.76345,26.58504],[103.8657,26.51223],[103.95316,26.52134],[104.06773,26.51491],[104.06834,26.57327],[104.12131,26.63801],[104.16073,26.64657],[104.22233,26.62036],[104.35352,26.62089],[104.42436,26.70914],[104.46809,26.64443],[104.48841,26.57969],[104.55678,26.59039],[104.6658,26.43402],[104.68428,26.3772],[104.65965,26.33537],[104.59251,26.31767],[104.54262,26.25328],[104.5186,26.16576],[104.52845,26.11419],[104.4995,26.07065],[104.43852,25.92757],[104.4416,25.86889],[104.39787,25.76168],[104.32889,25.7606],[104.31041,25.6479],[104.33258,25.5988],[104.42867,25.57613],[104.43606,25.52051],[104.48349,25.49459],[104.55678,25.52483],[104.54323,25.40056],[104.64609,25.35676],[104.63994,25.29563],[104.68983,25.29617],[104.73602,25.26803],[104.81609,25.26262],[104.80193,25.16354],[104.75388,25.21444],[104.69537,25.12236],[104.6849,25.05407],[104.71323,24.99605],[104.66396,24.96458],[104.63562,24.9038],[104.58696,24.87286],[104.53954,24.81366],[104.52968,24.73161],[104.59559,24.70932],[104.62885,24.66093],[104.70338,24.6457],[104.84196,24.67616],[104.89925,24.75281],[105.03352,24.78759],[105.03906,24.87286],[105.07787,24.91846],[105.09573,24.92877],[105.21276,24.99551],[105.26758,24.92931],[105.36551,24.94342],[105.42834,24.93094],[105.49732,24.80932],[105.70551,24.76857],[105.7671,24.71911],[105.82747,24.7028],[105.86381,24.72944],[105.94203,24.72509],[105.96174,24.67779],[106.02457,24.63319],[106.04736,24.68431],[106.11388,24.71422],[106.17301,24.76042],[106.20627,24.85114],[106.19149,24.95319],[106.21551,24.98194],[106.30482,24.97381],[106.44217,25.01937],[106.59062,25.08768],[106.69101,25.17925],[106.73228,25.16245],[106.85301,25.18683],[106.88811,25.18195],[106.93308,25.25071],[106.97558,25.23285],[107.01377,25.27561],[107.01253,25.35297],[106.9879,25.35892],[106.96387,25.43785],[107.01561,25.49567],[107.06674,25.50917],[107.06427,25.55939],[107.18561,25.57883],[107.26384,25.54319],[107.33652,25.46109],[107.31804,25.40164],[107.37594,25.41191],[107.4209,25.39299],[107.4092,25.34702],[107.4326,25.28914],[107.48989,25.27669],[107.47202,25.2139],[107.51268,25.20903],[107.63217,25.31024],[107.69623,25.21986],[107.74181,25.24043],[107.78923,25.15487],[107.83912,25.11586],[108.00173,25.19657],[108.08057,25.19387],[108.11507,25.21011],[108.15202,25.32431],[108.14278,25.39083],[108.16249,25.44488],[108.28075,25.48],[108.30847,25.52591],[108.34851,25.53617],[108.40024,25.49134],[108.41872,25.44326],[108.47169,25.45893],[108.62999,25.33567],[108.60043,25.43245],[108.6072,25.49189],[108.68604,25.58746],[108.68912,25.62308],[108.78398,25.62848],[108.82647,25.55021],[108.94905,25.55723],[109.02481,25.51241],[109.05191,25.56695],[109.03097,25.62956],[109.07901,25.72071],[109.00756,25.73473],[108.99955,25.76545],[109.09502,25.80533],[109.14368,25.79509],[109.148,25.74174],[109.20713,25.74012],[109.29644,25.71424],[109.39683,25.90012],[109.43502,25.93349],[109.40854,25.96739],[109.48245,26.02979],[109.44981,26.10183],[109.50278,26.09645],[109.43933,26.23879],[109.44241,26.28977],[109.36973,26.27743],[109.28597,26.29568],[109.31984,26.41848],[109.38082,26.45438],[109.38144,26.51866],[109.40731,26.53312],[109.39068,26.59896],[109.35495,26.65887],[109.44796,26.75991],[109.48676,26.75991],[109.45289,26.86193],[109.43625,26.89236],[109.55513,26.94679],[109.52002,27.05876],[109.45473,27.06942],[109.41531,27.15412],[109.26441,27.13176],[109.21698,27.11471],[109.16586,27.06676],[109.10118,27.06889],[109.1289,27.1227],[109.03281,27.10406],[108.8776,27.01612],[108.79075,27.08434],[108.87883,27.10619],[108.92687,27.16051],[108.90778,27.2047],[108.98354,27.26802],[109.05376,27.29355],[109.10365,27.33662],[109.14245,27.41846],[109.2022,27.45033],[109.24531,27.41793],[109.30013,27.42377],[109.30321,27.47582],[109.45104,27.5862],[109.47013,27.62863],[109.41408,27.72509],[109.33278,27.78282],[109.34694,27.8384],[109.32169,27.86803],[109.30198,27.95634],[109.37897,28.03455],[109.3143,28.10373],[109.36789,28.2546],[109.27549,28.3131],[109.28905,28.37367],[109.26441,28.39263],[109.27426,28.49471]]],[[[109.45289,26.86193],[109.48676,26.75991],[109.52187,26.74923],[109.52249,26.74923],[109.49723,26.81547],[109.50955,26.87795],[109.45289,26.86193]]]]}},{"type":"Feature","id":"cnprov:530000","properties":{"boundaryId":"cnprov:530000","nodeId":"geo:cn-yn","parentNodeId":"geo:cn","bounds":[97.5283,21.14616,106.1921,29.22117]},"geometry":{"type":"Polygon","coordinates":[[[105.30823,27.70496],[105.23308,27.89553],[105.28482,27.93573],[105.27066,27.99704],[105.18627,27.99545],[105.16841,28.07152],[105.06185,28.09687],[105.00211,28.06413],[104.97501,28.02082],[104.90356,27.96216],[104.91834,27.9389],[104.84258,27.90029],[104.74341,27.90188],[104.63316,27.85057],[104.57341,27.84051],[104.40095,27.95211],[104.36276,28.01289],[104.40095,28.09159],[104.44899,28.11376],[104.44468,28.16231],[104.40649,28.17339],[104.46254,28.24142],[104.39294,28.2915],[104.38494,28.32996],[104.3141,28.30678],[104.25436,28.40368],[104.26052,28.53626],[104.35599,28.55518],[104.37262,28.64924],[104.31472,28.61562],[104.17059,28.64293],[104.05972,28.6277],[103.95378,28.60091],[103.88787,28.61982],[103.83305,28.60511],[103.78193,28.52522],[103.82998,28.46],[103.8774,28.31626],[103.77085,28.23351],[103.692,28.23246],[103.64396,28.2604],[103.57313,28.23088],[103.53309,28.16864],[103.47027,28.1222],[103.43085,28.04459],[103.48628,28.0335],[103.51585,27.96533],[103.50969,27.84369],[103.48751,27.79499],[103.39327,27.70919],[103.29226,27.63287],[103.2861,27.5618],[103.23251,27.56976],[103.14443,27.45033],[103.14136,27.42059],[103.05574,27.40943],[102.98983,27.36798],[102.94117,27.40571],[102.88328,27.25844],[102.90422,27.22758],[102.91346,27.13389],[102.87096,27.02678],[102.89498,27.00172],[102.89621,26.91264],[102.96643,26.8379],[103.02617,26.66422],[103.03541,26.55667],[103.05266,26.51437],[102.98983,26.48278],[102.99846,26.37184],[102.97567,26.34074],[102.89313,26.33859],[102.73976,26.26885],[102.70958,26.21034],[102.60056,26.2506],[102.63875,26.30748],[102.571,26.36272],[102.54205,26.33859],[102.44042,26.30051],[102.39237,26.29675],[102.34926,26.24469],[102.24516,26.21248],[102.10781,26.0685],[102.02096,26.09645],[101.95444,26.08463],[101.89962,26.09914],[101.85774,26.04915],[101.79676,26.11472],[101.73701,26.21946],[101.6902,26.24147],[101.63046,26.22483],[101.58611,26.27958],[101.64031,26.31875],[101.63785,26.389],[101.50665,26.49992],[101.45861,26.49563],[101.39578,26.592],[101.46169,26.60645],[101.4814,26.67331],[101.45307,26.69256],[101.51343,26.76846],[101.466,26.78663],[101.43582,26.74068],[101.35883,26.77167],[101.39948,26.84164],[101.3656,26.88382],[101.26767,26.90303],[101.26459,26.95532],[101.13647,27.02358],[101.16789,27.19831],[101.0718,27.19459],[101.04223,27.22173],[101.02191,27.3329],[100.95169,27.42696],[100.91227,27.52147],[100.85499,27.62386],[100.84821,27.6721],[100.78231,27.69171],[100.75705,27.77011],[100.70716,27.80082],[100.71948,27.8585],[100.68129,27.92304],[100.63448,27.91563],[100.60923,27.85903],[100.54517,27.80929],[100.50452,27.85215],[100.44292,27.86644],[100.41213,27.81617],[100.31173,27.72403],[100.30865,27.86115],[100.21072,27.87702],[100.19655,27.93625],[100.12079,28.0187],[100.08876,28.02927],[100.02101,28.14701],[100.03333,28.18447],[100.15343,28.2082],[100.18854,28.25249],[100.14727,28.28886],[100.17622,28.32522],[100.05735,28.36893],[100.07398,28.42632],[99.99021,28.47683],[99.98528,28.52942],[99.91876,28.59933],[99.83438,28.62823],[99.79434,28.69912],[99.75554,28.70122],[99.6767,28.81035],[99.62557,28.81454],[99.61449,28.74005],[99.55351,28.71066],[99.46358,28.5494],[99.40322,28.54625],[99.40445,28.44421],[99.4371,28.39842],[99.39275,28.31837],[99.41246,28.29519],[99.37489,28.18183],[99.30652,28.22771],[99.28927,28.28623],[99.23753,28.31784],[99.16485,28.42526],[99.19195,28.49471],[99.18394,28.58882],[99.12666,28.69807],[99.10387,28.8418],[99.13221,28.94869],[99.1051,29.16266],[99.11373,29.22117],[98.9813,29.20498],[98.96097,29.16579],[99.01333,29.03663],[98.92587,28.97854],[98.91786,28.88688],[98.97391,28.86487],[98.97268,28.83237],[98.91293,28.80091],[98.82793,28.82136],[98.82177,28.92093],[98.78605,28.99895],[98.70228,28.9644],[98.62406,28.95864],[98.6567,28.91045],[98.65239,28.81716],[98.6838,28.74005],[98.59449,28.66762],[98.63761,28.55203],[98.6259,28.48946],[98.67395,28.47893],[98.74047,28.3484],[98.71029,28.28886],[98.71214,28.2293],[98.64993,28.20029],[98.6259,28.16548],[98.55938,28.18289],[98.4288,28.10479],[98.38938,28.11481],[98.37029,28.18394],[98.37768,28.24617],[98.31793,28.32469],[98.3013,28.3842],[98.20891,28.3584],[98.26681,28.24248],[98.16949,28.20609],[98.13931,28.14226],[98.16025,28.10109],[98.13315,27.9907],[98.14301,27.94894],[98.18736,27.93943],[98.20522,27.88972],[98.16949,27.8511],[98.21569,27.81087],[98.23417,27.69065],[98.28344,27.65461],[98.31732,27.51935],[98.38877,27.5151],[98.42942,27.54907],[98.43004,27.65355],[98.53536,27.62068],[98.5871,27.58727],[98.70659,27.55331],[98.68503,27.48432],[98.70474,27.46201],[98.70659,27.36214],[98.74108,27.33024],[98.69612,27.21109],[98.71275,27.07582],[98.76572,27.05077],[98.73246,27.00226],[98.7571,26.87795],[98.73061,26.85125],[98.76203,26.79892],[98.74601,26.69684],[98.78174,26.62089],[98.7534,26.55935],[98.7571,26.49188],[98.73369,26.35093],[98.68134,26.30802],[98.67272,26.23986],[98.71337,26.23127],[98.73554,26.1851],[98.72014,26.12708],[98.65608,26.13998],[98.5754,26.11849],[98.6025,26.05452],[98.6142,25.96847],[98.68688,25.92596],[98.70598,25.85543],[98.64069,25.79886],[98.55384,25.84573],[98.47685,25.77731],[98.45775,25.68296],[98.40971,25.66408],[98.40232,25.59394],[98.32656,25.56641],[98.24772,25.60797],[98.17072,25.62038],[98.18982,25.56911],[98.1313,25.51025],[98.15779,25.45731],[98.13746,25.38163],[98.06971,25.31186],[98.0075,25.2794],[97.94036,25.21499],[97.90402,25.21661],[97.83935,25.27074],[97.79623,25.15595],[97.74326,25.07847],[97.71678,24.97815],[97.72971,24.90869],[97.78576,24.87612],[97.76544,24.82398],[97.68044,24.82724],[97.6521,24.79085],[97.56957,24.76585],[97.5708,24.60272],[97.55479,24.49058],[97.53015,24.44319],[97.58866,24.43556],[97.66997,24.45299],[97.67982,24.40123],[97.71616,24.35871],[97.66257,24.33908],[97.66504,24.29654],[97.72109,24.296],[97.76728,24.25836],[97.72971,24.22725],[97.74326,24.15956],[97.73094,24.11369],[97.63732,24.04812],[97.6287,24.00494],[97.57265,23.98307],[97.5283,23.92674],[97.61823,23.88844],[97.64718,23.84082],[97.68413,23.87695],[97.76359,23.90704],[97.90218,24.01423],[98.09127,24.08582],[98.22,24.11369],[98.34319,24.09894],[98.37768,24.11423],[98.54706,24.12843],[98.59388,24.08036],[98.71891,24.12789],[98.81869,24.13335],[98.87659,24.15137],[98.89507,24.09894],[98.80761,24.02516],[98.77373,24.02243],[98.70105,23.94643],[98.68565,23.90157],[98.69612,23.78443],[98.78482,23.78169],[98.82424,23.72746],[98.84703,23.6321],[98.88213,23.59536],[98.80391,23.5405],[98.82608,23.47026],[98.87474,23.48343],[98.91232,23.42633],[98.93695,23.30987],[98.88953,23.20925],[98.90677,23.1856],[99.00224,23.16029],[99.05768,23.16469],[99.04844,23.11461],[99.10634,23.08654],[99.18702,23.1003],[99.25539,23.07773],[99.3484,23.12892],[99.38043,23.09975],[99.52826,23.06561],[99.51717,23.00669],[99.56336,22.92568],[99.53133,22.89702],[99.44695,22.9345],[99.46297,22.84464],[99.40137,22.82643],[99.38536,22.76188],[99.32684,22.7514],[99.38597,22.57136],[99.35949,22.53544],[99.38228,22.49342],[99.29728,22.41156],[99.2517,22.3933],[99.27818,22.34626],[99.23384,22.29643],[99.23568,22.25047],[99.15623,22.1596],[99.21967,22.11082],[99.40014,22.10028],[99.48699,22.12856],[99.51655,22.09973],[99.56275,22.11303],[99.64898,22.10084],[99.69641,22.06756],[99.76293,22.06812],[99.8701,22.02929],[99.87133,22.06701],[99.97235,22.05314],[99.96557,22.01431],[100.00006,21.97325],[99.96003,21.90719],[99.94401,21.8211],[99.99144,21.70382],[100.04934,21.6699],[100.0943,21.70271],[100.16945,21.66323],[100.10785,21.58534],[100.13126,21.50407],[100.16883,21.48291],[100.2064,21.50963],[100.23535,21.46676],[100.2988,21.47789],[100.3493,21.52856],[100.43738,21.53302],[100.48296,21.45896],[100.52669,21.47121],[100.57905,21.45172],[100.69176,21.51075],[100.73057,21.51854],[100.78908,21.57087],[100.80448,21.60982],[100.89934,21.68492],[101.01513,21.70716],[101.08966,21.77387],[101.11676,21.69103],[101.1531,21.66934],[101.16912,21.59035],[101.20915,21.55751],[101.19499,21.42498],[101.14263,21.40938],[101.1839,21.3347],[101.24488,21.30236],[101.22209,21.23432],[101.29046,21.17853],[101.38778,21.22596],[101.53252,21.25217],[101.60151,21.23321],[101.60582,21.17239],[101.67234,21.19471],[101.70314,21.14616],[101.76473,21.14784],[101.83372,21.25273],[101.74564,21.29735],[101.73024,21.33693],[101.74995,21.40938],[101.74132,21.48291],[101.77274,21.51298],[101.75488,21.58478],[101.80477,21.57755],[101.82879,21.61705],[101.78013,21.64098],[101.74748,21.72995],[101.77151,21.83332],[101.6668,21.93439],[101.60643,21.9677],[101.62614,22.00599],[101.57379,22.11525],[101.59658,22.16126],[101.5473,22.23828],[101.56455,22.2693],[101.62553,22.28259],[101.67172,22.37283],[101.64832,22.40049],[101.67234,22.47517],[101.77459,22.50614],[101.82448,22.45692],[101.86267,22.38943],[101.90763,22.43701],[101.97846,22.4276],[102.04621,22.45803],[102.13121,22.43092],[102.27042,22.41986],[102.25625,22.45747],[102.32277,22.55423],[102.35665,22.56362],[102.40469,22.62993],[102.38437,22.67963],[102.43672,22.69951],[102.45951,22.76299],[102.51063,22.77457],[102.60734,22.73098],[102.65723,22.68791],[102.68864,22.70006],[102.80074,22.62053],[102.8802,22.58683],[102.89252,22.53322],[102.9307,22.48236],[102.98675,22.47794],[103.03049,22.44143],[103.07175,22.48844],[103.18324,22.55865],[103.16107,22.59015],[103.19556,22.64815],[103.28302,22.67853],[103.28856,22.73208],[103.32121,22.77789],[103.37541,22.79499],[103.44132,22.75305],[103.43639,22.6973],[103.45795,22.65865],[103.5294,22.59291],[103.58052,22.66693],[103.56759,22.70116],[103.64211,22.79499],[103.76653,22.68847],[103.82505,22.61556],[103.96487,22.50227],[104.00921,22.51775],[104.00921,22.57523],[104.04309,22.67687],[104.04555,22.72822],[104.11762,22.80878],[104.27407,22.82809],[104.25682,22.77347],[104.27284,22.73815],[104.32334,22.72877],[104.3757,22.69012],[104.42251,22.73484],[104.49889,22.77457],[104.52783,22.8143],[104.5962,22.84629],[104.67443,22.81706],[104.73787,22.82588],[104.77236,22.89371],[104.84628,22.92624],[104.86044,22.97087],[104.82102,23.03202],[104.80439,23.11021],[104.87461,23.12342],[104.88262,23.16359],[104.95899,23.1889],[105.09327,23.26094],[105.12222,23.24775],[105.18196,23.27908],[105.23801,23.26424],[105.26019,23.31811],[105.32548,23.39009],[105.3729,23.31756],[105.44558,23.29283],[105.50225,23.20265],[105.5429,23.1845],[105.52627,23.23455],[105.59341,23.31261],[105.64946,23.34614],[105.69997,23.32745],[105.69997,23.40162],[105.75848,23.45983],[105.80591,23.46751],[105.81576,23.50703],[105.89214,23.52514],[105.98638,23.48947],[105.99993,23.44775],[106.1416,23.56958],[106.12065,23.60523],[106.15761,23.72418],[106.13667,23.79538],[106.1921,23.82495],[106.12804,23.95682],[106.05352,24.0514],[106.04982,24.08965],[105.91924,24.12243],[105.89214,24.04047],[105.84163,24.03063],[105.76526,24.0738],[105.70428,24.0667],[105.64946,24.03282],[105.62852,24.12679],[105.53366,24.13007],[105.49301,24.01697],[105.40616,24.04375],[105.3341,24.09457],[105.20044,24.10549],[105.18258,24.16721],[105.21522,24.2147],[105.16472,24.28836],[105.19674,24.32654],[105.10682,24.41485],[105.04276,24.4421],[104.97993,24.41267],[104.83642,24.44646],[104.70338,24.41976],[104.72124,24.34017],[104.64178,24.36798],[104.61653,24.42194],[104.57588,24.42466],[104.55001,24.51889],[104.52044,24.53523],[104.48965,24.65331],[104.52968,24.73161],[104.53954,24.81366],[104.58696,24.87286],[104.63562,24.9038],[104.66396,24.96458],[104.71323,24.99605],[104.6849,25.05407],[104.69537,25.12236],[104.75388,25.21444],[104.80193,25.16354],[104.81609,25.26262],[104.73602,25.26803],[104.68983,25.29617],[104.63994,25.29563],[104.64609,25.35676],[104.54323,25.40056],[104.55678,25.52483],[104.48349,25.49459],[104.43606,25.52051],[104.42867,25.57613],[104.33258,25.5988],[104.31041,25.6479],[104.32889,25.7606],[104.39787,25.76168],[104.4416,25.86889],[104.43852,25.92757],[104.4995,26.07065],[104.52845,26.11419],[104.5186,26.16576],[104.54262,26.25328],[104.59251,26.31767],[104.65965,26.33537],[104.68428,26.3772],[104.6658,26.43402],[104.55678,26.59039],[104.48841,26.57969],[104.46809,26.64443],[104.42436,26.70914],[104.35352,26.62089],[104.22233,26.62036],[104.16073,26.64657],[104.12131,26.63801],[104.06834,26.57327],[104.06773,26.51491],[103.95316,26.52134],[103.8657,26.51223],[103.76345,26.58504],[103.74867,26.62357],[103.77331,26.71662],[103.72527,26.74281],[103.70556,26.79464],[103.72219,26.85125],[103.77947,26.87421],[103.7536,26.96386],[103.70494,27.04917],[103.62364,27.03531],[103.63349,27.12057],[103.69632,27.12643],[103.74867,27.21002],[103.8657,27.28185],[103.90512,27.38552],[103.95624,27.42537],[104.01537,27.42909],[104.01722,27.38393],[104.08436,27.33077],[104.11392,27.33822],[104.17305,27.26323],[104.29563,27.37436],[104.36338,27.46786],[104.46747,27.41421],[104.49704,27.41474],[104.53954,27.32758],[104.6116,27.30685],[104.7545,27.34566],[104.82472,27.3531],[104.91341,27.32705],[105.06801,27.41846],[105.18443,27.39296],[105.23308,27.43652],[105.23247,27.54695],[105.30453,27.61166],[105.30823,27.70496]]]}},{"type":"Feature","id":"cnprov:540000","properties":{"boundaryId":"cnprov:540000","nodeId":"geo:cn-xz","parentNodeId":"geo:cn","bounds":[78.39538,26.85499,99.11373,36.48208]},"geometry":{"type":"Polygon","coordinates":[[[89.71141,36.09327],[89.61471,36.10971],[89.49029,36.15128],[89.37573,36.22808],[89.29258,36.23146],[89.23221,36.29564],[89.19895,36.26042],[89.12689,36.25463],[89.10225,36.28116],[88.96428,36.31879],[88.92609,36.36458],[88.8029,36.33807],[88.76656,36.29226],[88.69019,36.36795],[88.62367,36.38964],[88.57316,36.46139],[88.49863,36.44646],[88.47091,36.48208],[88.3662,36.45802],[88.24178,36.4686],[88.13461,36.42721],[88.00649,36.43057],[87.91965,36.39349],[87.76751,36.3747],[87.73179,36.38482],[87.57041,36.34241],[87.47063,36.35446],[87.46016,36.40987],[87.38686,36.41276],[87.292,36.3588],[87.19345,36.34916],[87.14911,36.29757],[86.99635,36.30866],[86.93106,36.26524],[86.83621,36.29129],[86.74628,36.29178],[86.69947,36.24449],[86.59907,36.22229],[86.53194,36.22711],[86.39273,36.20683],[86.35824,36.16868],[86.2794,36.17061],[86.18763,36.13098],[86.18208,36.06473],[86.09031,35.87681],[85.94926,35.77879],[85.81129,35.77879],[85.65299,35.7312],[85.61295,35.65149],[85.56614,35.6403],[85.51872,35.68066],[85.37397,35.7001],[85.34132,35.75354],[85.27111,35.78899],[85.14607,35.74237],[85.05307,35.75209],[84.72908,35.61355],[84.57017,35.58824],[84.44883,35.55027],[84.47593,35.51618],[84.45314,35.4733],[84.33303,35.41382],[84.0959,35.36259],[84.07742,35.40016],[84.00597,35.4226],[83.90619,35.40309],[83.88524,35.36747],[83.67767,35.36113],[83.62224,35.33526],[83.54155,35.3416],[83.44916,35.38211],[83.28039,35.40114],[83.25144,35.41772],[83.17815,35.38943],[83.12702,35.3987],[83.06789,35.46258],[82.99891,35.48451],[82.97181,35.54832],[82.96749,35.66753],[82.87387,35.68892],[82.79503,35.68844],[82.73159,35.63787],[82.62873,35.69232],[82.54619,35.70836],[82.42485,35.71274],[82.35032,35.61111],[82.32815,35.55952],[82.03435,35.45186],[82.05344,35.35039],[82.03003,35.32159],[81.95551,35.30742],[81.92779,35.27128],[81.85388,35.25857],[81.73685,35.26248],[81.68634,35.2356],[81.51326,35.23511],[81.50464,35.27909],[81.4412,35.3333],[81.36359,35.35478],[81.21946,35.31914],[81.19174,35.36552],[81.14247,35.36503],[81.05439,35.4026],[81.02605,35.31133],[80.96384,35.31084],[80.84435,35.34551],[80.68913,35.33916],[80.65649,35.39382],[80.59982,35.40943],[80.51482,35.39187],[80.44461,35.41724],[80.37501,35.38797],[80.32142,35.38699],[80.26783,35.2957],[80.36269,35.20871],[80.25798,35.20333],[80.23026,35.14757],[80.11816,35.06629],[80.07812,35.07658],[80.03131,35.03445],[80.03439,34.90203],[79.94754,34.82101],[79.89827,34.73204],[79.90689,34.68382],[79.84345,34.55725],[79.86131,34.52817],[79.80157,34.47885],[79.69994,34.47786],[79.67591,34.45122],[79.50468,34.45467],[79.36302,34.42802],[79.32668,34.44332],[79.24168,34.41518],[79.1616,34.44135],[79.0107,34.39988],[79.03965,34.33467],[78.98175,34.31836],[78.9257,34.15558],[78.87827,34.16301],[78.8019,34.13726],[78.73722,34.08969],[78.66146,34.08672],[78.65654,34.0302],[78.73661,33.99994],[78.73414,33.91853],[78.76248,33.90959],[78.75817,33.7908],[78.77972,33.73259],[78.69226,33.67633],[78.7132,33.62303],[78.75508,33.62303],[78.74215,33.55323],[78.81668,33.48088],[78.84994,33.41996],[78.94972,33.3765],[78.9682,33.33451],[79.0224,33.3235],[79.07229,33.22844],[79.16222,33.16584],[79.13943,33.11774],[79.16284,33.01191],[79.20472,32.96472],[79.25584,32.94263],[79.22751,32.89038],[79.22505,32.78428],[79.27555,32.77875],[79.30142,32.72892],[79.27309,32.67806],[79.3082,32.59692],[79.25215,32.51672],[79.19055,32.51167],[79.13574,32.4723],[79.10309,32.36974],[79.00577,32.3753],[78.97066,32.33183],[78.87273,32.40512],[78.81052,32.43644],[78.78219,32.48037],[78.76063,32.56364],[78.78157,32.60801],[78.74215,32.65488],[78.6861,32.68007],[78.6282,32.63019],[78.51856,32.60599],[78.50009,32.58078],[78.42494,32.56565],[78.39538,32.53034],[78.47298,32.43543],[78.45882,32.37985],[78.50871,32.29794],[78.42987,32.19468],[78.46991,32.12781],[78.52719,32.11463],[78.60911,32.05277],[78.60726,32.02385],[78.70519,31.98884],[78.76248,31.9472],[78.73969,31.88523],[78.66516,31.85168],[78.65469,31.81914],[78.70643,31.77845],[78.76309,31.6685],[78.84563,31.60991],[78.77972,31.54515],[78.7403,31.53291],[78.79204,31.43594],[78.75508,31.35574],[78.79512,31.30104],[78.85918,31.28928],[78.92385,31.24682],[78.99777,31.15878],[78.97436,31.11575],[79.01008,31.04399],[79.09693,30.99219],[79.18193,31.01579],[79.22751,30.94909],[79.33222,30.9691],[79.31621,31.01784],[79.4049,31.07168],[79.42708,31.01835],[79.50592,31.02758],[79.55088,30.95781],[79.59769,30.92599],[79.66052,30.95679],[79.75845,30.93677],[79.83544,30.85101],[79.89088,30.85512],[79.90073,30.7991],[79.96109,30.77134],[79.97033,30.68594],[80.01407,30.66175],[80.04363,30.60356],[80.14341,30.55822],[80.21425,30.58604],[80.32204,30.5644],[80.35776,30.52059],[80.43044,30.51595],[80.54932,30.44891],[80.63308,30.45871],[80.71932,30.41485],[80.81725,30.32139],[80.91087,30.30279],[80.93366,30.26661],[81.03468,30.24697],[81.03837,30.20509],[81.0821,30.15128],[81.09627,30.05291],[81.132,30.01612],[81.22562,30.00576],[81.29337,30.09486],[81.26935,30.15335],[81.33587,30.14973],[81.39377,30.1994],[81.41902,30.27023],[81.39993,30.31932],[81.4067,30.40401],[81.45413,30.41227],[81.55576,30.36942],[81.56623,30.42878],[81.63029,30.44684],[81.75902,30.38543],[81.87235,30.37304],[81.99123,30.32294],[82.10456,30.34618],[82.1329,30.30434],[82.11442,30.22681],[82.18895,30.18543],[82.20743,30.14352],[82.17786,30.06793],[82.24684,30.07156],[82.36819,30.01405],[82.41253,30.01198],[82.49815,29.9477],[82.56097,29.95548],[82.60902,29.88649],[82.70387,29.84757],[82.77409,29.72655],[82.83076,29.68756],[82.9484,29.70472],[82.96688,29.65896],[83.01123,29.6678],[83.08883,29.60486],[83.21756,29.60018],[83.26684,29.57104],[83.27608,29.50595],[83.32536,29.50283],[83.42329,29.36105],[83.46394,29.28592],[83.49227,29.28017],[83.54894,29.20132],[83.65611,29.16736],[83.6672,29.20028],[83.72756,29.24467],[83.80024,29.24937],[83.82057,29.29427],[83.91173,29.32349],[83.98687,29.32506],[84.00227,29.29166],[84.11684,29.28644],[84.17104,29.19453],[84.17658,29.13391],[84.20738,29.11875],[84.19445,29.045],[84.24865,29.03035],[84.22832,28.94974],[84.26836,28.89526],[84.33057,28.8591],[84.40818,28.85386],[84.44513,28.76419],[84.48332,28.73533],[84.55723,28.74635],[84.62006,28.73218],[84.69828,28.63348],[84.8572,28.5678],[84.89662,28.58724],[84.98162,28.58619],[85.05676,28.67444],[85.12636,28.67602],[85.19596,28.62402],[85.1898,28.54467],[85.16024,28.49261],[85.1085,28.46105],[85.12944,28.37789],[85.11343,28.34471],[85.17995,28.32416],[85.20951,28.33891],[85.27234,28.28254],[85.41585,28.321],[85.52056,28.3268],[85.65053,28.28359],[85.68256,28.37578],[85.72074,28.37209],[85.75339,28.22771],[85.8544,28.17233],[85.89875,28.10162],[85.90121,28.05357],[85.98005,27.98436],[85.94926,27.93731],[86.05397,27.90082],[86.12542,27.92304],[86.08292,28.01818],[86.08661,28.09],[86.1285,28.08684],[86.19132,28.16706],[86.23197,27.97432],[86.45002,27.90876],[86.51469,27.95476],[86.51346,27.99651],[86.55842,28.04776],[86.64773,28.06941],[86.70009,28.10162],[86.76846,28.06941],[86.75675,28.03297],[86.82759,28.01236],[86.86454,28.0224],[86.92675,27.98594],[86.93538,27.95529],[87.03516,27.9463],[87.08074,27.91087],[87.11831,27.84051],[87.22795,27.81299],[87.28092,27.84528],[87.31726,27.82675],[87.45954,27.82093],[87.58088,27.85956],[87.59813,27.81458],[87.72747,27.80293],[87.82664,27.92779],[87.93073,27.90929],[87.98247,27.88443],[88.12044,27.9151],[88.15678,27.95793],[88.2541,27.93943],[88.35758,27.98647],[88.40131,27.97696],[88.49801,28.04089],[88.55406,28.02768],[88.56515,28.08314],[88.64522,28.11112],[88.67602,28.06835],[88.7641,28.06835],[88.84294,28.00602],[88.88852,27.84686],[88.86327,27.81193],[88.87066,27.7431],[88.85218,27.67104],[88.77087,27.56392],[88.79798,27.52147],[88.78319,27.46732],[88.80906,27.40571],[88.86758,27.3818],[88.91192,27.27281],[88.98461,27.20896],[89.06776,27.24035],[89.07761,27.28717],[89.15276,27.31908],[89.18294,27.37383],[89.09547,27.47157],[89.10903,27.53793],[89.16323,27.57453],[89.13182,27.6334],[89.18479,27.67369],[89.23899,27.79658],[89.29566,27.84845],[89.37573,27.87596],[89.44348,27.9685],[89.46196,28.03191],[89.51123,28.08631],[89.54141,28.08842],[89.60547,28.16178],[89.72004,28.17022],[89.77917,28.19713],[89.78964,28.2409],[89.86909,28.22139],[89.90174,28.18183],[89.97627,28.18922],[90.03355,28.13698],[90.10315,28.14173],[90.12471,28.1908],[90.16659,28.18763],[90.23188,28.1449],[90.29717,28.15387],[90.38402,28.06096],[90.47949,28.04459],[90.51398,28.06202],[90.59159,28.02135],[90.70184,28.07627],[90.80224,28.04036],[90.80655,28.01501],[90.89648,27.9463],[90.96177,27.9537],[90.96485,27.90029],[91.02583,27.85745],[91.11329,27.84633],[91.15518,27.89448],[91.16257,27.9685],[91.21615,27.98911],[91.25188,27.97062],[91.30978,28.05779],[91.46499,28.00285],[91.48655,27.93731],[91.61159,27.8913],[91.61036,27.81934],[91.64238,27.7664],[91.62267,27.69224],[91.57093,27.6509],[91.56478,27.58196],[91.5851,27.54058],[91.75387,27.46255],[91.83948,27.48962],[91.94666,27.46414],[92.01072,27.47476],[92.1259,27.27334],[92.07108,27.23769],[92.03227,27.16797],[92.04398,27.0529],[92.07601,27.04118],[92.12466,26.96012],[92.10927,26.85499],[92.28604,26.89236],[92.40492,26.9025],[92.54905,26.94145],[92.68209,26.94786],[92.80281,26.89503],[92.90937,26.91424],[93.05042,26.88382],[93.1114,26.88008],[93.23274,26.90677],[93.56781,26.93825],[93.62509,26.95532],[93.74705,27.01559],[93.8419,27.04597],[93.84929,27.1685],[93.97063,27.30525],[94.14741,27.4583],[94.27737,27.58143],[94.44368,27.58514],[94.52498,27.59628],[94.7227,27.68376],[94.88592,27.7431],[95.01527,27.82887],[95.06701,27.84051],[95.28628,27.93996],[95.3528,28.04089],[95.3719,28.11006],[95.4378,28.16178],[95.52835,28.18289],[95.67432,28.25408],[95.78766,28.27042],[95.8745,28.29782],[95.98907,28.19818],[96.07468,28.19343],[96.09809,28.21242],[96.19418,28.21295],[96.27548,28.22824],[96.29827,28.14015],[96.36725,28.11851],[96.42638,28.16178],[96.46334,28.14331],[96.49968,28.0673],[96.53849,28.07522],[96.62349,28.02451],[96.69062,27.94894],[96.78425,27.9315],[96.84953,27.87438],[96.90805,27.88443],[96.97272,27.86115],[97.00845,27.8077],[97.0491,27.81405],[97.1033,27.7807],[97.16798,27.81193],[97.25359,27.89183],[97.30348,27.91352],[97.37247,27.9077],[97.37924,27.97009],[97.41312,28.01342],[97.37555,28.06255],[97.32073,28.0541],[97.36261,28.19924],[97.40203,28.2799],[97.51845,28.32785],[97.48518,28.38631],[97.52152,28.49577],[97.56957,28.54152],[97.68598,28.51996],[97.7371,28.46578],[97.73834,28.39631],[97.80116,28.3268],[97.84243,28.3268],[97.90772,28.36314],[98.02044,28.25355],[98.03337,28.18711],[98.09004,28.19554],[98.13931,28.14226],[98.16949,28.20609],[98.26681,28.24248],[98.20891,28.3584],[98.3013,28.3842],[98.31793,28.32469],[98.37768,28.24617],[98.37029,28.18394],[98.38938,28.11481],[98.4288,28.10479],[98.55938,28.18289],[98.6259,28.16548],[98.64993,28.20029],[98.71214,28.2293],[98.71029,28.28886],[98.74047,28.3484],[98.67395,28.47893],[98.6259,28.48946],[98.63761,28.55203],[98.59449,28.66762],[98.6838,28.74005],[98.65239,28.81716],[98.6567,28.91045],[98.62406,28.95864],[98.70228,28.9644],[98.78605,28.99895],[98.82177,28.92093],[98.82793,28.82136],[98.91293,28.80091],[98.97268,28.83237],[98.97391,28.86487],[98.91786,28.88688],[98.92587,28.97854],[99.01333,29.03663],[98.96097,29.16579],[98.9813,29.20498],[99.11373,29.22117],[99.07554,29.31619],[99.04474,29.52001],[99.05213,29.56375],[99.01456,29.60746],[98.99239,29.67716],[99.0238,29.84601],[99.06815,29.93162],[99.03674,30.05395],[99.04474,30.07984],[98.98931,30.1518],[98.98684,30.28057],[98.96713,30.33482],[98.96529,30.44994],[98.93203,30.52162],[98.90739,30.69829],[98.96344,30.72813],[98.9579,30.76517],[98.90492,30.78265],[98.85011,30.84947],[98.77435,30.90802],[98.80637,30.99578],[98.73677,31.04912],[98.71029,31.1178],[98.6025,31.19206],[98.60373,31.25757],[98.64377,31.33888],[98.69181,31.33325],[98.77311,31.24938],[98.81069,31.30667],[98.88706,31.37465],[98.84456,31.42982],[98.7146,31.50894],[98.65116,31.57881],[98.55384,31.66035],[98.54583,31.71738],[98.41464,31.83237],[98.39924,31.8959],[98.4325,31.92283],[98.43496,32.00761],[98.35735,32.08725],[98.30315,32.12173],[98.23047,32.26252],[98.21877,32.34244],[98.12515,32.40108],[97.94036,32.48239],[97.80732,32.50006],[97.73094,32.52731],[97.67058,32.51722],[97.54062,32.5369],[97.50243,32.53084],[97.44884,32.58683],[97.3349,32.51419],[97.38848,32.50158],[97.34105,32.44099],[97.38787,32.42735],[97.42482,32.32272],[97.37124,32.27315],[97.29979,32.2949],[97.26406,32.18253],[97.31395,32.13034],[97.21479,32.04262],[97.02877,32.04871],[97.0066,32.06798],[96.93577,32.0482],[96.8945,32.0137],[96.74298,32.00102],[96.75345,31.94416],[96.81073,31.89438],[96.76022,31.86033],[96.8403,31.72044],[96.7787,31.67563],[96.66106,31.70567],[96.61548,31.73724],[96.56805,31.71178],[96.43562,31.79626],[96.38943,31.91978],[96.28841,31.91978],[96.22004,31.90555],[96.17816,31.7754],[96.23113,31.74996],[96.25207,31.69753],[96.20773,31.59869],[96.1566,31.60277],[96.1486,31.68632],[96.06483,31.72044],[95.98907,31.78761],[95.98352,31.8166],[95.89914,31.81711],[95.824,31.68225],[95.77965,31.74894],[95.63429,31.78252],[95.54682,31.73978],[95.4569,31.80185],[95.36081,31.95939],[95.45443,32.0619],[95.44027,32.15771],[95.31523,32.14858],[95.27027,32.19468],[95.23947,32.28732],[95.20744,32.29743],[95.10581,32.25898],[95.09657,32.32222],[95.19327,32.33233],[95.21853,32.39704],[95.08179,32.38491],[94.98817,32.4228],[94.91241,32.41573],[94.88962,32.4723],[94.85204,32.46371],[94.76212,32.5263],[94.73748,32.58734],[94.63831,32.64531],[94.5915,32.64077],[94.52252,32.59591],[94.39502,32.5944],[94.37161,32.52479],[94.19668,32.51621],[94.17697,32.45412],[94.13755,32.43392],[94.09197,32.46321],[94.03038,32.44806],[93.96016,32.48492],[93.86161,32.46624],[93.82035,32.54951],[93.7218,32.57826],[93.65158,32.57171],[93.61893,32.52277],[93.51669,32.47583],[93.47665,32.5046],[93.4631,32.55607],[93.41198,32.55809],[93.38549,32.52529],[93.30049,32.6196],[93.23951,32.66244],[93.06952,32.62616],[93.00053,32.741],[92.86687,32.6982],[92.82252,32.72993],[92.6864,32.76516],[92.63466,32.72086],[92.35564,32.76466],[92.25524,32.72086],[92.19858,32.75459],[92.22753,32.821],[92.20535,32.86626],[92.14561,32.88586],[92.10187,32.86022],[92.03843,32.86073],[92.01872,32.82955],[91.9559,32.8205],[91.89677,32.90797],[91.83948,32.94815],[91.79945,32.94213],[91.58325,33.0375],[91.53583,33.10019],[91.49579,33.10921],[91.43604,33.06609],[91.37014,33.10069],[91.22662,33.14179],[91.14778,33.07211],[91.07202,33.11322],[90.88293,33.12024],[90.80347,33.11423],[90.70431,33.13578],[90.56264,33.22944],[90.49058,33.26498],[90.40558,33.26047],[90.3329,33.3105],[90.24667,33.42396],[90.10746,33.46091],[90.08344,33.5253],[90.01076,33.55373],[89.98428,33.61206],[90.0083,33.68779],[89.98366,33.72562],[89.90728,33.74105],[89.89989,33.80771],[89.83707,33.86885],[89.79518,33.86537],[89.68801,33.95974],[89.63504,34.04954],[89.65598,34.09713],[89.71203,34.13181],[89.75699,34.12487],[89.81674,34.16945],[89.86663,34.32479],[89.85862,34.35938],[89.79949,34.39642],[89.82352,34.45566],[89.81489,34.54887],[89.77794,34.5745],[89.79888,34.62869],[89.72558,34.66069],[89.73236,34.73204],[89.79949,34.74384],[89.82598,34.79693],[89.86786,34.81069],[89.82105,34.90203],[89.7071,34.9197],[89.67015,34.8878],[89.57899,34.89516],[89.56051,34.93884],[89.59069,35.05797],[89.5796,35.11869],[89.51924,35.13386],[89.46935,35.21458],[89.51616,35.33086],[89.49707,35.36113],[89.58761,35.38358],[89.61964,35.41236],[89.68554,35.41626],[89.73913,35.46843],[89.69971,35.54492],[89.71203,35.58192],[89.76562,35.59992],[89.74714,35.7516],[89.80196,35.84819],[89.77855,35.86178],[89.65475,35.84819],[89.42808,35.91753],[89.43486,35.99214],[89.47489,36.02215],[89.60547,36.03812],[89.71141,36.09327]]]}},{"type":"Feature","id":"cnprov:610000","properties":{"boundaryId":"cnprov:610000","nodeId":"geo:cn-sn","parentNodeId":"geo:cn","bounds":[105.49548,31.70517,111.24773,39.56912]},"geometry":{"type":"Polygon","coordinates":[[[110.37926,34.60061],[110.29549,34.61096],[110.22958,34.69268],[110.24683,34.78907],[110.23082,34.88093],[110.26223,34.94423],[110.32074,35.00504],[110.37371,35.13435],[110.37495,35.25173],[110.45009,35.32793],[110.47781,35.41382],[110.53139,35.51131],[110.56774,35.53956],[110.60962,35.63203],[110.57759,35.70156],[110.57143,35.80064],[110.54926,35.87778],[110.51168,35.87972],[110.51661,35.9718],[110.46795,36.07489],[110.44701,36.16433],[110.47411,36.24835],[110.45995,36.32795],[110.48705,36.39397],[110.47288,36.4532],[110.50368,36.48834],[110.4969,36.5821],[110.42669,36.65751],[110.44701,36.73765],[110.40759,36.77601],[110.42422,36.85554],[110.40882,36.8924],[110.42422,36.96369],[110.38295,37.022],[110.46056,37.04493],[110.53571,37.11512],[110.53509,37.13802],[110.6515,37.25672],[110.69523,37.34955],[110.63056,37.37286],[110.64411,37.43514],[110.7402,37.44939],[110.79502,37.55859],[110.7636,37.63967],[110.77531,37.68089],[110.73589,37.77035],[110.68045,37.79022],[110.59422,37.92205],[110.52277,37.95509],[110.50183,38.09793],[110.50922,38.19206],[110.56589,38.21511],[110.57759,38.29735],[110.66136,38.30862],[110.74697,38.36636],[110.77777,38.44092],[110.87447,38.45358],[110.87078,38.51026],[110.90773,38.52104],[110.92005,38.58188],[110.88063,38.62678],[110.91513,38.70435],[110.96502,38.7557],[111.00936,38.84758],[111.00998,38.93282],[110.98041,38.97006],[111.03831,39.02029],[111.1381,39.06445],[111.16335,39.15268],[111.24773,39.30242],[111.20215,39.3052],[111.12578,39.3663],[111.06418,39.40099],[111.05864,39.44768],[111.10545,39.47263],[111.15473,39.56912],[111.01737,39.55205],[110.86955,39.49434],[110.73835,39.34871],[110.70263,39.2737],[110.62625,39.26675],[110.524,39.38295],[110.38542,39.31029],[110.24375,39.42365],[110.15259,39.45415],[110.12549,39.43289],[110.21788,39.28111],[110.04111,39.21623],[109.96227,39.21206],[109.90252,39.27185],[109.87172,39.24358],[109.96104,39.19165],[109.8514,39.12297],[109.66538,38.98169],[109.67216,38.92817],[109.62412,38.85457],[109.54959,38.80562],[109.5114,38.8336],[109.44426,38.78276],[109.40423,38.72069],[109.33894,38.70154],[109.33155,38.59778],[109.27673,38.62304],[109.17571,38.51869],[109.05437,38.43389],[109.05129,38.38512],[109.00756,38.35932],[108.93858,38.20758],[108.96445,38.15489],[109.06916,38.09134],[109.01865,37.9716],[108.93488,37.92252],[108.88314,38.01405],[108.82709,37.98906],[108.79814,37.93385],[108.79198,37.7003],[108.62814,37.65199],[108.53267,37.69083],[108.42242,37.64867],[108.30108,37.64062],[108.24626,37.66573],[108.13416,37.62213],[108.01282,37.66857],[107.98202,37.78738],[107.84282,37.82899],[107.73257,37.84931],[107.68452,37.88852],[107.65003,37.86443],[107.62047,37.77603],[107.49913,37.76562],[107.48496,37.70646],[107.42213,37.66525],[107.36916,37.58752],[107.34576,37.51873],[107.28416,37.48169],[107.25768,37.33718],[107.30942,37.2391],[107.33467,37.13898],[107.26876,37.09937],[107.31003,36.9125],[107.47818,36.9082],[107.53362,36.86703],[107.54039,36.82872],[107.67036,36.83303],[107.7221,36.80237],[107.90749,36.75012],[107.94075,36.69495],[108.00666,36.68344],[108.00173,36.63927],[108.06086,36.59219],[108.16372,36.56384],[108.21054,36.5773],[108.26227,36.54942],[108.3405,36.55903],[108.40825,36.45946],[108.46061,36.42287],[108.51481,36.4455],[108.6189,36.43395],[108.65155,36.38482],[108.646,36.25414],[108.71253,36.13872],[108.68235,36.06232],[108.6885,36.02118],[108.65216,35.94806],[108.59365,35.95097],[108.51851,35.90541],[108.49941,35.87244],[108.52774,35.82442],[108.5339,35.74626],[108.51789,35.69962],[108.53945,35.60576],[108.61829,35.55709],[108.60597,35.50303],[108.63122,35.4187],[108.61459,35.32891],[108.48894,35.27518],[108.36144,35.27958],[108.23948,35.25613],[108.17481,35.30498],[108.04916,35.25368],[107.94999,35.24538],[107.86746,35.25613],[107.7455,35.31182],[107.73749,35.26737],[107.66728,35.2571],[107.72764,35.12016],[107.76952,35.06433],[107.86315,34.99916],[107.74181,34.95355],[107.67528,34.9511],[107.56442,34.96876],[107.52376,34.90989],[107.40058,34.93295],[107.28663,34.93197],[107.25275,34.88093],[107.18931,34.8932],[107.16221,34.94423],[107.08953,34.9766],[107.08275,35.02416],[107.01253,35.02955],[106.99098,35.06825],[106.90166,35.0947],[106.83822,35.08001],[106.71072,35.10057],[106.61525,35.07119],[106.54196,35.08393],[106.48467,34.98396],[106.4933,34.94129],[106.57522,34.7699],[106.50562,34.74679],[106.41938,34.64346],[106.31406,34.57893],[106.33438,34.51781],[106.45511,34.53162],[106.51424,34.51189],[106.61094,34.45418],[106.63804,34.39148],[106.7175,34.36926],[106.68239,34.25606],[106.58938,34.25358],[106.52656,34.29216],[106.58507,34.14964],[106.56043,34.10951],[106.50192,34.10506],[106.50562,34.05648],[106.47174,34.02424],[106.4742,33.97066],[106.41076,33.90909],[106.42801,33.86637],[106.49145,33.83456],[106.46188,33.78981],[106.48283,33.7072],[106.53456,33.69525],[106.57583,33.6315],[106.58076,33.57617],[106.54011,33.51282],[106.45696,33.53278],[106.4471,33.61306],[106.30359,33.60459],[106.18717,33.54675],[106.10833,33.56969],[106.08678,33.61704],[105.9716,33.61306],[105.84225,33.48987],[105.82747,33.37999],[105.70982,33.38299],[105.7554,33.329],[105.75294,33.29199],[105.86257,33.23445],[105.91739,33.23795],[105.96544,33.20441],[105.96852,33.15432],[105.91493,33.06609],[105.91739,32.99384],[105.86196,32.93911],[105.82685,32.95066],[105.73569,32.90545],[105.59033,32.87681],[105.56569,32.90696],[105.49917,32.91199],[105.49548,32.87329],[105.55522,32.79434],[105.56384,32.72489],[105.59649,32.69921],[105.67779,32.7264],[105.71906,32.75962],[105.82254,32.77019],[105.84902,32.81799],[105.96913,32.84916],[106.01163,32.82955],[106.04428,32.86475],[106.09355,32.82402],[106.07261,32.76365],[106.07138,32.75811],[106.17424,32.6977],[106.25493,32.69367],[106.34794,32.671],[106.42123,32.61658],[106.45141,32.65992],[106.58569,32.68813],[106.67007,32.69468],[106.73351,32.73949],[106.85485,32.72439],[106.91275,32.70425],[107.01253,32.72137],[107.09877,32.64934],[107.108,32.60095],[107.08029,32.54245],[107.1271,32.48239],[107.18992,32.46826],[107.26384,32.4031],[107.31373,32.48997],[107.3821,32.54043],[107.4363,32.52984],[107.43876,32.46573],[107.52746,32.38238],[107.59829,32.41169],[107.68083,32.39704],[107.70793,32.33183],[107.75351,32.3384],[107.81202,32.24784],[107.86438,32.20127],[107.92474,32.19722],[107.97956,32.14605],[108.02452,32.17746],[108.01836,32.2119],[108.08673,32.23317],[108.17974,32.22152],[108.24072,32.27467],[108.31093,32.23215],[108.38977,32.26353],[108.46985,32.27062],[108.50742,32.24582],[108.50988,32.20127],[108.58503,32.17189],[108.6768,32.10297],[108.73408,32.10652],[108.78767,32.04871],[108.83756,32.03907],[108.90224,31.98477],[108.98662,31.98021],[109.08579,31.92943],[109.19111,31.85575],[109.19542,31.81762],[109.27611,31.79931],[109.28165,31.71687],[109.38144,31.70517],[109.44611,31.72298],[109.58593,31.72655],[109.59209,31.78914],[109.63397,31.8044],[109.60379,31.88574],[109.63151,31.96244],[109.59086,32.01269],[109.62165,32.10652],[109.58716,32.16125],[109.60441,32.19924],[109.5502,32.22507],[109.49539,32.30047],[109.50278,32.38895],[109.57546,32.50662],[109.63705,32.54093],[109.63151,32.59994],[109.72698,32.60851],[109.81691,32.57725],[109.91053,32.59288],[110.0177,32.54699],[110.08422,32.58078],[110.15382,32.59339],[110.20618,32.63321],[110.1569,32.68309],[110.15937,32.76717],[110.10516,32.83257],[109.98875,32.88636],[109.90745,32.90395],[109.7898,32.88234],[109.76455,32.90947],[109.79473,33.0671],[109.68817,33.11673],[109.57607,33.11022],[109.52249,33.13879],[109.43872,33.15231],[109.51448,33.23795],[109.60687,33.23595],[109.6931,33.25447],[109.73252,33.23144],[109.85201,33.24796],[110.03125,33.19189],[110.16491,33.20942],[110.2185,33.16334],[110.33799,33.16033],[110.37248,33.18638],[110.47103,33.17135],[110.54125,33.25547],[110.57759,33.25046],[110.59422,33.16835],[110.65089,33.15732],[110.70263,33.09718],[110.75313,33.15031],[110.82458,33.15833],[110.82889,33.2014],[110.9219,33.20391],[110.98473,33.25547],[111.02599,33.3305],[110.99643,33.43595],[111.02661,33.4679],[111.02661,33.47839],[111.00382,33.57866],[110.96686,33.60907],[110.87878,33.63449],[110.82397,33.68579],[110.83197,33.71368],[110.78208,33.79627],[110.71248,33.83356],[110.61208,33.85245],[110.58745,33.88773],[110.66567,33.93789],[110.67121,33.96619],[110.59176,34.10159],[110.64226,34.16103],[110.43962,34.2432],[110.45194,34.29265],[110.50368,34.33714],[110.4735,34.39346],[110.40328,34.43345],[110.36078,34.51682],[110.37926,34.60061]]]}},{"type":"Feature","id":"cnprov:620000","properties":{"boundaryId":"cnprov:620000","nodeId":"geo:cn-gs","parentNodeId":"geo:cn","bounds":[92.33901,32.59389,108.71253,42.79526]},"geometry":{"type":"MultiPolygon","coordinates":[[[[106.50623,35.73751],[106.49268,35.73266],[106.43478,35.68844],[106.46004,35.6437],[106.44094,35.52641],[106.50377,35.41528],[106.47235,35.31084],[106.41569,35.27616],[106.3196,35.26541],[106.24138,35.35869],[106.23768,35.40943],[106.17301,35.43772],[106.12989,35.39333],[106.08308,35.42162],[106.07323,35.44747],[106.07138,35.44942],[106.06953,35.45819],[106.07199,35.46356],[106.05413,35.45478],[105.8946,35.41382],[105.89768,35.45137],[106.04859,35.4889],[106.04736,35.49815],[106.01718,35.5191],[105.90015,35.54735],[105.86873,35.54005],[105.76218,35.60284],[105.71352,35.65051],[105.66732,35.74966],[105.59587,35.71565],[105.48192,35.72731],[105.45729,35.77151],[105.37106,35.84431],[105.32486,35.94176],[105.34395,36.03377],[105.4308,36.10391],[105.49116,36.10101],[105.51519,36.14742],[105.45975,36.26814],[105.47638,36.29322],[105.40124,36.36988],[105.39816,36.43057],[105.3224,36.53595],[105.28174,36.52249],[105.26142,36.60276],[105.22015,36.63111],[105.20106,36.70071],[105.2183,36.73046],[105.31993,36.74292],[105.33471,36.80093],[105.24479,36.8948],[105.17888,36.8924],[105.16533,36.99476],[104.95468,37.04016],[104.85613,37.21193],[104.77667,37.24672],[104.71754,37.2086],[104.63809,37.20192],[104.60052,37.24291],[104.62454,37.29863],[104.71385,37.32957],[104.66211,37.36763],[104.67997,37.40804],[104.52106,37.43466],[104.36523,37.41803],[104.287,37.42801],[104.18352,37.40662],[103.93592,37.57282],[103.87494,37.60412],[103.84106,37.64725],[103.68338,37.77792],[103.40744,37.86065],[103.36248,38.03762],[103.36864,38.08898],[103.53494,38.15678],[103.50784,38.2809],[103.41606,38.40482],[103.85954,38.64454],[104.01168,38.85923],[104.04432,38.89511],[104.17305,38.94446],[104.19646,38.9882],[104.20755,39.0835],[104.17121,39.16057],[104.0474,39.29779],[104.0899,39.41995],[103.95563,39.45692],[103.85338,39.46154],[103.5953,39.38665],[103.34462,39.33159],[103.18817,39.2153],[103.13335,39.19258],[103.0077,39.09975],[102.61657,39.1717],[102.45335,39.25517],[102.3548,39.23199],[102.27658,39.18887],[101.9027,39.11183],[101.83372,39.08907],[101.92611,39.00076],[102.07516,38.89138],[101.94151,38.80888],[101.87375,38.73376],[101.77705,38.66043],[101.67296,38.6908],[101.60151,38.65529],[101.5627,38.71322],[101.41241,38.7641],[101.33111,38.77716],[101.33542,38.84711],[101.24303,38.86063],[101.19868,38.94306],[101.22886,39.02075],[101.11738,38.97517],[100.96955,38.94679],[100.96155,39.00587],[100.9018,39.03005],[100.83528,39.02587],[100.82912,39.07513],[100.86423,39.10672],[100.84267,39.2],[100.84205,39.40561],[100.70778,39.40469],[100.60676,39.38758],[100.49898,39.40053],[100.50082,39.48141],[100.32651,39.50912],[100.30126,39.57235],[100.31419,39.60694],[100.25014,39.68527],[100.12818,39.70231],[100.04072,39.75708],[99.90459,39.7856],[99.82206,39.86006],[99.67238,39.88808],[99.53318,39.89175],[99.71427,39.97206],[99.75123,40.00691],[99.84115,40.01333],[99.92738,40.06373],[99.95572,40.1507],[100.00746,40.20008],[100.16945,40.27774],[100.16945,40.54113],[100.24274,40.61886],[100.2372,40.7169],[100.10785,40.87548],[100.05735,40.90805],[99.673,40.93292],[99.56583,40.84696],[99.17471,40.85828],[99.17286,40.74729],[99.10203,40.67652],[99.04166,40.69377],[98.985,40.78264],[98.79098,40.70556],[98.80268,40.60704],[98.68935,40.69195],[98.6684,40.77313],[98.56985,40.74684],[98.62775,40.67788],[98.34442,40.56841],[98.33333,40.9189],[98.25018,40.93925],[97.97178,41.09774],[97.62931,41.4405],[97.61392,41.47728],[97.84674,41.65638],[97.65334,41.98686],[97.37124,42.45708],[97.1729,42.79526],[96.96841,42.75616],[96.74236,42.75704],[96.38635,42.72759],[96.16646,42.62331],[96.10363,42.60438],[96.02356,42.54268],[96.0174,42.48224],[95.9786,42.43676],[96.06606,42.41467],[96.04081,42.32669],[96.17816,42.21775],[96.07715,42.14946],[96.13874,42.05399],[96.11718,41.98597],[95.99831,41.90629],[95.85541,41.8497],[95.65646,41.82607],[95.57146,41.79618],[95.39407,41.69348],[95.33556,41.64431],[95.29983,41.56599],[95.24748,41.61344],[95.13599,41.77298],[94.96907,41.71895],[94.8619,41.66845],[94.75041,41.53823],[94.53422,41.50597],[94.18437,41.26844],[94.01067,41.11488],[93.90842,40.98354],[93.80987,40.87955],[93.82096,40.79352],[93.7606,40.66472],[93.50622,40.64838],[92.92847,40.5725],[92.92046,40.39179],[92.90691,40.31061],[92.79665,40.1539],[92.74553,39.86833],[92.68763,39.65717],[92.63959,39.5142],[92.52564,39.36861],[92.33901,39.23663],[92.34394,39.14618],[92.36673,39.05933],[92.41046,39.03842],[92.45912,39.0426],[92.48992,39.09975],[92.6593,39.10997],[92.76586,39.1369],[92.86687,39.13875],[92.93894,39.16985],[92.97836,39.1434],[93.04303,39.14665],[93.11509,39.17959],[93.13173,39.10811],[93.19825,39.04586],[93.17915,38.92398],[93.27401,38.89604],[93.45325,38.9156],[93.72919,38.92444],[93.83451,38.86762],[93.8844,38.82614],[93.76984,38.82101],[93.77353,38.7711],[93.88502,38.72069],[93.9731,38.72489],[94.28107,38.7599],[94.37038,38.7627],[94.51143,38.44514],[94.52744,38.36542],[94.67281,38.387],[94.81262,38.38559],[94.974,38.43014],[95.07255,38.40248],[95.12244,38.41701],[95.18527,38.37949],[95.2099,38.32787],[95.25918,38.30298],[95.31585,38.31895],[95.40824,38.30016],[95.48769,38.31472],[95.51849,38.295],[95.67186,38.38841],[95.83693,38.3443],[95.85295,38.28748],[95.89606,38.2903],[95.93856,38.2372],[96.06606,38.17325],[96.10918,38.18736],[96.26439,38.14595],[96.33584,38.24613],[96.37834,38.27715],[96.46334,38.27762],[96.66537,38.23015],[96.62656,38.35603],[96.69801,38.42217],[96.70664,38.50558],[96.78055,38.50418],[96.76761,38.5524],[96.84707,38.59919],[96.96102,38.55801],[97.05587,38.59451],[97.05772,38.67258],[97.00906,38.70248],[97.02323,38.7557],[96.98751,38.79303],[96.98381,38.86902],[96.94069,38.90768],[96.96533,39.01703],[96.96964,39.0979],[97.01214,39.142],[96.96225,39.19814],[97.22095,39.19304],[97.34721,39.16753],[97.4587,39.11786],[97.50489,39.07653],[97.67921,39.01052],[97.70138,38.96308],[97.82888,38.93003],[97.87569,38.89837],[98.00935,38.85923],[98.09188,38.7865],[98.24217,38.88066],[98.2354,38.91886],[98.27667,38.96354],[98.28098,39.02726],[98.38384,39.02959],[98.45775,38.95284],[98.52674,38.95563],[98.58464,38.93003],[98.66163,38.99378],[98.74355,39.08675],[98.88645,39.04074],[98.95174,38.98774],[99.0546,38.97657],[99.10757,38.95191],[99.06876,38.89697],[99.22213,38.78883],[99.29112,38.76597],[99.36195,38.71835],[99.45065,38.60433],[99.50177,38.61228],[99.52887,38.54631],[99.65945,38.44936],[99.82699,38.37011],[100.00191,38.31519],[100.183,38.22216],[100.15959,38.29124],[100.09307,38.40717],[100.02224,38.43202],[100.0013,38.46717],[100.06412,38.51869],[100.16329,38.46155],[100.24028,38.44186],[100.25937,38.36636],[100.45956,38.2654],[100.54579,38.24707],[100.61908,38.26587],[100.75213,38.23861],[100.82542,38.15866],[100.9135,38.17889],[100.92213,38.08474],[100.89502,38.01311],[100.96401,38.01122],[101.1143,37.92016],[101.15926,37.86821],[101.27691,37.83655],[101.36252,37.79116],[101.45922,37.86632],[101.59843,37.82757],[101.67049,37.75426],[101.65941,37.73344],[101.79183,37.69604],[101.81585,37.65436],[101.94643,37.72824],[101.99879,37.72492],[102.03636,37.68515],[102.03513,37.62782],[102.13121,37.54625],[102.12506,37.48549],[102.19712,37.4204],[102.29998,37.3914],[102.29875,37.37],[102.4281,37.30862],[102.45766,37.24815],[102.59994,37.17475],[102.64244,37.09985],[102.58331,37.10462],[102.48846,37.07836],[102.50632,37.01913],[102.45027,36.96847],[102.56114,36.91968],[102.58701,36.8699],[102.63936,36.85267],[102.69234,36.77553],[102.60118,36.71031],[102.63074,36.65079],[102.76194,36.56864],[102.75331,36.52586],[102.82969,36.36554],[102.83647,36.34482],[102.89683,36.3318],[102.9227,36.29805],[103.02494,36.25656],[103.04896,36.19911],[102.98675,36.19331],[102.94117,36.10488],[102.88204,36.08263],[102.97197,35.99553],[102.94241,35.92674],[102.95473,35.85886],[102.91407,35.84528],[102.78719,35.86274],[102.71513,35.81569],[102.68618,35.772],[102.70773,35.70496],[102.80875,35.5605],[102.74346,35.49475],[102.69541,35.52836],[102.571,35.54832],[102.53158,35.58046],[102.40839,35.40943],[102.31476,35.4343],[102.28766,35.36552],[102.31784,35.34307],[102.3123,35.28251],[102.40408,35.17937],[102.31045,35.12897],[102.29567,35.07168],[102.17618,35.03298],[102.09487,34.9869],[102.04806,34.91087],[101.91687,34.87356],[101.92303,34.83575],[101.91995,34.62179],[101.93473,34.58731],[102.00187,34.53852],[102.09303,34.53655],[102.13984,34.50351],[102.20574,34.40778],[102.14969,34.27188],[102.06777,34.29364],[102.06223,34.22786],[101.95506,34.10951],[101.89777,34.13379],[101.76411,34.12289],[101.7364,34.08028],[101.67419,34.11051],[101.6206,34.17886],[101.53868,34.21202],[101.41796,34.22786],[101.17836,34.32083],[101.05455,34.32281],[100.9868,34.37469],[100.89502,34.37518],[100.86854,34.33269],[100.82173,34.31737],[100.80941,34.24715],[100.76445,34.17886],[100.80633,34.15558],[100.88086,34.03664],[100.93506,33.99001],[100.99481,33.89171],[101.05455,33.86339],[101.15372,33.8445],[101.19068,33.7918],[101.17712,33.6853],[101.23687,33.68579],[101.30278,33.6579],[101.38531,33.64495],[101.42843,33.68032],[101.50172,33.70272],[101.58426,33.67434],[101.61691,33.5986],[101.62245,33.50234],[101.71854,33.49486],[101.76904,33.53877],[101.88422,33.57816],[101.9064,33.48188],[101.94643,33.44294],[101.8873,33.38399],[101.87745,33.3145],[101.76966,33.26898],[101.84172,33.18488],[101.82571,33.11924],[101.86574,33.1032],[101.93535,33.18688],[102.05484,33.18988],[102.11705,33.28849],[102.16016,33.24296],[102.21745,33.24796],[102.19219,33.33701],[102.2581,33.40947],[102.39299,33.40448],[102.44781,33.45492],[102.46136,33.50135],[102.44042,33.57467],[102.34679,33.60558],[102.31538,33.66537],[102.34248,33.72562],[102.26118,33.82114],[102.25317,33.8614],[102.13614,33.9652],[102.22607,33.96321],[102.316,33.99398],[102.39237,33.97165],[102.43734,34.08721],[102.47121,34.07284],[102.61596,34.0996],[102.59871,34.14766],[102.65107,34.16598],[102.72868,34.23577],[102.91161,34.31292],[102.97752,34.2526],[102.9732,34.20559],[103.05204,34.19519],[103.12411,34.16202],[103.12965,34.0659],[103.15737,33.99894],[103.12041,33.95329],[103.18139,33.90065],[103.15367,33.81915],[103.35447,33.74354],[103.43454,33.75299],[103.46472,33.80224],[103.51831,33.80721],[103.54541,33.71965],[103.64581,33.7087],[103.77824,33.6589],[103.86139,33.68231],[103.98026,33.67085],[104.04617,33.68629],[104.10345,33.66338],[104.17675,33.5996],[104.15519,33.54276],[104.22048,33.40448],[104.27222,33.39149],[104.32827,33.22393],[104.37816,33.10921],[104.33751,33.038],[104.39171,33.03549],[104.37816,32.95317],[104.28823,32.94263],[104.29439,32.83559],[104.36399,32.82251],[104.45885,32.74855],[104.58265,32.72237],[104.64302,32.66194],[104.6966,32.67352],[104.73972,32.63523],[104.84566,32.65387],[104.882,32.60095],[105.02675,32.65035],[105.0791,32.63724],[105.11113,32.59389],[105.34703,32.68259],[105.36859,32.71281],[105.44866,32.73295],[105.38091,32.87631],[105.41417,32.92203],[105.49917,32.91199],[105.56569,32.90696],[105.59033,32.87681],[105.73569,32.90545],[105.82685,32.95066],[105.86196,32.93911],[105.91739,32.99384],[105.91493,33.06609],[105.96852,33.15432],[105.96544,33.20441],[105.91739,33.23795],[105.86257,33.23445],[105.75294,33.29199],[105.7554,33.329],[105.70982,33.38299],[105.82747,33.37999],[105.84225,33.48987],[105.9716,33.61306],[106.08678,33.61704],[106.10833,33.56969],[106.18717,33.54675],[106.30359,33.60459],[106.4471,33.61306],[106.45696,33.53278],[106.54011,33.51282],[106.58076,33.57617],[106.57583,33.6315],[106.53456,33.69525],[106.48283,33.7072],[106.46188,33.78981],[106.49145,33.83456],[106.42801,33.86637],[106.41076,33.90909],[106.4742,33.97066],[106.47174,34.02424],[106.50562,34.05648],[106.50192,34.10506],[106.56043,34.10951],[106.58507,34.14964],[106.52656,34.29216],[106.58938,34.25358],[106.68239,34.25606],[106.7175,34.36926],[106.63804,34.39148],[106.61094,34.45418],[106.51424,34.51189],[106.45511,34.53162],[106.33438,34.51781],[106.31406,34.57893],[106.41938,34.64346],[106.50562,34.74679],[106.57522,34.7699],[106.4933,34.94129],[106.48467,34.98396],[106.54196,35.08393],[106.61525,35.07119],[106.71072,35.10057],[106.83822,35.08001],[106.90166,35.0947],[106.99098,35.06825],[107.01253,35.02955],[107.08275,35.02416],[107.08953,34.9766],[107.16221,34.94423],[107.18931,34.8932],[107.25275,34.88093],[107.28663,34.93197],[107.40058,34.93295],[107.52376,34.90989],[107.56442,34.96876],[107.67528,34.9511],[107.74181,34.95355],[107.86315,34.99916],[107.76952,35.06433],[107.72764,35.12016],[107.66728,35.2571],[107.73749,35.26737],[107.7455,35.31182],[107.86746,35.25613],[107.94999,35.24538],[108.04916,35.25368],[108.17481,35.30498],[108.23948,35.25613],[108.36144,35.27958],[108.48894,35.27518],[108.61459,35.32891],[108.63122,35.4187],[108.60597,35.50303],[108.61829,35.55709],[108.53945,35.60576],[108.51789,35.69962],[108.5339,35.74626],[108.52774,35.82442],[108.49941,35.87244],[108.51851,35.90541],[108.59365,35.95097],[108.65216,35.94806],[108.6885,36.02118],[108.68235,36.06232],[108.71253,36.13872],[108.646,36.25414],[108.65155,36.38482],[108.6189,36.43395],[108.51481,36.4455],[108.46061,36.42287],[108.40825,36.45946],[108.3405,36.55903],[108.26227,36.54942],[108.21054,36.5773],[108.16372,36.56384],[108.06086,36.59219],[108.00173,36.63927],[108.00666,36.68344],[107.94075,36.69495],[107.90749,36.75012],[107.7221,36.80237],[107.67036,36.83303],[107.54039,36.82872],[107.53362,36.86703],[107.47818,36.9082],[107.31003,36.9125],[107.26876,37.09937],[107.18192,37.14327],[107.09569,37.1156],[107.0304,37.14088],[106.99837,37.10653],[106.90598,37.15138],[106.89119,37.09841],[106.77601,37.15806],[106.77293,37.12037],[106.6054,37.12752],[106.66699,37.01675],[106.64297,36.96273],[106.54011,36.98424],[106.54935,36.94169],[106.62696,36.8924],[106.65775,36.82058],[106.62757,36.753],[106.51424,36.71558],[106.46558,36.58306],[106.39721,36.54845],[106.45572,36.497],[106.52348,36.4686],[106.49206,36.42239],[106.51054,36.37904],[106.50438,36.26621],[106.5592,36.29226],[106.77293,36.21263],[106.8333,36.22904],[106.93061,36.13872],[106.95772,36.09134],[106.92815,36.0115],[106.94786,35.98826],[106.91275,35.93207],[106.84993,35.88748],[106.92753,35.81035],[106.86717,35.73848],[106.75076,35.68941],[106.56659,35.73897],[106.50623,35.73751]]],[[[106.04736,35.49815],[106.04859,35.4889],[106.05413,35.45478],[106.07199,35.46356],[106.04736,35.49815]]]]}},{"type":"Feature","id":"cnprov:630000","properties":{"boundaryId":"cnprov:630000","nodeId":"geo:cn-qh","parentNodeId":"geo:cn","bounds":[89.42808,31.59869,103.04896,39.19814]},"geometry":{"type":"Polygon","coordinates":[[[102.82969,36.36554],[102.75331,36.52586],[102.76194,36.56864],[102.63074,36.65079],[102.60118,36.71031],[102.69234,36.77553],[102.63936,36.85267],[102.58701,36.8699],[102.56114,36.91968],[102.45027,36.96847],[102.50632,37.01913],[102.48846,37.07836],[102.58331,37.10462],[102.64244,37.09985],[102.59994,37.17475],[102.45766,37.24815],[102.4281,37.30862],[102.29875,37.37],[102.29998,37.3914],[102.19712,37.4204],[102.12506,37.48549],[102.13121,37.54625],[102.03513,37.62782],[102.03636,37.68515],[101.99879,37.72492],[101.94643,37.72824],[101.81585,37.65436],[101.79183,37.69604],[101.65941,37.73344],[101.67049,37.75426],[101.59843,37.82757],[101.45922,37.86632],[101.36252,37.79116],[101.27691,37.83655],[101.15926,37.86821],[101.1143,37.92016],[100.96401,38.01122],[100.89502,38.01311],[100.92213,38.08474],[100.9135,38.17889],[100.82542,38.15866],[100.75213,38.23861],[100.61908,38.26587],[100.54579,38.24707],[100.45956,38.2654],[100.25937,38.36636],[100.24028,38.44186],[100.16329,38.46155],[100.06412,38.51869],[100.0013,38.46717],[100.02224,38.43202],[100.09307,38.40717],[100.15959,38.29124],[100.183,38.22216],[100.00191,38.31519],[99.82699,38.37011],[99.65945,38.44936],[99.52887,38.54631],[99.50177,38.61228],[99.45065,38.60433],[99.36195,38.71835],[99.29112,38.76597],[99.22213,38.78883],[99.06876,38.89697],[99.10757,38.95191],[99.0546,38.97657],[98.95174,38.98774],[98.88645,39.04074],[98.74355,39.08675],[98.66163,38.99378],[98.58464,38.93003],[98.52674,38.95563],[98.45775,38.95284],[98.38384,39.02959],[98.28098,39.02726],[98.27667,38.96354],[98.2354,38.91886],[98.24217,38.88066],[98.09188,38.7865],[98.00935,38.85923],[97.87569,38.89837],[97.82888,38.93003],[97.70138,38.96308],[97.67921,39.01052],[97.50489,39.07653],[97.4587,39.11786],[97.34721,39.16753],[97.22095,39.19304],[96.96225,39.19814],[97.01214,39.142],[96.96964,39.0979],[96.96533,39.01703],[96.94069,38.90768],[96.98381,38.86902],[96.98751,38.79303],[97.02323,38.7557],[97.00906,38.70248],[97.05772,38.67258],[97.05587,38.59451],[96.96102,38.55801],[96.84707,38.59919],[96.76761,38.5524],[96.78055,38.50418],[96.70664,38.50558],[96.69801,38.42217],[96.62656,38.35603],[96.66537,38.23015],[96.46334,38.27762],[96.37834,38.27715],[96.33584,38.24613],[96.26439,38.14595],[96.10918,38.18736],[96.06606,38.17325],[95.93856,38.2372],[95.89606,38.2903],[95.85295,38.28748],[95.83693,38.3443],[95.67186,38.38841],[95.51849,38.295],[95.48769,38.31472],[95.40824,38.30016],[95.31585,38.31895],[95.25918,38.30298],[95.2099,38.32787],[95.18527,38.37949],[95.12244,38.41701],[95.07255,38.40248],[94.974,38.43014],[94.81262,38.38559],[94.67281,38.387],[94.52744,38.36542],[94.51143,38.44514],[94.37038,38.7627],[94.28107,38.7599],[93.9731,38.72489],[93.88502,38.72069],[93.77353,38.7711],[93.76984,38.82101],[93.8844,38.82614],[93.83451,38.86762],[93.72919,38.92444],[93.45325,38.9156],[93.27401,38.89604],[93.17915,38.92398],[93.19825,39.04586],[93.13173,39.10811],[93.11509,39.17959],[93.04303,39.14665],[92.97836,39.1434],[92.93894,39.16985],[92.86687,39.13875],[92.76586,39.1369],[92.6593,39.10997],[92.48992,39.09975],[92.45912,39.0426],[92.41046,39.03842],[92.38028,38.99983],[92.26387,39.00215],[92.17332,38.96075],[92.10865,38.96354],[91.96637,38.93096],[91.80622,38.87274],[91.50133,38.81541],[91.44652,38.81355],[91.29869,38.74636],[90.89956,38.67959],[90.72463,38.65809],[90.65996,38.67445],[90.64579,38.63519],[90.52569,38.56129],[90.46348,38.55661],[90.42714,38.49387],[90.35322,38.48216],[90.31503,38.50184],[90.13087,38.49434],[90.11177,38.41889],[90.17953,38.39685],[90.13764,38.34054],[90.28054,38.23814],[90.35261,38.23344],[90.36185,38.30016],[90.53123,38.31989],[90.51645,38.20711],[90.51953,37.7306],[90.57927,37.72066],[90.77761,37.64867],[90.88231,37.57566],[90.86568,37.53059],[90.95808,37.47789],[91.01967,37.49309],[91.09974,37.44797],[91.13485,37.32433],[91.1946,37.27387],[91.1909,37.20574],[91.28021,37.16378],[91.30362,37.08314],[91.30362,37.01244],[91.18105,37.02535],[91.12684,36.97851],[91.0517,36.96751],[91.03692,36.92973],[90.98394,36.91346],[90.85398,36.91537],[90.75851,36.82584],[90.73203,36.82584],[90.70616,36.65896],[90.74126,36.58595],[90.81087,36.58547],[90.83119,36.55807],[90.9051,36.56047],[91.03568,36.5297],[91.0517,36.43395],[91.02644,36.32361],[91.07264,36.29901],[91.0517,36.23821],[91.09605,36.21987],[91.09235,36.16384],[91.12499,36.11551],[91.08126,36.08844],[90.97902,36.10681],[90.92297,36.02893],[90.85029,36.01683],[90.77637,36.0865],[90.65934,36.13485],[90.61315,36.12663],[90.53493,36.1479],[90.42406,36.13388],[90.32551,36.1595],[90.23681,36.16046],[90.13025,36.2078],[90.14565,36.23918],[90.02801,36.25849],[89.99783,36.16819],[89.94486,36.14065],[89.91406,36.07925],[89.76685,36.07393],[89.71141,36.09327],[89.60547,36.03812],[89.47489,36.02215],[89.43486,35.99214],[89.42808,35.91753],[89.65475,35.84819],[89.77855,35.86178],[89.80196,35.84819],[89.74714,35.7516],[89.76562,35.59992],[89.71203,35.58192],[89.69971,35.54492],[89.73913,35.46843],[89.68554,35.41626],[89.61964,35.41236],[89.58761,35.38358],[89.49707,35.36113],[89.51616,35.33086],[89.46935,35.21458],[89.51924,35.13386],[89.5796,35.11869],[89.59069,35.05797],[89.56051,34.93884],[89.57899,34.89516],[89.67015,34.8878],[89.7071,34.9197],[89.82105,34.90203],[89.86786,34.81069],[89.82598,34.79693],[89.79949,34.74384],[89.73236,34.73204],[89.72558,34.66069],[89.79888,34.62869],[89.77794,34.5745],[89.81489,34.54887],[89.82352,34.45566],[89.79949,34.39642],[89.85862,34.35938],[89.86663,34.32479],[89.81674,34.16945],[89.75699,34.12487],[89.71203,34.13181],[89.65598,34.09713],[89.63504,34.04954],[89.68801,33.95974],[89.79518,33.86537],[89.83707,33.86885],[89.89989,33.80771],[89.90728,33.74105],[89.98366,33.72562],[90.0083,33.68779],[89.98428,33.61206],[90.01076,33.55373],[90.08344,33.5253],[90.10746,33.46091],[90.24667,33.42396],[90.3329,33.3105],[90.40558,33.26047],[90.49058,33.26498],[90.56264,33.22944],[90.70431,33.13578],[90.80347,33.11423],[90.88293,33.12024],[91.07202,33.11322],[91.14778,33.07211],[91.22662,33.14179],[91.37014,33.10069],[91.43604,33.06609],[91.49579,33.10921],[91.53583,33.10019],[91.58325,33.0375],[91.79945,32.94213],[91.83948,32.94815],[91.89677,32.90797],[91.9559,32.8205],[92.01872,32.82955],[92.03843,32.86073],[92.10187,32.86022],[92.14561,32.88586],[92.20535,32.86626],[92.22753,32.821],[92.19858,32.75459],[92.25524,32.72086],[92.35564,32.76466],[92.63466,32.72086],[92.6864,32.76516],[92.82252,32.72993],[92.86687,32.6982],[93.00053,32.741],[93.06952,32.62616],[93.23951,32.66244],[93.30049,32.6196],[93.38549,32.52529],[93.41198,32.55809],[93.4631,32.55607],[93.47665,32.5046],[93.51669,32.47583],[93.61893,32.52277],[93.65158,32.57171],[93.7218,32.57826],[93.82035,32.54951],[93.86161,32.46624],[93.96016,32.48492],[94.03038,32.44806],[94.09197,32.46321],[94.13755,32.43392],[94.17697,32.45412],[94.19668,32.51621],[94.37161,32.52479],[94.39502,32.5944],[94.52252,32.59591],[94.5915,32.64077],[94.63831,32.64531],[94.73748,32.58734],[94.76212,32.5263],[94.85204,32.46371],[94.88962,32.4723],[94.91241,32.41573],[94.98817,32.4228],[95.08179,32.38491],[95.21853,32.39704],[95.19327,32.33233],[95.09657,32.32222],[95.10581,32.25898],[95.20744,32.29743],[95.23947,32.28732],[95.27027,32.19468],[95.31523,32.14858],[95.44027,32.15771],[95.45443,32.0619],[95.36081,31.95939],[95.4569,31.80185],[95.54682,31.73978],[95.63429,31.78252],[95.77965,31.74894],[95.824,31.68225],[95.89914,31.81711],[95.98352,31.8166],[95.98907,31.78761],[96.06483,31.72044],[96.1486,31.68632],[96.1566,31.60277],[96.20773,31.59869],[96.25207,31.69753],[96.23113,31.74996],[96.17816,31.7754],[96.22004,31.90555],[96.28841,31.91978],[96.38943,31.91978],[96.43562,31.79626],[96.56805,31.71178],[96.61548,31.73724],[96.66106,31.70567],[96.7787,31.67563],[96.8403,31.72044],[96.76022,31.86033],[96.81073,31.89438],[96.75345,31.94416],[96.74298,32.00102],[96.8945,32.0137],[96.93577,32.0482],[97.0066,32.06798],[97.02877,32.04871],[97.21479,32.04262],[97.31395,32.13034],[97.26406,32.18253],[97.29979,32.2949],[97.37124,32.27315],[97.42482,32.32272],[97.38787,32.42735],[97.34105,32.44099],[97.38848,32.50158],[97.3349,32.51419],[97.44884,32.58683],[97.50243,32.53084],[97.54062,32.5369],[97.67058,32.51722],[97.73094,32.52731],[97.48272,32.65438],[97.38602,32.77925],[97.37555,32.95669],[97.43837,32.97627],[97.54247,33.036],[97.48765,33.16835],[97.54863,33.20391],[97.60776,33.26398],[97.62254,33.33701],[97.67613,33.341],[97.75435,33.40997],[97.62562,33.46141],[97.55232,33.46591],[97.51167,33.52081],[97.52337,33.57717],[97.45008,33.58215],[97.41558,33.60558],[97.43529,33.68231],[97.40634,33.79528],[97.39526,33.88922],[97.46055,33.88724],[97.66011,33.95626],[97.65272,33.99845],[97.70261,34.03664],[97.66565,34.12686],[97.76667,34.15856],[97.8104,34.20757],[97.89848,34.20955],[97.95453,34.19074],[98.02844,34.12289],[98.09804,34.12289],[98.20645,34.08424],[98.34442,34.09465],[98.39985,34.08523],[98.44051,33.98158],[98.40725,33.86736],[98.4633,33.84848],[98.53967,33.74653],[98.58279,33.7316],[98.61728,33.63748],[98.65239,33.59511],[98.64808,33.54874],[98.74232,33.47789],[98.73616,33.40698],[98.77989,33.3705],[98.75956,33.27699],[98.80206,33.27048],[98.80453,33.21943],[98.85873,33.15081],[98.97145,33.09819],[99.09032,33.07913],[99.12481,33.04603],[99.19626,33.03549],[99.23507,32.9823],[99.26894,32.87832],[99.37612,32.89993],[99.45311,32.86223],[99.55844,32.83911],[99.58923,32.78931],[99.70072,32.76667],[99.76046,32.76969],[99.79188,32.88334],[99.76416,32.92455],[99.85101,32.94162],[99.87749,32.99334],[99.94771,32.98681],[99.95633,32.94815],[100.03825,32.92907],[100.12325,32.8371],[100.13927,32.72439],[100.08814,32.66899],[100.1097,32.64027],[100.18977,32.63069],[100.22981,32.65035],[100.25876,32.74251],[100.33945,32.71935],[100.39919,32.7561],[100.51684,32.6322],[100.54517,32.56969],[100.65789,32.54648],[100.66158,32.61608],[100.71209,32.64531],[100.83405,32.64884],[100.93198,32.60045],[100.99727,32.62767],[101.07734,32.68259],[101.15741,32.66143],[101.22332,32.7259],[101.23749,32.82503],[101.17836,32.89289],[101.12415,32.90998],[101.12908,32.98932],[101.17158,33.0099],[101.14633,33.05656],[101.16973,33.10019],[101.11553,33.19489],[101.18267,33.26948],[101.29723,33.26248],[101.38162,33.15332],[101.40317,33.22544],[101.48756,33.22694],[101.63354,33.10119],[101.65386,33.16284],[101.70991,33.21292],[101.73578,33.27999],[101.64955,33.323],[101.69575,33.43395],[101.76904,33.45592],[101.76904,33.53877],[101.71854,33.49486],[101.62245,33.50234],[101.61691,33.5986],[101.58426,33.67434],[101.50172,33.70272],[101.42843,33.68032],[101.38531,33.64495],[101.30278,33.6579],[101.23687,33.68579],[101.17712,33.6853],[101.19068,33.7918],[101.15372,33.8445],[101.05455,33.86339],[100.99481,33.89171],[100.93506,33.99001],[100.88086,34.03664],[100.80633,34.15558],[100.76445,34.17886],[100.80941,34.24715],[100.82173,34.31737],[100.86854,34.33269],[100.89502,34.37518],[100.9868,34.37469],[101.05455,34.32281],[101.17836,34.32083],[101.41796,34.22786],[101.53868,34.21202],[101.6206,34.17886],[101.67419,34.11051],[101.7364,34.08028],[101.76411,34.12289],[101.89777,34.13379],[101.95506,34.10951],[102.06223,34.22786],[102.06777,34.29364],[102.14969,34.27188],[102.20574,34.40778],[102.13984,34.50351],[102.09303,34.53655],[102.00187,34.53852],[101.93473,34.58731],[101.91995,34.62179],[101.92303,34.83575],[101.91687,34.87356],[102.04806,34.91087],[102.09487,34.9869],[102.17618,35.03298],[102.29567,35.07168],[102.31045,35.12897],[102.40408,35.17937],[102.3123,35.28251],[102.31784,35.34307],[102.28766,35.36552],[102.31476,35.4343],[102.40839,35.40943],[102.53158,35.58046],[102.571,35.54832],[102.69541,35.52836],[102.74346,35.49475],[102.80875,35.5605],[102.70773,35.70496],[102.68618,35.772],[102.71513,35.81569],[102.78719,35.86274],[102.91407,35.84528],[102.95473,35.85886],[102.94241,35.92674],[102.97197,35.99553],[102.88204,36.08263],[102.94117,36.10488],[102.98675,36.19331],[103.04896,36.19911],[103.02494,36.25656],[102.9227,36.29805],[102.89683,36.3318],[102.83647,36.34482],[102.82969,36.36554]]]}},{"type":"Feature","id":"cnprov:640000","properties":{"boundaryId":"cnprov:640000","nodeId":"geo:cn-nx","parentNodeId":"geo:cn","bounds":[104.287,35.26541,107.65003,39.38156]},"geometry":{"type":"MultiPolygon","coordinates":[[[[107.26876,37.09937],[107.33467,37.13898],[107.30942,37.2391],[107.25768,37.33718],[107.28416,37.48169],[107.34576,37.51873],[107.36916,37.58752],[107.42213,37.66525],[107.48496,37.70646],[107.49913,37.76562],[107.62047,37.77603],[107.65003,37.86443],[107.56072,37.89372],[107.49235,37.94471],[107.41166,37.94801],[107.44061,37.99566],[107.3938,38.01499],[107.33159,38.08663],[107.24043,38.11159],[107.19054,38.15395],[107.1388,38.16101],[107.01007,38.12053],[106.77909,38.17183],[106.73782,38.19771],[106.55551,38.26352],[106.48221,38.31942],[106.59985,38.38981],[106.6479,38.47092],[106.66268,38.60152],[106.70949,38.71882],[106.7563,38.7487],[106.83761,38.84758],[106.95402,38.9412],[106.96757,39.05469],[106.85916,39.10765],[106.82529,39.19397],[106.79572,39.21437],[106.80681,39.31862],[106.75138,39.38156],[106.68362,39.35751],[106.60232,39.37555],[106.51177,39.27231],[106.40275,39.29177],[106.28018,39.26212],[106.29558,39.16799],[106.25123,39.13133],[106.14591,39.15314],[106.09663,39.08489],[106.06091,38.96866],[105.97098,38.90908],[105.99254,38.85737],[105.90939,38.79116],[105.8946,38.69641],[105.85272,38.64173],[105.87428,38.59311],[105.82747,38.43249],[105.82131,38.36682],[105.86627,38.29641],[105.84225,38.24096],[105.77511,38.18689],[105.78066,38.08474],[105.8404,38.00415],[105.79975,37.93999],[105.80406,37.86207],[105.76094,37.79967],[105.67718,37.77177],[105.62236,37.77792],[105.59895,37.69936],[105.46714,37.69509],[105.4037,37.71025],[105.315,37.7022],[105.11113,37.63398],[105.02798,37.58088],[104.8666,37.56665],[104.80501,37.53913],[104.62331,37.52252],[104.4336,37.5154],[104.40773,37.46459],[104.287,37.42801],[104.36523,37.41803],[104.52106,37.43466],[104.67997,37.40804],[104.66211,37.36763],[104.71385,37.32957],[104.62454,37.29863],[104.60052,37.24291],[104.63809,37.20192],[104.71754,37.2086],[104.77667,37.24672],[104.85613,37.21193],[104.95468,37.04016],[105.16533,36.99476],[105.17888,36.8924],[105.24479,36.8948],[105.33471,36.80093],[105.31993,36.74292],[105.2183,36.73046],[105.20106,36.70071],[105.22015,36.63111],[105.26142,36.60276],[105.28174,36.52249],[105.3224,36.53595],[105.39816,36.43057],[105.40124,36.36988],[105.47638,36.29322],[105.45975,36.26814],[105.51519,36.14742],[105.49116,36.10101],[105.4308,36.10391],[105.34395,36.03377],[105.32486,35.94176],[105.37106,35.84431],[105.45729,35.77151],[105.48192,35.72731],[105.59587,35.71565],[105.66732,35.74966],[105.71352,35.65051],[105.76218,35.60284],[105.86873,35.54005],[105.90015,35.54735],[106.01718,35.5191],[106.04736,35.49815],[106.07199,35.46356],[106.06953,35.45819],[106.07138,35.44942],[106.07323,35.44747],[106.08308,35.42162],[106.12989,35.39333],[106.17301,35.43772],[106.23768,35.40943],[106.24138,35.35869],[106.3196,35.26541],[106.41569,35.27616],[106.47235,35.31084],[106.50377,35.41528],[106.44094,35.52641],[106.46004,35.6437],[106.43478,35.68844],[106.49268,35.73266],[106.50623,35.73751],[106.56659,35.73897],[106.75076,35.68941],[106.86717,35.73848],[106.92753,35.81035],[106.84993,35.88748],[106.91275,35.93207],[106.94786,35.98826],[106.92815,36.0115],[106.95772,36.09134],[106.93061,36.13872],[106.8333,36.22904],[106.77293,36.21263],[106.5592,36.29226],[106.50438,36.26621],[106.51054,36.37904],[106.49206,36.42239],[106.52348,36.4686],[106.45572,36.497],[106.39721,36.54845],[106.46558,36.58306],[106.51424,36.71558],[106.62757,36.753],[106.65775,36.82058],[106.62696,36.8924],[106.54935,36.94169],[106.54011,36.98424],[106.64297,36.96273],[106.66699,37.01675],[106.6054,37.12752],[106.77293,37.12037],[106.77601,37.15806],[106.89119,37.09841],[106.90598,37.15138],[106.99837,37.10653],[107.0304,37.14088],[107.09569,37.1156],[107.18192,37.14327],[107.26876,37.09937]]],[[[106.04859,35.4889],[105.89768,35.45137],[105.8946,35.41382],[106.05413,35.45478],[106.04859,35.4889]]]]}},{"type":"Feature","id":"cnprov:650000","properties":{"boundaryId":"cnprov:650000","nodeId":"geo:cn-xj","parentNodeId":"geo:cn","bounds":[73.50235,34.33467,96.38635,49.17584]},"geometry":{"type":"Polygon","coordinates":[[[96.38635,42.72759],[96.36356,42.90056],[95.92131,43.22979],[95.88005,43.28035],[95.85787,43.41744],[95.73592,43.59757],[95.64537,43.78797],[95.6232,43.85576],[95.52711,44.00747],[95.4261,44.00962],[95.32693,44.02855],[95.35157,44.09005],[95.37621,44.22744],[95.41378,44.29859],[94.99864,44.25317],[94.94567,44.29259],[94.76828,44.34055],[94.7227,44.34055],[94.60628,44.44831],[94.47078,44.50937],[94.35929,44.51578],[94.32973,44.58273],[94.27984,44.60362],[94.21516,44.66792],[94.06611,44.73215],[93.72364,44.8655],[93.71625,44.89433],[93.5093,44.96806],[93.43477,44.95535],[93.37687,44.98541],[93.25245,44.99176],[93.17423,45.01546],[93.10031,45.00742],[92.93278,45.01757],[92.88412,45.04676],[92.77941,45.05056],[92.68394,45.02561],[92.54781,45.01842],[92.501,45.00107],[92.31561,45.02899],[92.24046,45.01588],[92.10003,45.08142],[91.80314,45.08269],[91.69474,45.06536],[91.5617,45.0755],[91.5001,45.10381],[91.44898,45.15659],[91.37753,45.11099],[91.24202,45.13717],[91.12992,45.21606],[91.00797,45.21859],[90.8817,45.19203],[90.89771,45.24978],[90.83181,45.30031],[90.77268,45.43234],[90.67105,45.48775],[90.67659,45.58249],[90.71478,45.7289],[90.79978,45.83491],[90.89094,45.92157],[91.02829,46.02305],[91.02152,46.12104],[90.94822,46.21926],[90.90018,46.31235],[90.98333,46.37473],[91.03815,46.50094],[91.07942,46.55899],[91.01782,46.58244],[91.05416,46.7176],[90.94268,46.82581],[90.90141,46.96077],[90.83058,46.99588],[90.76713,46.99262],[90.69199,47.08072],[90.56141,47.2069],[90.48811,47.31737],[90.5263,47.37901],[90.4684,47.40494],[90.4684,47.49761],[90.39819,47.54772],[90.33167,47.68166],[90.13518,47.72315],[90.07605,47.77747],[90.08652,47.86547],[89.96025,47.88594],[89.95779,47.84298],[89.76192,47.83575],[89.73544,47.89758],[89.65105,47.91363],[89.59562,47.97336],[89.56913,48.03783],[89.4983,48.02822],[89.38127,48.04623],[89.2316,47.98017],[89.15645,47.99699],[89.07823,47.98698],[89.02711,48.05103],[88.93903,48.1154],[88.82446,48.10701],[88.70066,48.18088],[88.63845,48.18367],[88.57501,48.27776],[88.6058,48.33786],[88.53559,48.36888],[88.50356,48.413],[88.43827,48.39353],[88.36066,48.43325],[88.36312,48.46064],[88.19682,48.49397],[88.10874,48.5459],[87.97323,48.576],[88.02682,48.65315],[88.08965,48.69504],[88.02928,48.75031],[87.93874,48.75781],[87.82664,48.8008],[87.76012,48.92599],[87.87653,48.94919],[87.88331,49.02381],[87.83526,49.05441],[87.86729,49.10889],[87.8211,49.17388],[87.70037,49.17584],[87.67635,49.15549],[87.51744,49.1457],[87.51189,49.10184],[87.43675,49.07519],[87.38871,49.09792],[87.23903,49.11438],[87.21193,49.14062],[87.11277,49.15549],[86.88795,49.132],[86.83621,49.05127],[86.73212,48.99476],[86.75799,48.89492],[86.82143,48.85044],[86.75429,48.78463],[86.78077,48.73137],[86.64096,48.62903],[86.57998,48.53876],[86.41614,48.48167],[86.30527,48.49198],[86.22581,48.43246],[85.91661,48.43802],[85.79158,48.41895],[85.69549,48.33508],[85.67824,48.26621],[85.58708,48.19165],[85.53165,48.04623],[85.54705,48.00821],[85.61788,47.55055],[85.6148,47.49802],[85.68502,47.42883],[85.70165,47.38428],[85.67578,47.32184],[85.70103,47.28856],[85.68256,47.22276],[85.58277,47.14263],[85.54582,47.05789],[85.44111,47.06319],[85.32593,47.04484],[85.27665,47.0689],[85.08201,46.93993],[84.98716,46.91827],[84.93419,46.86388],[84.84919,46.95709],[84.74818,47.00976],[84.56339,46.9918],[84.50673,46.97302],[84.42542,47.00894],[84.37122,46.99343],[84.19506,47.00364],[84.08666,46.96526],[84.00289,46.99058],[83.93267,46.97016],[83.76637,47.0269],[83.57604,47.05911],[83.46333,47.13204],[83.41898,47.11901],[83.37032,47.17844],[83.2576,47.17315],[83.15474,47.23617],[83.02724,47.21544],[83.03155,47.16827],[82.99336,47.06523],[82.93793,47.01425],[82.92376,46.93217],[82.87634,46.82376],[82.82952,46.77255],[82.78887,46.67778],[82.77409,46.60012],[82.72666,46.49476],[82.51847,46.1538],[82.46181,45.97982],[82.40145,45.97233],[82.34293,45.9353],[82.34047,45.77274],[82.28996,45.71636],[82.26656,45.62017],[82.28195,45.53891],[82.44826,45.46131],[82.54681,45.42604],[82.60101,45.34618],[82.58746,45.22407],[82.48706,45.18106],[82.34478,45.21901],[82.29427,45.24767],[82.10949,45.21142],[82.05282,45.25567],[81.92101,45.23334],[81.83232,45.31967],[81.78797,45.3836],[81.58286,45.3365],[81.57547,45.30789],[81.46275,45.2641],[81.32786,45.26073],[81.11167,45.21817],[81.02482,45.16292],[80.93551,45.16038],[80.89794,45.12746],[80.81663,45.15279],[80.73163,45.15616],[80.59921,45.10592],[80.44584,45.0979],[80.40457,45.04929],[80.29185,45.06578],[80.24381,45.03153],[80.14464,45.05902],[79.8878,44.90917],[79.9691,44.8778],[79.99928,44.79377],[80.1157,44.81542],[80.1699,44.84471],[80.2007,44.75681],[80.23888,44.7228],[80.31341,44.70494],[80.41196,44.60532],[80.35037,44.48462],[80.38301,44.4013],[80.41319,44.26474],[80.3941,44.12701],[80.44953,44.07802],[80.45754,43.9812],[80.51113,43.90666],[80.52222,43.81647],[80.75504,43.49433],[80.7612,43.44655],[80.68606,43.33392],[80.77721,43.30823],[80.76921,43.26554],[80.80432,43.17831],[80.75258,43.14819],[80.59305,43.13335],[80.4828,43.06955],[80.3787,43.0315],[80.3978,42.99693],[80.48711,42.94877],[80.5912,42.92335],[80.6029,42.89442],[80.50374,42.88215],[80.40703,42.83477],[80.28015,42.83828],[80.22595,42.71308],[80.16374,42.62992],[80.22164,42.53342],[80.20624,42.43146],[80.22903,42.35854],[80.28385,42.32049],[80.28631,42.23326],[80.16867,42.20046],[80.16805,42.09664],[80.14218,42.03488],[80.08983,42.04733],[79.92352,42.04244],[79.85269,42.01532],[79.77631,41.89248],[79.64081,41.88491],[79.55088,41.83409],[79.45726,41.84792],[79.35624,41.79574],[79.32606,41.80957],[79.21704,41.72565],[79.1382,41.72297],[79.02179,41.65727],[78.95773,41.65146],[78.8253,41.56017],[78.73907,41.5557],[78.65038,41.46741],[78.58077,41.48176],[78.45451,41.41223],[78.33809,41.39742],[78.23523,41.39921],[78.16378,41.3835],[78.16502,41.34083],[78.12929,41.2284],[77.97284,41.17301],[77.90509,41.18517],[77.81455,41.13426],[77.82933,41.05939],[77.78067,41.02283],[77.68458,41.00793],[77.4764,40.99935],[77.47393,41.02283],[77.36306,41.04089],[77.29654,41.00477],[77.2368,41.0278],[77.16904,41.00929],[77.09143,41.06255],[77.00212,41.07338],[76.94053,41.0287],[76.88571,41.02735],[76.85368,40.97631],[76.76191,40.95417],[76.73172,40.81889],[76.64673,40.75998],[76.67691,40.69604],[76.6572,40.62022],[76.611,40.60159],[76.5568,40.5425],[76.53955,40.46423],[76.50875,40.42961],[76.33321,40.34346],[76.32767,40.39134],[76.28332,40.41503],[76.17615,40.38131],[76.14412,40.39361],[75.98644,40.38176],[75.89035,40.30924],[75.73945,40.2992],[75.66984,40.36398],[75.68648,40.41822],[75.73329,40.47424],[75.64644,40.51657],[75.63658,40.62431],[75.59963,40.65973],[75.55035,40.64883],[75.43209,40.56341],[75.35572,40.53795],[75.24238,40.44874],[75.13521,40.46332],[75.10257,40.44009],[75.02188,40.46696],[74.96336,40.46468],[74.89191,40.50747],[74.81923,40.50565],[74.79521,40.44328],[74.90854,40.3389],[74.70036,40.3462],[74.67326,40.27866],[74.57717,40.26039],[74.53467,40.20785],[74.43304,40.13148],[74.35666,40.08937],[74.26304,40.12507],[74.02344,40.08525],[73.98032,40.00462],[73.91072,39.93444],[73.90703,39.87384],[73.84543,39.83111],[73.84174,39.75616],[73.92427,39.72211],[73.95384,39.60002],[73.86822,39.48279],[73.74565,39.46201],[73.61076,39.4657],[73.5929,39.41209],[73.50235,39.38388],[73.55409,39.3501],[73.58058,39.23756],[73.63971,39.2204],[73.65757,39.16614],[73.71978,39.10811],[73.74319,39.02959],[73.82018,39.04167],[73.84667,38.96215],[73.82634,38.91699],[73.76782,38.9412],[73.70931,38.89324],[73.76906,38.77577],[73.75735,38.71976],[73.80909,38.63426],[73.79924,38.61088],[73.89902,38.57907],[73.92612,38.53602],[74.01174,38.52478],[74.09058,38.5421],[74.0684,38.58562],[74.11275,38.61135],[74.14786,38.67679],[74.22978,38.65622],[74.35358,38.65576],[74.54699,38.6076],[74.64,38.59965],[74.7176,38.5421],[74.78474,38.53836],[74.86297,38.48404],[74.86851,38.40388],[74.78967,38.32458],[74.81677,38.21558],[74.80445,38.16713],[74.8217,38.10311],[74.91101,37.96688],[74.93688,37.87624],[74.91717,37.84506],[75.00648,37.77082],[74.89191,37.6681],[74.94057,37.55906],[75.03543,37.50068],[75.07854,37.51113],[75.15307,37.41422],[75.12597,37.38808],[75.12597,37.32243],[74.92702,37.27768],[74.91101,37.23338],[74.81615,37.2167],[74.80014,37.24815],[74.72746,37.28292],[74.51126,37.24005],[74.46507,37.14708],[74.56793,37.03251],[74.70898,37.08457],[74.73916,37.02821],[74.84387,37.0134],[74.89376,36.93977],[74.92764,36.97803],[75.06315,37.00623],[75.16847,36.99189],[75.24485,36.96321],[75.28858,36.97468],[75.41361,36.9546],[75.39637,36.90437],[75.43025,36.87326],[75.42593,36.77888],[75.45858,36.72086],[75.53742,36.77313],[75.63412,36.77169],[75.72405,36.7506],[75.87126,36.66664],[75.94702,36.59075],[75.92423,36.56624],[75.99198,36.50565],[76.0351,36.40939],[75.99137,36.35205],[75.99876,36.31203],[76.05542,36.2527],[76.01169,36.22904],[76.01662,36.16529],[75.93655,36.13485],[75.94948,36.07006],[76.02832,36.01683],[76.09731,36.02264],[76.16506,35.90881],[76.16013,35.82442],[76.29872,35.8414],[76.36586,35.82442],[76.4718,35.88602],[76.51553,35.88117],[76.55803,35.92335],[76.59745,35.89572],[76.56604,35.81908],[76.59375,35.772],[76.69292,35.74771],[76.7693,35.65392],[76.84875,35.66802],[76.90665,35.615],[76.96701,35.59165],[76.99781,35.61111],[77.19553,35.5191],[77.30763,35.54053],[77.39694,35.46794],[77.45176,35.46063],[77.5189,35.48208],[77.69074,35.44844],[77.81639,35.51862],[77.91494,35.46502],[78.0098,35.49182],[78.14038,35.49475],[78.10712,35.43723],[78.01349,35.36601],[78.01719,35.22827],[78.06031,35.18034],[78.06277,35.11477],[78.12498,35.10841],[78.15085,35.06972],[78.12313,35.0369],[78.18226,34.93687],[78.2377,34.8824],[78.23092,34.77629],[78.21306,34.71777],[78.26726,34.70547],[78.28081,34.62327],[78.54259,34.5745],[78.58139,34.50548],[78.63498,34.53803],[78.70827,34.52225],[78.80929,34.43296],[78.87827,34.39148],[78.89983,34.35493],[78.97313,34.36283],[79.03965,34.33467],[79.0107,34.39988],[79.1616,34.44135],[79.24168,34.41518],[79.32668,34.44332],[79.36302,34.42802],[79.50468,34.45467],[79.67591,34.45122],[79.69994,34.47786],[79.80157,34.47885],[79.86131,34.52817],[79.84345,34.55725],[79.90689,34.68382],[79.89827,34.73204],[79.94754,34.82101],[80.03439,34.90203],[80.03131,35.03445],[80.07812,35.07658],[80.11816,35.06629],[80.23026,35.14757],[80.25798,35.20333],[80.36269,35.20871],[80.26783,35.2957],[80.32142,35.38699],[80.37501,35.38797],[80.44461,35.41724],[80.51482,35.39187],[80.59982,35.40943],[80.65649,35.39382],[80.68913,35.33916],[80.84435,35.34551],[80.96384,35.31084],[81.02605,35.31133],[81.05439,35.4026],[81.14247,35.36503],[81.19174,35.36552],[81.21946,35.31914],[81.36359,35.35478],[81.4412,35.3333],[81.50464,35.27909],[81.51326,35.23511],[81.68634,35.2356],[81.73685,35.26248],[81.85388,35.25857],[81.92779,35.27128],[81.95551,35.30742],[82.03003,35.32159],[82.05344,35.35039],[82.03435,35.45186],[82.32815,35.55952],[82.35032,35.61111],[82.42485,35.71274],[82.54619,35.70836],[82.62873,35.69232],[82.73159,35.63787],[82.79503,35.68844],[82.87387,35.68892],[82.96749,35.66753],[82.97181,35.54832],[82.99891,35.48451],[83.06789,35.46258],[83.12702,35.3987],[83.17815,35.38943],[83.25144,35.41772],[83.28039,35.40114],[83.44916,35.38211],[83.54155,35.3416],[83.62224,35.33526],[83.67767,35.36113],[83.88524,35.36747],[83.90619,35.40309],[84.00597,35.4226],[84.07742,35.40016],[84.0959,35.36259],[84.33303,35.41382],[84.45314,35.4733],[84.47593,35.51618],[84.44883,35.55027],[84.57017,35.58824],[84.72908,35.61355],[85.05307,35.75209],[85.14607,35.74237],[85.27111,35.78899],[85.34132,35.75354],[85.37397,35.7001],[85.51872,35.68066],[85.56614,35.6403],[85.61295,35.65149],[85.65299,35.7312],[85.81129,35.77879],[85.94926,35.77879],[86.09031,35.87681],[86.18208,36.06473],[86.18763,36.13098],[86.2794,36.17061],[86.35824,36.16868],[86.39273,36.20683],[86.53194,36.22711],[86.59907,36.22229],[86.69947,36.24449],[86.74628,36.29178],[86.83621,36.29129],[86.93106,36.26524],[86.99635,36.30866],[87.14911,36.29757],[87.19345,36.34916],[87.292,36.3588],[87.38686,36.41276],[87.46016,36.40987],[87.47063,36.35446],[87.57041,36.34241],[87.73179,36.38482],[87.76751,36.3747],[87.91965,36.39349],[88.00649,36.43057],[88.13461,36.42721],[88.24178,36.4686],[88.3662,36.45802],[88.47091,36.48208],[88.49863,36.44646],[88.57316,36.46139],[88.62367,36.38964],[88.69019,36.36795],[88.76656,36.29226],[88.8029,36.33807],[88.92609,36.36458],[88.96428,36.31879],[89.10225,36.28116],[89.12689,36.25463],[89.19895,36.26042],[89.23221,36.29564],[89.29258,36.23146],[89.37573,36.22808],[89.49029,36.15128],[89.61471,36.10971],[89.71141,36.09327],[89.76685,36.07393],[89.91406,36.07925],[89.94486,36.14065],[89.99783,36.16819],[90.02801,36.25849],[90.14565,36.23918],[90.13025,36.2078],[90.23681,36.16046],[90.32551,36.1595],[90.42406,36.13388],[90.53493,36.1479],[90.61315,36.12663],[90.65934,36.13485],[90.77637,36.0865],[90.85029,36.01683],[90.92297,36.02893],[90.97902,36.10681],[91.08126,36.08844],[91.12499,36.11551],[91.09235,36.16384],[91.09605,36.21987],[91.0517,36.23821],[91.07264,36.29901],[91.02644,36.32361],[91.0517,36.43395],[91.03568,36.5297],[90.9051,36.56047],[90.83119,36.55807],[90.81087,36.58547],[90.74126,36.58595],[90.70616,36.65896],[90.73203,36.82584],[90.75851,36.82584],[90.85398,36.91537],[90.98394,36.91346],[91.03692,36.92973],[91.0517,36.96751],[91.12684,36.97851],[91.18105,37.02535],[91.30362,37.01244],[91.30362,37.08314],[91.28021,37.16378],[91.1909,37.20574],[91.1946,37.27387],[91.13485,37.32433],[91.09974,37.44797],[91.01967,37.49309],[90.95808,37.47789],[90.86568,37.53059],[90.88231,37.57566],[90.77761,37.64867],[90.57927,37.72066],[90.51953,37.7306],[90.51645,38.20711],[90.53123,38.31989],[90.36185,38.30016],[90.35261,38.23344],[90.28054,38.23814],[90.13764,38.34054],[90.17953,38.39685],[90.11177,38.41889],[90.13087,38.49434],[90.31503,38.50184],[90.35322,38.48216],[90.42714,38.49387],[90.46348,38.55661],[90.52569,38.56129],[90.64579,38.63519],[90.65996,38.67445],[90.72463,38.65809],[90.89956,38.67959],[91.29869,38.74636],[91.44652,38.81355],[91.50133,38.81541],[91.80622,38.87274],[91.96637,38.93096],[92.10865,38.96354],[92.17332,38.96075],[92.26387,39.00215],[92.38028,38.99983],[92.41046,39.03842],[92.36673,39.05933],[92.34394,39.14618],[92.33901,39.23663],[92.52564,39.36861],[92.63959,39.5142],[92.68763,39.65717],[92.74553,39.86833],[92.79665,40.1539],[92.90691,40.31061],[92.92046,40.39179],[92.92847,40.5725],[93.50622,40.64838],[93.7606,40.66472],[93.82096,40.79352],[93.80987,40.87955],[93.90842,40.98354],[94.01067,41.11488],[94.18437,41.26844],[94.53422,41.50597],[94.75041,41.53823],[94.8619,41.66845],[94.96907,41.71895],[95.13599,41.77298],[95.24748,41.61344],[95.29983,41.56599],[95.33556,41.64431],[95.39407,41.69348],[95.57146,41.79618],[95.65646,41.82607],[95.85541,41.8497],[95.99831,41.90629],[96.11718,41.98597],[96.13874,42.05399],[96.07715,42.14946],[96.17816,42.21775],[96.04081,42.32669],[96.06606,42.41467],[95.9786,42.43676],[96.0174,42.48224],[96.02356,42.54268],[96.10363,42.60438],[96.16646,42.62331],[96.38635,42.72759]]]}},{"type":"Feature","id":"cnprov:710000","properties":{"boundaryId":"cnprov:710000","nodeId":"geo:tw","parentNodeId":"geo:cn","bounds":[119.5623,21.88331,122.0125,25.30754]},"geometry":{"type":"MultiPolygon","coordinates":[[[[120.44371,22.44143],[120.51762,22.40879],[120.56997,22.36176],[120.64081,22.24161],[120.65929,22.15406],[120.65128,22.03317],[120.70178,21.92717],[120.78186,21.92384],[120.85454,21.88331],[120.87302,21.89719],[120.86624,21.98435],[120.90751,22.03317],[120.9032,22.12634],[120.9149,22.30253],[120.98142,22.52825],[121.03316,22.65091],[121.17051,22.72325],[121.21055,22.77071],[121.23765,22.83636],[121.3245,22.94553],[121.3707,23.08433],[121.43044,23.13718],[121.41504,23.19605],[121.4403,23.27194],[121.47972,23.32251],[121.5216,23.48343],[121.52283,23.53886],[121.58751,23.76088],[121.62138,23.92072],[121.65957,24.00713],[121.64356,24.09784],[121.68914,24.1743],[121.80924,24.33908],[121.82649,24.42357],[121.88562,24.52978],[121.8924,24.61795],[121.84127,24.73433],[121.84497,24.83648],[121.93305,24.93854],[122.0125,25.00147],[121.94721,25.03184],[121.91703,25.13808],[121.84189,25.13537],[121.74519,25.16191],[121.70022,25.2269],[121.65526,25.24205],[121.62323,25.29455],[121.53515,25.30754],[121.44461,25.27074],[121.37193,25.15975],[121.31957,25.14079],[121.20932,25.12724],[121.13294,25.07847],[121.02454,25.04052],[121.00975,24.99388],[120.9149,24.86472],[120.89211,24.76748],[120.82374,24.68812],[120.76215,24.65821],[120.68885,24.60054],[120.64265,24.49003],[120.58907,24.43229],[120.5207,24.31182],[120.47081,24.24253],[120.45171,24.18249],[120.39197,24.11806],[120.27802,23.92783],[120.24599,23.84028],[120.17516,23.80743],[120.10248,23.70116],[120.09508,23.58768],[120.12157,23.50484],[120.10802,23.34119],[120.08153,23.29173],[120.01871,23.07332],[120.0298,23.04854],[120.13327,23.00063],[120.14929,22.89647],[120.20041,22.72104],[120.27432,22.56031],[120.29711,22.53157],[120.44371,22.44143]]],[[[119.64606,23.55093],[119.67809,23.60029],[119.61034,23.60413],[119.56661,23.58494],[119.5623,23.53063],[119.60911,23.50374],[119.64606,23.55093]]],[[[121.51051,22.08697],[121.53392,22.02208],[121.57519,22.03706],[121.5758,22.0842],[121.51051,22.08697]]]]}},{"type":"Feature","id":"cnprov:810000","properties":{"boundaryId":"cnprov:810000","nodeId":"geo:hk","parentNodeId":"geo:cn","bounds":[113.8433,22.20061,114.39457,22.5592]},"geometry":{"type":"MultiPolygon","coordinates":[[[[114.03178,22.50392],[113.91845,22.4182],[113.92029,22.36785],[113.98004,22.36619],[113.96957,22.32135],[113.89812,22.30862],[113.8895,22.27151],[113.8433,22.22942],[113.93569,22.20504],[114.02993,22.26321],[114.06997,22.32689],[114.12109,22.3208],[114.12047,22.27207],[114.20301,22.2067],[114.26584,22.20061],[114.24859,22.27484],[114.31573,22.2992],[114.31573,22.29976],[114.27815,22.32855],[114.28308,22.38666],[114.3225,22.38555],[114.32373,22.38445],[114.35699,22.34017],[114.39457,22.36176],[114.37609,22.43645],[114.26029,22.5476],[114.23257,22.53986],[114.16605,22.5592],[114.03178,22.50392]]],[[[114.32004,22.38113],[114.32373,22.38445],[114.3225,22.38555],[114.31942,22.38223],[114.32004,22.38113]]]]}},{"type":"Feature","id":"cnprov:820000","properties":{"boundaryId":"cnprov:820000","nodeId":"geo:mo","parentNodeId":"geo:cn","bounds":[113.53472,22.10749,113.6037,22.21224]},"geometry":{"type":"Polygon","coordinates":[[[113.55443,22.10749],[113.6037,22.13244],[113.57598,22.19451],[113.55874,22.21224],[113.53472,22.17401],[113.55443,22.10749]]]}}]}