{"type":"FeatureCollection","features":[{"type":"Feature","id":"cnprov:100000_JD","properties":{"boundaryId":"cnprov:100000_JD","nodeId":null,"navigationNodeId":"geo:cn","bounds":[108.1968,3.39737,122.79861,24.57855]},"geometry":{"type":"MultiPolygon","coordinates":[[[[122.51865,23.46079],[122.79861,24.57367],[122.77922,24.57855],[122.49926,23.46566],[122.51865,23.46079]]],[[[121.17203,20.80546],[121.90939,21.68743],[121.89404,21.70026],[121.15668,20.81829],[121.17203,20.80546]]],[[[119.47366,18.00707],[120.0257,19.02404],[120.00812,19.03358],[119.45608,18.01661],[119.47366,18.00707]]],[[[119.07268,15.04098],[119.07268,16.04389],[119.05268,16.04389],[119.05268,15.04106],[119.07268,15.04098]]],[[[118.68647,11.18959],[118.52519,10.91548],[118.54242,10.90534],[118.70476,11.18147],[118.87432,11.60666],[118.98895,11.98573],[118.96981,11.99152],[118.85558,11.61367],[118.68647,11.18959]]],[[[115.54467,7.14672],[116.25049,7.97928],[116.23523,7.99221],[115.52941,7.15966],[115.54467,7.14672]]],[[[112.30705,3.53487],[111.7869,3.41687],[111.79133,3.39737],[112.31182,3.51545],[112.52281,3.5791],[112.85206,3.73257],[112.84361,3.7507],[112.51502,3.59753],[112.30705,3.53487]]],[[[108.26056,6.08912],[108.27956,6.09543],[108.25612,6.22753],[108.2168,6.53816],[108.21876,6.94964],[108.2442,7.07391],[108.2246,7.07792],[108.19877,6.95072],[108.1968,6.53761],[108.23631,6.22477],[108.26056,6.08912]]],[[[110.12823,11.36894],[110.05554,11.25335],[110.07247,11.24271],[110.14541,11.3587],[110.20701,11.48129],[110.25902,11.605],[110.30436,11.78261],[110.32833,11.94685],[110.33227,12.24038],[110.31228,12.23998],[110.30835,11.94803],[110.28485,11.78705],[110.23982,11.61066],[110.12823,11.36894]]],[[[109.82952,15.22897],[109.84889,15.23393],[109.78924,15.45211],[109.69066,15.67432],[109.53167,15.92307],[109.30888,16.20726],[109.29314,16.19492],[109.51574,15.91096],[109.67265,15.66561],[109.77065,15.44469],[109.82952,15.22897]]]]}},{"type":"Feature","id":"datav:460300","properties":{"boundaryId":"datav:460300","nodeId":null,"navigationNodeId":"geo:cn","bounds":[109.46403,5.06027,117.83587,19.23692]},"geometry":{"type":"MultiPolygon","coordinates":[[[[113.89694,7.60711],[113.91944,7.56689],[113.98721,7.5363],[114.05897,7.5378],[114.15758,7.5614],[114.29017,7.61725],[114.36841,7.63868],[114.40378,7.67591],[114.42008,7.7658],[114.46415,7.81497],[114.54045,7.86198],[114.54073,7.94551],[114.47258,7.96909],[114.41462,7.95282],[114.26823,7.87078],[114.21175,7.78706],[114.09508,7.72094],[114.02907,7.66993],[113.92147,7.63902],[113.89694,7.60711]]],[[[115.83747,9.70966],[115.90099,9.67099],[115.92561,9.78155],[115.8708,9.77874],[115.83747,9.70966]]],[[[114.61739,9.9654],[114.67221,9.92775],[114.68582,9.97911],[114.61739,9.9654]]],[[[109.46403,7.34461],[109.51329,7.32033],[109.57153,7.37354],[109.65412,7.47945],[109.7094,7.51087],[109.7919,7.5245],[109.93912,7.50455],[109.90477,7.5516],[109.81644,7.5727],[109.72236,7.57586],[109.65301,7.55957],[109.53589,7.44869],[109.46403,7.34461]]],[[[112.47659,16.00136],[112.56992,16.01119],[112.61223,16.03939],[112.58807,16.07081],[112.46224,16.04406],[112.47659,16.00136]]],[[[114.46934,10.83599],[114.51323,10.84867],[114.56517,10.83648],[114.59341,10.85657],[114.55471,10.90103],[114.46934,10.83599]]],[[[112.40937,16.29529],[112.53881,16.28901],[112.52909,16.3183],[112.40937,16.29529]]],[[[115.50006,9.89818],[115.54849,9.86894],[115.58127,9.91718],[115.51784,9.93369],[115.50006,9.89818]]],[[[116.48866,10.39597],[116.4619,10.34913],[116.467,10.30888],[116.56653,10.30442],[116.64477,10.33494],[116.63792,10.36496],[116.51496,10.34929],[116.48866,10.39597]]],[[[113.89472,8.00496],[113.90509,7.96361],[113.97064,7.94468],[113.93999,8.01824],[113.89472,8.00496]]],[[[114.50786,8.12017],[114.52082,8.10324],[114.59573,8.12067],[114.596,8.15818],[114.50786,8.12017]]],[[[109.93634,7.84836],[109.98829,7.81264],[110.05023,7.84653],[110.08282,7.89669],[110.07791,7.9495],[110.03301,7.94452],[109.95282,7.88855],[109.93634,7.84836]]],[[[114.69721,11.00441],[114.79332,11.07633],[114.76656,11.11022],[114.69721,11.00441]]],[[[114.6198,11.43203],[114.65258,11.43712],[114.66184,11.52257],[114.6198,11.51583],[114.6198,11.43203]]],[[[110.45976,8.11636],[110.47124,8.0722],[110.5543,8.09361],[110.59976,8.15686],[110.56819,8.17262],[110.45976,8.11636]]],[[[114.49304,10.71723],[114.56276,10.77818],[114.53924,10.7935],[114.49304,10.71723]]],[[[117.77087,10.77357],[117.79874,10.75331],[117.83587,10.80371],[117.80161,10.83945],[117.77087,10.77357]]],[[[111.5391,7.54428],[111.58354,7.54328],[111.61234,7.59232],[111.56345,7.60262],[111.5391,7.54428]]],[[[111.92548,8.07087],[111.9652,8.04746],[112.01317,8.09328],[111.95456,8.10623],[111.92548,8.07087]]],[[[114.21304,16.04068],[114.30777,16.03407],[114.30647,16.0576],[114.21304,16.04068]]],[[[111.67049,7.65131],[111.70743,7.64882],[111.74965,7.70399],[111.69123,7.7118],[111.67049,7.65131]]],[[[117.2668,10.69169],[117.40476,10.67077],[117.41856,10.70257],[117.3693,10.74243],[117.293,10.73535],[117.2668,10.69169]]],[[[112.58316,5.56162],[112.61436,5.46549],[112.63936,5.48001],[112.61621,5.5688],[112.58316,5.56162]]],[[[112.65103,5.10687],[112.65297,5.06027],[112.7189,5.0758],[112.67853,5.12123],[112.65103,5.10687]]],[[[111.63882,7.90715],[111.70743,7.88623],[111.71363,7.92741],[111.65178,7.93256],[111.63882,7.90715]]],[[[113.83212,19.15838],[113.91472,19.17216],[113.92036,19.22346],[113.87592,19.23692],[113.80675,19.22314],[113.83212,19.15838]]],[[[112.61186,5.36784],[112.6402,5.34798],[112.6851,5.37185],[112.64538,5.40958],[112.61186,5.36784]]]]}},{"type":"Feature","id":"ne50m:ABW","properties":{"boundaryId":"ne50m:ABW","nodeId":"geo:aw","bounds":[-70.066,12.439,-69.899,12.568]},"geometry":{"type":"Polygon","coordinates":[[[-69.899,12.452],[-69.973,12.568],[-70.066,12.547],[-69.942,12.439],[-69.899,12.452]]]}},{"type":"Feature","id":"ne50m:ACA","properties":{"boundaryId":"ne50m:ACA","nodeId":"geo:ag","bounds":[-61.86,17.013,-61.716,17.169]},"geometry":{"type":"Polygon","coordinates":[[[-61.716,17.037],[-61.817,17.169],[-61.86,17.013],[-61.716,17.037]]]}},{"type":"Feature","id":"ne50m:ACB","properties":{"boundaryId":"ne50m:ACB","nodeId":"geo:ag","bounds":[-61.852,17.575,-61.747,17.714]},"geometry":{"type":"Polygon","coordinates":[[[-61.747,17.575],[-61.75,17.661],[-61.852,17.714],[-61.844,17.596],[-61.747,17.575]]]}},{"type":"Feature","id":"ne50m:AFG","properties":{"boundaryId":"ne50m:AFG","nodeId":"geo:af","bounds":[60.486,29.392,74.891,38.456]},"geometry":{"type":"Polygon","coordinates":[[[66.522,37.348],[66.108,37.415],[65.765,37.569],[65.555,37.251],[65.09,37.238],[64.816,37.132],[64.511,36.341],[64.358,36.226],[63.863,36.012],[63.109,35.819],[63.17,35.678],[63.057,35.446],[62.611,35.233],[62.253,35.25],[61.984,35.444],[61.543,35.458],[61.262,35.62],[61.08,34.856],[60.951,34.654],[60.726,34.518],[60.486,34.095],[60.511,33.639],[60.917,33.505],[60.561,33.138],[60.577,32.995],[60.829,32.249],[60.792,31.661],[60.854,31.483],[61.66,31.382],[61.814,31.073],[61.784,30.832],[60.843,29.859],[62.477,29.408],[63.568,29.498],[64.099,29.392],[64.521,29.565],[65.096,29.559],[66.177,29.836],[66.305,30.321],[66.287,30.608],[66.397,30.912],[66.924,31.306],[67.287,31.218],[67.738,31.344],[67.578,31.506],[68.017,31.678],[68.214,31.807],[68.598,31.803],[68.869,31.634],[69.083,31.738],[69.279,31.937],[69.241,32.434],[69.405,32.683],[69.502,33.02],[69.92,33.113],[70.284,33.369],[70.057,33.72],[69.868,33.898],[69.995,34.052],[70.416,33.95],[70.848,33.982],[71.052,34.05],[71.096,34.369],[70.966,34.53],[71.621,35.183],[71.601,35.408],[71.428,35.834],[71.185,36.042],[71.621,36.436],[71.822,36.486],[72.157,36.701],[72.623,36.83],[73.769,36.888],[74.002,36.823],[74.541,37.022],[74.372,37.158],[74.727,37.291],[74.891,37.232],[74.659,37.394],[74.26,37.415],[74.167,37.329],[73.75,37.232],[73.721,37.419],[73.481,37.472],[72.896,37.268],[72.657,37.029],[72.359,36.983],[71.802,36.694],[71.597,36.733],[71.433,37.128],[71.552,37.933],[71.279,37.918],[71.333,38.17],[71.256,38.307],[70.879,38.456],[70.616,38.334],[70.418,38.075],[70.215,37.924],[70.251,37.664],[69.492,37.553],[69.414,37.208],[69.265,37.108],[68.96,37.325],[68.669,37.258],[68.068,36.95],[67.759,37.172],[67.517,37.267],[67.32,37.21],[67.069,37.335],[66.522,37.348]]]}},{"type":"Feature","id":"ne50m:AGO","properties":{"boundaryId":"ne50m:AGO","nodeId":"geo:ao","bounds":[11.743,-18.001,24.047,-4.445]},"geometry":{"type":"MultiPolygon","coordinates":[[[[13.073,-4.635],[12.881,-4.445],[12.385,-4.619],[12.018,-5.004],[12.177,-5.325],[12.155,-5.633],[12.214,-5.759],[12.504,-5.696],[12.522,-5.149],[12.574,-4.997],[12.83,-4.737],[13.073,-4.635]]],[[[23.967,-10.872],[23.834,-11.014],[23.4,-10.976],[23.157,-11.075],[22.561,-11.056],[22.279,-11.194],[22.178,-10.892],[22.28,-10.784],[22.302,-10.397],[22.198,-10.041],[21.949,-9.726],[21.813,-9.469],[21.905,-8.693],[21.896,-8.341],[21.801,-8.112],[21.78,-7.865],[21.842,-7.421],[21.751,-7.305],[20.608,-7.278],[20.482,-6.916],[19.875,-6.986],[19.528,-7.144],[19.48,-7.472],[19.372,-7.655],[19.341,-7.967],[18.898,-7.998],[18.653,-7.936],[17.913,-8.068],[17.536,-8.076],[17.155,-7.461],[16.985,-7.257],[16.919,-6.934],[16.743,-6.618],[16.718,-6.241],[16.537,-5.966],[16.315,-5.866],[15.727,-5.864],[14.399,-5.893],[13.979,-5.857],[13.068,-5.865],[12.791,-6.004],[12.303,-6.093],[12.521,-6.59],[12.823,-6.955],[12.862,-7.232],[13.091,-7.78],[13.379,-8.37],[13.359,-8.687],[12.999,-9.048],[13.156,-9.39],[13.209,-9.703],[13.539,-10.421],[13.721,-10.634],[13.847,-11.054],[13.784,-11.488],[13.785,-11.813],[13.686,-12.124],[13.417,-12.52],[12.983,-12.776],[12.898,-13.028],[12.55,-13.438],[12.504,-13.755],[12.379,-14.039],[12.28,-14.637],[11.968,-15.634],[11.751,-15.832],[11.797,-15.986],[11.819,-16.704],[11.743,-17.249],[12.014,-17.169],[12.548,-17.213],[13.101,-16.968],[13.404,-17.008],[13.938,-17.389],[15.766,-17.39],[16.531,-17.391],[18.396,-17.399],[18.718,-17.703],[19.076,-17.818],[19.639,-17.869],[20.393,-17.887],[20.625,-17.997],[21.113,-17.956],[21.417,-18.001],[23.381,-17.641],[22.956,-17.286],[22.305,-16.69],[22.151,-16.597],[21.98,-15.956],[21.979,-14.761],[21.979,-13.001],[23.843,-13.001],[23.991,-12.422],[23.959,-12.118],[23.971,-11.636],[24.047,-11.405],[23.967,-10.872]]]]}},{"type":"Feature","id":"ne50m:AIA","properties":{"boundaryId":"ne50m:AIA","nodeId":"geo:ai","bounds":[-63.153,18.2,-63.001,18.27]},"geometry":{"type":"Polygon","coordinates":[[[-63.001,18.222],[-63.026,18.27],[-63.153,18.2],[-63.001,18.222]]]}},{"type":"Feature","id":"ne50m:ALB","properties":{"boundaryId":"ne50m:ALB","nodeId":"geo:al","bounds":[19.281,39.654,21.031,42.629]},"geometry":{"type":"Polygon","coordinates":[[[19.342,41.869],[19.578,41.788],[19.441,41.425],[19.461,40.933],[19.345,40.622],[19.398,40.285],[19.852,40.044],[20.001,39.709],[20.207,39.654],[20.382,39.842],[20.311,39.979],[20.657,40.117],[20.806,40.445],[21.031,40.659],[20.964,40.85],[20.741,40.905],[20.489,41.273],[20.449,41.521],[20.566,41.874],[20.485,42.223],[20.241,42.339],[20.064,42.547],[19.788,42.476],[19.654,42.629],[19.281,42.173],[19.342,41.869]]]}},{"type":"Feature","id":"ne50m:ALD","properties":{"boundaryId":"ne50m:ALD","nodeId":"geo:ax","bounds":[19.687,60.099,20.259,60.351]},"geometry":{"type":"Polygon","coordinates":[[[19.99,60.351],[19.687,60.268],[19.746,60.099],[20.259,60.261],[19.99,60.351]]]}},{"type":"Feature","id":"ne50m:AND","properties":{"boundaryId":"ne50m:AND","nodeId":"geo:ad","bounds":[1.428,42.434,1.706,42.596]},"geometry":{"type":"Polygon","coordinates":[[[1.706,42.503],[1.428,42.596],[1.486,42.434],[1.706,42.503]]]}},{"type":"Feature","id":"ne50m:ARE","properties":{"boundaryId":"ne50m:ARE","nodeId":"geo:ae","bounds":[51.568,22.621,56.388,26.063]},"geometry":{"type":"Polygon","coordinates":[[[56.298,25.651],[56.145,25.691],[56.167,26.047],[56.08,26.063],[55.941,25.794],[55.523,25.498],[55.098,25.042],[54.747,24.81],[54.397,24.278],[53.893,24.077],[53.33,24.098],[52.648,24.155],[52.251,23.995],[51.906,23.985],[51.768,24.254],[51.568,24.286],[51.593,24.079],[52.555,22.933],[53.832,22.777],[55.104,22.621],[55.186,22.704],[55.2,23.035],[55.508,23.725],[55.548,23.991],[55.985,24.063],[55.761,24.243],[55.796,24.868],[55.916,24.972],[56.064,24.739],[56.388,24.979],[56.363,25.569],[56.298,25.651]]]}},{"type":"Feature","id":"ne50m:ARG","properties":{"boundaryId":"ne50m:ARG","nodeId":"geo:ar","bounds":[-73.576,-55.032,-53.671,-21.83]},"geometry":{"type":"MultiPolygon","coordinates":[[[[-57.609,-30.188],[-57.405,-30.034],[-57.225,-29.782],[-56.939,-29.595],[-56.322,-28.852],[-56.103,-28.652],[-55.725,-28.204],[-55.346,-27.956],[-55.102,-27.867],[-54.829,-27.551],[-54.327,-27.424],[-54.205,-27.29],[-53.838,-27.121],[-53.717,-26.883],[-53.753,-26.749],[-53.671,-26.225],[-53.823,-25.96],[-53.891,-25.669],[-54.155,-25.523],[-54.444,-25.625],[-54.616,-25.576],[-54.678,-26.309],[-54.825,-26.652],[-55.136,-26.931],[-55.427,-27.009],[-55.79,-27.416],[-56.164,-27.321],[-56.437,-27.554],[-56.603,-27.468],[-57.112,-27.47],[-57.812,-27.317],[-58.168,-27.273],[-58.605,-27.314],[-58.642,-27.196],[-58.323,-26.858],[-58.191,-26.63],[-58.203,-26.381],[-58.082,-26.139],[-57.891,-26.007],[-57.755,-25.697],[-57.572,-25.534],[-57.587,-25.405],[-57.822,-25.136],[-58.136,-24.977],[-58.365,-24.959],[-59.373,-24.454],[-59.892,-24.094],[-60.84,-23.858],[-61.033,-23.756],[-61.208,-23.557],[-61.799,-23.182],[-62.067,-22.869],[-62.373,-22.439],[-62.651,-22.234],[-62.843,-21.997],[-63.819,-22.005],[-63.976,-22.073],[-64.374,-22.761],[-64.606,-22.229],[-65.058,-22.103],[-65.771,-22.1],[-66.099,-21.835],[-66.248,-21.83],[-66.365,-22.114],[-66.712,-22.216],[-66.8,-22.41],[-66.991,-22.51],[-67.195,-22.822],[-67.009,-23.001],[-67.356,-24.034],[-68.25,-24.392],[-68.507,-24.63],[-68.562,-24.838],[-68.384,-25.092],[-68.541,-25.237],[-68.6,-25.486],[-68.415,-26.154],[-68.53,-26.277],[-68.581,-26.518],[-68.319,-26.878],[-68.346,-27.028],[-68.652,-27.148],[-68.846,-27.154],[-68.999,-27.449],[-69.174,-27.925],[-69.657,-28.414],[-69.828,-29.103],[-70.027,-29.324],[-69.928,-29.769],[-69.956,-30.358],[-70.161,-30.44],[-70.348,-30.902],[-70.309,-31.023],[-70.52,-31.148],[-70.585,-31.569],[-70.45,-31.842],[-70.254,-31.958],[-70.364,-32.083],[-70.17,-32.472],[-70.093,-33.027],[-70.02,-33.271],[-69.798,-33.399],[-69.894,-33.731],[-69.852,-34.224],[-70.052,-34.301],[-70.29,-34.733],[-70.47,-35.326],[-70.38,-35.772],[-70.405,-36.062],[-70.722,-36.283],[-70.749,-36.393],[-71.056,-36.524],[-71.192,-36.844],[-71.118,-37.114],[-71.2,-37.3],[-71.135,-37.445],[-71.168,-37.762],[-71.028,-38.041],[-70.968,-38.446],[-70.848,-38.542],[-70.952,-38.738],[-71.286,-38.845],[-71.426,-38.986],[-71.42,-39.287],[-71.539,-39.602],[-71.72,-39.635],[-71.66,-40.021],[-71.818,-40.177],[-71.695,-40.335],[-71.932,-40.692],[-71.873,-40.893],[-71.911,-41.65],[-71.761,-42.101],[-72.026,-42.148],[-72.125,-42.298],[-72.146,-42.99],[-71.781,-43.167],[-71.905,-43.44],[-71.751,-43.59],[-71.795,-43.753],[-71.68,-43.93],[-71.812,-44.106],[-71.82,-44.383],[-71.213,-44.441],[-71.261,-44.763],[-71.957,-44.792],[-72.042,-44.904],[-71.596,-44.979],[-71.354,-45.23],[-71.508,-45.513],[-71.693,-45.535],[-71.773,-45.724],[-71.632,-45.954],[-71.876,-46.161],[-71.695,-46.578],[-71.94,-46.831],[-71.905,-47.202],[-72.346,-47.493],[-72.518,-47.876],[-72.328,-48.11],[-72.355,-48.366],[-72.608,-48.519],[-72.614,-48.793],[-72.982,-48.977],[-73.135,-49.301],[-73.462,-49.314],[-73.576,-49.583],[-73.47,-49.795],[-73.501,-50.125],[-73.387,-50.231],[-73.153,-50.738],[-72.51,-50.608],[-72.34,-50.682],[-72.276,-50.91],[-72.377,-51.095],[-72.303,-51.299],[-72.408,-51.541],[-71.953,-51.88],[-71.919,-51.99],[-69.96,-52.008],[-69.488,-52.136],[-69.206,-52.136],[-68.443,-52.357],[-68.394,-52.307],[-69.033,-51.636],[-69.03,-51.446],[-69.235,-50.951],[-68.939,-50.382],[-68.422,-50.158],[-68.146,-50.091],[-67.783,-49.859],[-67.685,-49.247],[-67.466,-48.952],[-67.033,-48.628],[-66.393,-48.342],[-65.81,-47.941],[-65.934,-47.827],[-65.738,-47.345],[-65.999,-47.094],[-66.777,-47.006],[-67.387,-46.554],[-67.563,-46.345],[-67.557,-45.97],[-67.258,-45.577],[-66.941,-45.257],[-66.585,-45.183],[-66.19,-44.965],[-65.639,-45.008],[-65.648,-44.661],[-65.361,-44.477],[-65.239,-44.049],[-65.284,-43.63],[-64.986,-43.294],[-64.715,-43.136],[-64.432,-43.059],[-64.629,-42.909],[-65.027,-42.759],[-64.65,-42.531],[-64.324,-42.572],[-64.131,-42.861],[-63.692,-42.805],[-63.596,-42.407],[-63.796,-42.114],[-64.061,-42.266],[-64.101,-42.395],[-64.42,-42.434],[-64.524,-42.299],[-64.898,-42.162],[-65.059,-41.97],[-65.018,-41.567],[-65.155,-41.106],[-65.133,-40.881],[-64.853,-40.814],[-64.123,-41.008],[-63.773,-41.15],[-63.213,-41.152],[-62.959,-41.11],[-62.395,-40.891],[-62.246,-40.675],[-62.394,-40.459],[-62.402,-40.197],[-62.287,-39.895],[-62.132,-39.825],[-62.054,-39.374],[-62.338,-39.151],[-62.067,-38.919],[-61.603,-38.999],[-61.112,-38.993],[-59.828,-38.838],[-59.007,-38.673],[-58.179,-38.436],[-57.547,-38.086],[-57.396,-37.745],[-57.088,-37.446],[-56.672,-36.851],[-56.698,-36.426],[-56.937,-36.353],[-57.265,-36.144],[-57.375,-35.9],[-57.354,-35.72],[-57.159,-35.506],[-57.304,-35.188],[-57.764,-34.895],[-58.283,-34.683],[-58.525,-34.296],[-58.392,-34.193],[-58.547,-33.663],[-58.424,-33.112],[-58.171,-32.959],[-58.201,-32.472],[-58.123,-32.322],[-58.189,-31.924],[-58.042,-31.769],[-58.054,-31.495],[-57.868,-31.104],[-57.811,-30.859],[-57.873,-30.591],[-57.609,-30.188]]],[[[-68.653,-54.854],[-68.22,-54.818],[-66.93,-54.925],[-66.511,-55.032],[-65.842,-54.91],[-65.346,-54.878],[-65.179,-54.678],[-65.747,-54.653],[-66.236,-54.533],[-67.294,-54.05],[-68.008,-53.564],[-68.144,-53.319],[-68.489,-53.261],[-68.278,-52.984],[-68.63,-52.653],[-68.64,-54.324],[-68.653,-54.854]]]]}},{"type":"Feature","id":"ne50m:ARM","properties":{"boundaryId":"ne50m:ARM","nodeId":"geo:am","bounds":[43.439,38.878,46.55,41.291]},"geometry":{"type":"Polygon","coordinates":[[[44.768,39.704],[45.032,39.765],[45.457,39.494],[45.75,39.563],[45.766,39.378],[45.952,39.178],[46.114,38.878],[46.491,38.907],[46.55,39.201],[46.378,39.382],[46.481,39.555],[46.202,39.594],[45.79,39.881],[45.965,40.234],[45.57,40.417],[45.376,40.638],[45.588,40.847],[45.001,41.291],[44.841,41.211],[44.227,41.213],[43.439,41.107],[43.632,40.929],[43.723,40.72],[43.569,40.482],[43.792,40.07],[44.289,40.04],[44.768,39.704]]]}},{"type":"Feature","id":"ne50m:ASM","properties":{"boundaryId":"ne50m:ASM","nodeId":"geo:as","bounds":[-170.821,-14.351,-170.689,-14.257]},"geometry":{"type":"Polygon","coordinates":[[[-170.726,-14.351],[-170.689,-14.257],[-170.821,-14.312],[-170.726,-14.351]]]}},{"type":"Feature","id":"ne50m:ATA","properties":{"boundaryId":"ne50m:ATA","nodeId":"geo:aq","bounds":[179.403,-89.999,171.917,-63.157]},"geometry":{"type":"MultiPolygon","coordinates":[[[[-57.021,-63.373],[-57.39,-63.226],[-58.216,-63.451],[-58.872,-63.552],[-59.51,-63.821],[-60.277,-63.924],[-60.864,-64.073],[-61.082,-64.315],[-61.632,-64.605],[-62.576,-64.756],[-63.12,-64.942],[-63.033,-65.08],[-63.76,-65.033],[-64.038,-65.179],[-64.066,-65.554],[-64.653,-65.867],[-65.267,-65.994],[-65.617,-66.135],[-65.776,-66.343],[-65.766,-66.625],[-66.371,-66.609],[-66.61,-67.209],[-66.955,-66.985],[-67.493,-67.113],[-67.586,-67.435],[-66.705,-67.527],[-67.15,-68.025],[-66.793,-68.24],[-67.391,-68.861],[-66.975,-69.161],[-67.372,-69.412],[-68.141,-69.348],[-68.708,-69.432],[-68.47,-69.644],[-68.403,-70.02],[-67.888,-70.422],[-67.505,-71.058],[-67.46,-71.527],[-66.828,-72.09],[-67.307,-72.611],[-67.667,-72.835],[-68.821,-73.105],[-70.323,-73.274],[-71.017,-73.263],[-71.453,-73.354],[-72.929,-73.448],[-73.996,-73.7],[-75.293,-73.639],[-76.291,-73.805],[-77.135,-73.818],[-76.85,-73.46],[-78.408,-73.556],[-79.522,-73.09],[-80.442,-72.945],[-81.262,-73.315],[-81.309,-73.738],[-82.183,-73.857],[-83.042,-73.707],[-83.565,-73.706],[-84.981,-73.502],[-85.582,-73.259],[-85.981,-73.208],[-87.038,-73.354],[-87.401,-73.192],[-88.419,-73.229],[-88.561,-73.121],[-88.195,-72.859],[-88.527,-72.702],[-89.127,-72.693],[-89.341,-72.89],[-90.295,-72.978],[-90.431,-73.243],[-90.921,-73.319],[-92.241,-73.178],[-93.706,-73.215],[-94.246,-73.313],[-95.237,-73.22],[-96.152,-73.309],[-96.676,-73.269],[-98.012,-73.033],[-100.821,-72.981],[-101.681,-73.03],[-102.409,-72.987],[-102.485,-72.736],[-103.375,-72.819],[-103.076,-73.185],[-102.675,-73.321],[-101.189,-73.318],[-100.021,-73.403],[-99.2,-73.571],[-99.781,-73.72],[-100.985,-73.757],[-102.411,-73.616],[-102.8,-73.646],[-102.766,-73.884],[-101.715,-74.024],[-101.252,-74.486],[-100.119,-74.515],[-100.265,-74.823],[-98.558,-75.19],[-98.752,-75.317],[-99.531,-75.309],[-101.039,-75.422],[-101.708,-75.127],[-103.425,-75.101],[-104.902,-75.115],[-106.619,-75.344],[-107.805,-75.322],[-109.272,-75.185],[-111.104,-75.191],[-111.463,-75.133],[-110.3,-74.711],[-110.307,-74.367],[-111.18,-74.188],[-111.806,-74.27],[-111.696,-74.792],[-113.932,-74.982],[-113.903,-74.644],[-113.333,-74.454],[-113.753,-74.367],[-113.508,-74.089],[-114.346,-73.925],[-114.791,-73.989],[-115.105,-74.455],[-117.068,-74.473],[-118.342,-74.382],[-118.803,-74.422],[-119.677,-74.655],[-121.544,-74.75],[-123.889,-74.773],[-125.353,-74.715],[-127.863,-74.719],[-129.791,-74.891],[-132.049,-74.766],[-133.475,-74.852],[-135.362,-74.69],[-136.228,-74.836],[-136.55,-75.139],[-137.618,-75.076],[-139.691,-75.213],[-141.506,-75.69],[-142.33,-75.491],[-143.574,-75.564],[-145.106,-75.879],[-145.988,-75.889],[-146.383,-76.1],[-145.642,-76.326],[-145.886,-76.424],[-147.86,-76.131],[-148.32,-76.104],[-149.654,-76.365],[-148.601,-76.493],[-147.34,-76.438],[-145.75,-76.749],[-145.967,-77.069],[-145.601,-77.455],[-146.391,-77.472],[-146.928,-77.26],[-148.744,-77.343],[-148.34,-77.551],[-149.718,-77.797],[-151.719,-77.426],[-153.461,-77.416],[-153.91,-77.227],[-154.815,-77.127],[-156.211,-77.106],[-156.668,-77.213],[-158.214,-77.157],[-158.23,-77.498],[-158.5,-77.778],[-158.286,-77.951],[-157.267,-78.2],[-155.342,-78.192],[-154.716,-78.398],[-155.92,-78.51],[-156.469,-78.635],[-155.21,-78.965],[-153.518,-79.117],[-152.244,-79.103],[-152.091,-79.242],[-150.491,-79.546],[-148.177,-79.776],[-148.317,-80.071],[-150.221,-80.15],[-150.575,-80.354],[-150.133,-80.51],[-148.123,-80.901],[-152.035,-81.029],[-156.528,-81.162],[-157.033,-81.319],[-154.908,-81.51],[-153.957,-81.7],[-154.717,-81.941],[-153.01,-82.45],[-155.459,-82.981],[-157.679,-83.129],[-157.428,-83.346],[-159.444,-83.543],[-162.197,-83.519],[-163.111,-83.329],[-166.217,-83.201],[-168.418,-83.229],[-171.821,-82.847],[-174.066,-82.9],[-169.168,-83.45],[-167.553,-83.811],[-164.951,-83.806],[-164.083,-83.946],[-164.685,-84.155],[-163.569,-84.529],[-156.986,-84.811],[-157.127,-85.186],[-162.933,-84.901],[-166.911,-84.819],[-168.668,-84.684],[-171.704,-84.542],[-178.39,-84.337],[-180,-84.352],[-180,-85.058],[-180,-85.763],[-180,-86.469],[-180,-87.175],[-180,-87.881],[-180,-88.587],[-180,-89.293],[-180,-89.583],[-180,-89.999],[180,-89.999],[180,-84.352],[179.403,-84.206],[171.917,-83.644],[171.221,-83.475],[168.11,-83.362],[168.607,-83.065],[167.233,-82.952],[164.747,-82.354],[163.269,-82.463],[161.167,-82.408],[163.68,-82.187],[162.821,-81.866],[160.908,-81.39],[160.542,-80.425],[158.574,-80.423],[158.767,-80.293],[160.559,-80.011],[160.209,-79.554],[160.646,-79.427],[160.483,-79.201],[161.191,-78.979],[161.951,-79.03],[164.635,-78.603],[166.117,-78.571],[166.209,-78.452],[164.43,-78.042],[163.619,-77.582],[163.608,-77.388],[163.087,-77.032],[162.45,-76.956],[162.763,-76.746],[162.728,-76.225],[162.437,-76.155],[162.816,-75.846],[161.68,-75.218],[162.534,-75.167],[162.604,-74.823],[163.167,-74.602],[164.174,-74.523],[165.303,-74.594],[165.263,-74.426],[164.776,-74.029],[164.98,-73.926],[166.106,-73.735],[166.159,-73.534],[166.996,-73.544],[167.616,-73.337],[167.156,-73.147],[169.545,-73.05],[169.829,-72.729],[168.82,-72.552],[169.954,-72.403],[170.224,-71.948],[170.859,-71.869],[170.436,-71.419],[170.162,-71.63],[168.798,-71.275],[168.173,-71.183],[167.569,-70.81],[166.627,-70.664],[165.854,-70.645],[164.403,-70.51],[163.998,-70.637],[163.349,-70.621],[162.675,-70.305],[162.216,-70.334],[162.04,-70.625],[162.287,-70.969],[161.425,-70.827],[161.037,-70.317],[160.652,-70.081],[160.21,-69.975],[160.126,-69.734],[159.784,-69.522],[158.158,-69.209],[157.481,-69.309],[157.046,-69.176],[156.489,-69.183],[155.52,-69.024],[154.988,-68.841],[154.2,-68.418],[153.785,-68.35],[153.705,-68.729],[153.082,-68.857],[152.546,-68.73],[151.562,-68.694],[151.139,-68.764],[151.068,-68.385],[148.456,-68.467],[146.798,-68.274],[146.828,-67.965],[145.975,-67.624],[145.128,-67.626],[144.404,-67.794],[143.942,-67.794],[144.621,-67.141],[144.348,-67.018],[143.448,-66.877],[142.888,-67],[142.327,-66.948],[141.973,-66.807],[141.286,-66.832],[140.902,-66.752],[139.9,-66.715],[139.242,-66.574],[138.14,-66.544],[137.754,-66.406],[136.889,-66.34],[136.553,-66.439],[136.194,-66.292],[135.352,-66.127],[134.971,-66.33],[134.289,-66.477],[134.179,-66.277],[133.445,-66.081],[132.874,-66.178],[132.32,-66.165],[131.831,-66.236],[130.952,-66.191],[130.121,-66.292],[129.741,-66.469],[129.237,-67.042],[128.431,-67.119],[127.968,-67.028],[127.541,-67.051],[126.874,-66.759],[126.665,-66.498],[125.866,-66.364],[125.398,-66.424],[125.095,-66.641],[124.598,-66.708],[123.969,-66.608],[123.222,-66.745],[122.183,-66.859],[121.488,-67.091],[119.133,-67.371],[119.281,-67.199],[118.139,-67.082],[117.132,-67.114],[116.713,-67.047],[115.885,-67.202],[115.384,-67.238],[114.658,-67.388],[114.027,-67.441],[113.991,-67.212],[115.274,-67.028],[115.635,-66.771],[115.31,-66.561],[114.619,-66.468],[114.337,-66.36],[113.71,-65.93],[113.099,-65.8],[111.453,-65.961],[110.907,-66.077],[110.587,-66.312],[110.622,-66.524],[109.824,-66.834],[109.463,-66.909],[108.376,-66.766],[108.158,-66.639],[107.171,-66.47],[106.387,-66.411],[103.951,-65.988],[103.639,-65.999],[102.674,-65.865],[102.174,-65.954],[101.474,-65.951],[100.889,-66.358],[99.37,-66.648],[98.859,-66.671],[98.258,-66.467],[97.72,-66.607],[97.101,-66.499],[96.424,-66.6],[95.541,-66.631],[94.84,-66.501],[93.964,-66.69],[93.358,-66.585],[92.731,-66.624],[92.073,-66.508],[91.022,-66.603],[90.547,-66.734],[89.698,-66.823],[87.98,-66.788],[86.75,-67.037],[86.118,-67.055],[85.711,-67.161],[84.485,-67.114],[83.494,-67.441],[83.304,-67.603],[82.607,-67.613],[82.017,-67.69],[79.288,-68.119],[78.726,-68.278],[78.489,-68.626],[77.817,-69.069],[77.192,-69.206],[76.36,-69.49],[75.891,-69.576],[75.424,-69.893],[74.571,-69.88],[73.942,-69.743],[73.325,-69.849],[72.822,-70.096],[72.76,-70.396],[72.263,-70.657],[71.905,-70.707],[71.465,-71.155],[71.277,-71.624],[70.616,-71.842],[69.555,-72.375],[68.42,-72.515],[67.971,-72.751],[67.971,-73.086],[67.322,-73.3],[66.569,-73.209],[66.892,-72.949],[67.432,-72.003],[68.037,-71.391],[68.873,-71.035],[69.188,-70.705],[69.25,-70.431],[67.941,-70.423],[67.268,-70.273],[68.178,-69.837],[68.744,-69.921],[69.083,-69.867],[69.188,-69.655],[68.906,-69.373],[69.629,-69.232],[69.534,-68.737],[69.982,-68.464],[69.416,-67.743],[68.9,-67.862],[68.328,-67.89],[67.175,-67.768],[66.488,-67.766],[64.574,-67.62],[63.699,-67.508],[62.688,-67.648],[62.174,-67.575],[61.309,-67.54],[60.482,-67.385],[59.251,-67.485],[58.737,-67.23],[57.627,-67.014],[56.892,-67.056],[56.155,-67.265],[55.803,-67.199],[56.391,-66.974],[56.453,-66.78],[57.185,-66.613],[56.859,-66.423],[56.362,-66.373],[55.71,-66.08],[54.948,-65.916],[53.672,-65.859],[51.885,-66.02],[50.937,-66.315],[50.332,-66.445],[50.306,-66.753],[50.521,-66.82],[50.606,-67.15],[50.006,-67.175],[49.247,-66.942],[48.465,-67.043],[48.714,-67.217],[49.219,-67.227],[48.63,-67.521],[48.648,-67.794],[47.959,-67.66],[47.49,-67.728],[47.117,-67.573],[47.403,-67.409],[46.884,-67.275],[46.317,-67.402],[46.399,-67.618],[44.99,-67.769],[44.7,-67.904],[42.82,-68.123],[42.409,-68.352],[41.133,-68.575],[40.484,-68.739],[39.864,-68.967],[39.705,-69.426],[38.859,-70.006],[38.499,-70.056],[38.144,-69.824],[37.56,-69.718],[37.115,-69.81],[36.719,-69.652],[35.225,-69.637],[34.596,-69.095],[33.814,-69.099],[34.193,-68.702],[33.121,-68.689],[32.642,-68.869],[32.568,-69.074],[32.903,-69.379],[32.989,-69.624],[32.621,-70.001],[31.379,-70.226],[30.003,-70.3],[28.912,-70.583],[27.698,-70.772],[27.207,-70.911],[25.974,-71.037],[24.757,-70.892],[24.386,-70.704],[24.236,-70.449],[23.804,-70.405],[23.407,-70.723],[22.979,-70.81],[22.234,-70.643],[22.366,-70.475],[21.705,-70.258],[21.337,-70.495],[21.071,-70.843],[20.128,-70.918],[19.265,-70.902],[19.027,-70.674],[19.196,-70.293],[18.433,-70.29],[18.125,-70.54],[16.709,-70.397],[16.585,-70.204],[16.025,-70.193],[15.807,-70.324],[14.492,-70.3],[13.823,-70.343],[12.929,-70.213],[12.462,-70.37],[11.701,-70.767],[11.204,-70.729],[10.218,-70.508],[9.613,-70.269],[9.142,-70.184],[8.523,-70.474],[7.677,-70.356],[7.401,-70.494],[6.508,-70.586],[5.113,-70.656],[3.507,-70.844],[2.609,-70.9],[0.835,-71.202],[0.154,-71.398],[-0.543,-71.713],[-0.896,-71.349],[-2.015,-71.433],[-2.812,-71.321],[-3.713,-71.375],[-4.45,-71.328],[-5.95,-71.342],[-6.08,-71.154],[-5.588,-70.857],[-5.936,-70.713],[-6.838,-70.845],[-7.388,-70.787],[-7.873,-70.94],[-7.618,-71.121],[-7.714,-71.546],[-8.646,-71.673],[-9.231,-71.174],[-9.888,-71.027],[-10.52,-71.296],[-10.825,-71.553],[-11.663,-71.331],[-12.351,-71.39],[-12.148,-71.614],[-10.958,-71.902],[-11.497,-72.413],[-12.747,-72.629],[-13.209,-72.785],[-14.298,-72.733],[-14,-73.001],[-14.321,-73.123],[-15.007,-73.047],[-15.596,-73.097],[-16.435,-73.426],[-16.519,-73.644],[-15.936,-73.758],[-15.749,-73.946],[-14.574,-73.937],[-15.673,-74.407],[-16.43,-74.324],[-17.299,-74.334],[-18.749,-75.242],[-18.517,-75.39],[-19.493,-75.54],[-20.487,-75.492],[-21.434,-75.683],[-22.465,-75.661],[-24.27,-75.767],[-26.059,-75.957],[-27.135,-76.157],[-28.934,-76.37],[-30.222,-76.66],[-32.063,-77.16],[-32.614,-77.141],[-34.076,-77.425],[-34.551,-77.729],[-35.088,-77.837],[-36.181,-78.468],[-36.239,-78.774],[-35.516,-78.933],[-32.994,-79.229],[-31.413,-79.145],[-30.316,-79.163],[-29.949,-79.599],[-25.259,-79.762],[-23.407,-79.859],[-24.24,-80.062],[-29.329,-80.172],[-31.015,-80.308],[-32.256,-80.461],[-35.327,-80.651],[-35.966,-80.891],[-37.209,-81.064],[-38.772,-80.882],[-41.434,-81.298],[-43.18,-82.017],[-43.669,-82.27],[-45.044,-82.438],[-46.517,-82.455],[-46.046,-82.159],[-48.361,-81.892],[-50.653,-81.975],[-53.986,-82.201],[-55.801,-82.478],[-57.354,-82.84],[-59.516,-83.458],[-61.59,-83.341],[-61.218,-82.992],[-61.917,-82.977],[-62.736,-82.527],[-60.817,-82.276],[-62.645,-82.263],[-64.92,-82.371],[-65.913,-82.183],[-65.916,-81.902],[-64.137,-81.869],[-64.696,-81.652],[-62.542,-81.678],[-62.49,-81.557],[-64.75,-81.522],[-70.239,-80.857],[-71.018,-80.619],[-73.029,-80.917],[-73.938,-80.816],[-75.237,-80.803],[-75.709,-80.383],[-76.558,-79.904],[-76.032,-79.627],[-76.499,-79.326],[-80.151,-79.268],[-80.892,-79.502],[-81.661,-79.1],[-83.26,-78.774],[-83.763,-78.461],[-83.246,-78.357],[-80.292,-78.823],[-77.869,-78.746],[-77.433,-78.435],[-77.858,-78.351],[-81.441,-77.886],[-80.602,-77.752],[-77.742,-77.94],[-74.812,-78.178],[-74.042,-78.109],[-73.252,-77.894],[-72.852,-77.59],[-74.581,-77.478],[-75.387,-77.474],[-76.249,-77.275],[-77.168,-76.834],[-77.19,-76.63],[-75.268,-76.581],[-73.88,-76.697],[-72.722,-76.689],[-71.799,-76.753],[-70.096,-76.654],[-69.304,-76.351],[-67.518,-76.11],[-66.37,-76.013],[-63.363,-75.451],[-63.231,-75.154],[-63.925,-75.004],[-62.708,-74.737],[-61.894,-74.713],[-62.226,-74.506],[-61.011,-74.478],[-61.571,-74.195],[-61.042,-74.122],[-60.879,-73.612],[-61.405,-73.467],[-59.957,-73.031],[-60.385,-73.007],[-60.532,-72.673],[-61.286,-72.601],[-60.73,-72.426],[-60.719,-72.073],[-61.31,-72.113],[-62.257,-72.018],[-61.939,-71.904],[-61.035,-71.82],[-61.214,-71.564],[-61.017,-71.167],[-61.313,-70.868],[-61.961,-70.901],[-62.001,-70.497],[-62.378,-70.365],[-61.961,-70.12],[-62.407,-69.827],[-62.451,-69.584],[-63.456,-69.042],[-63.344,-68.81],[-64.898,-68.673],[-65.242,-68.583],[-64.996,-68.408],[-65.64,-68.131],[-65.418,-67.66],[-65.443,-67.326],[-64.819,-67.307],[-64.878,-67.025],[-64.686,-66.806],[-64.043,-66.927],[-63.755,-66.873],[-64.078,-66.654],[-63.753,-66.278],[-63.258,-66.264],[-62.705,-66.68],[-62.682,-66.237],[-62.241,-66.197],[-61.875,-66.296],[-60.903,-66.191],[-60.618,-65.933],[-61.266,-65.98],[-61.839,-66.12],[-62.169,-66.031],[-62.305,-65.84],[-61.991,-65.589],[-62.145,-65.332],[-61.736,-65.033],[-61.06,-64.981],[-60.66,-64.729],[-59.963,-64.431],[-59.573,-64.531],[-58.895,-64.389],[-58.839,-64.187],[-58.263,-63.763],[-57.461,-63.514],[-56.835,-63.631],[-57.021,-63.373]]],[[[-45.223,-78.811],[-45.068,-78.661],[-43.947,-78.598],[-43.809,-78.287],[-44.34,-78.093],[-45.53,-77.881],[-46.826,-77.785],[-47.692,-77.84],[-49.081,-78.047],[-50.22,-78.605],[-50.733,-79.283],[-50.339,-79.479],[-52.297,-80.141],[-53.482,-80.189],[-54.347,-80.569],[-54.162,-80.87],[-49.773,-80.784],[-49.187,-80.643],[-43.528,-80.191],[-42.99,-79.801],[-42.965,-79.477],[-43.722,-78.818],[-45.223,-78.811]]],[[[-59.734,-80.344],[-59.706,-79.875],[-60.579,-79.741],[-61.343,-79.887],[-61.694,-80.134],[-61.313,-80.307],[-62.519,-80.373],[-65.98,-80.384],[-66.184,-80.442],[-64.268,-80.749],[-62.94,-80.766],[-62.023,-80.889],[-60.583,-80.948],[-59.825,-80.733],[-59.734,-80.344]]],[[[-70.051,-69.189],[-70.105,-68.959],[-70.417,-68.789],[-71.869,-68.941],[-72.138,-69.115],[-71.743,-69.423],[-71.854,-69.969],[-71.121,-70.196],[-70.328,-70.16],[-70.328,-70.361],[-71.061,-70.537],[-71.049,-70.762],[-70.299,-70.836],[-70.268,-70.965],[-71.194,-70.985],[-71.719,-71.145],[-72.356,-71.075],[-73.06,-71.127],[-72.622,-71.388],[-73.604,-71.351],[-74.187,-71.383],[-75.293,-71.615],[-75.353,-71.878],[-74.786,-72.064],[-73.899,-72.152],[-72.928,-71.922],[-72.412,-71.662],[-71.816,-71.822],[-70.821,-71.907],[-71.107,-72.047],[-71.898,-72.121],[-72.135,-72.331],[-72.618,-72.275],[-73.086,-72.408],[-72.367,-72.67],[-70.731,-72.623],[-70.543,-72.664],[-69.209,-72.534],[-68.64,-72.21],[-68.241,-71.822],[-68.336,-70.856],[-69.091,-70.09],[-69.417,-69.583],[-69.708,-69.321],[-70.051,-69.189]]],[[[-98.091,-71.912],[-98.615,-71.764],[-99.254,-71.972],[-99.833,-72.046],[-100.085,-71.837],[-102.128,-71.985],[-102.265,-72.135],[-100.195,-72.273],[-99.149,-72.472],[-98.408,-72.548],[-97.25,-72.521],[-96.052,-72.577],[-95.575,-72.41],[-95.609,-72.068],[-96.125,-71.896],[-96.869,-71.851],[-97.473,-72],[-98.091,-71.912]]],[[[-120.556,-73.756],[-123.112,-73.682],[-122.625,-73.966],[-122.859,-74.343],[-122.287,-74.403],[-121.062,-74.337],[-120.99,-74.157],[-120.272,-73.989],[-120.556,-73.756]]],[[[-126.33,-73.286],[-127.268,-73.304],[-127.414,-73.516],[-126.496,-73.7],[-126.472,-73.812],[-124.873,-74.208],[-123.837,-74.226],[-124.129,-73.834],[-124.993,-73.83],[-125.736,-73.406],[-126.33,-73.286]]],[[[-159.053,-79.807],[-159.684,-79.402],[-161.643,-78.901],[-162.39,-78.76],[-163.256,-78.722],[-164.126,-78.995],[-164.226,-79.321],[-161.866,-79.704],[-160.302,-79.845],[-159.053,-79.807]]],[[[167.084,-77.322],[166.237,-77.547],[166.729,-77.851],[167.392,-77.649],[168.323,-77.683],[169.353,-77.525],[168.451,-77.386],[167.084,-77.322]]],[[[-33.934,-79.32],[-35.535,-79.09],[-36.481,-79.294],[-33.934,-79.32]]],[[[-70.334,-79.68],[-69.732,-79.618],[-69.251,-79.21],[-67.481,-78.682],[-66.728,-78.384],[-67.479,-78.362],[-70.544,-78.884],[-71.254,-79.06],[-71.784,-79.444],[-71.526,-79.624],[-70.334,-79.68]]],[[[-57.846,-64.054],[-58.147,-64.097],[-58.304,-64.315],[-57.328,-64.238],[-57.249,-64.097],[-57.593,-63.967],[-57.846,-64.054]]],[[[-55.528,-63.174],[-56.042,-63.157],[-56.385,-63.234],[-56.379,-63.437],[-55.75,-63.297],[-55.528,-63.174]]],[[[-63.181,-64.47],[-63.334,-64.266],[-64.171,-64.582],[-64.272,-64.698],[-63.647,-64.803],[-63.026,-64.611],[-63.181,-64.47]]],[[[-67.988,-67.474],[-68.175,-67.344],[-67.688,-67.147],[-67.968,-67.032],[-67.831,-66.624],[-68.336,-66.802],[-69.082,-67.403],[-69.098,-67.603],[-68.58,-67.733],[-68.381,-67.555],[-67.988,-67.474]]],[[[-73.707,-70.635],[-74.038,-70.553],[-75.007,-70.609],[-75.21,-70.773],[-76.035,-70.836],[-76.5,-70.941],[-76.176,-71.132],[-74.205,-70.924],[-73.55,-70.723],[-73.707,-70.635]]],[[[-74.987,-69.728],[-75.681,-69.882],[-75.727,-70.096],[-74.849,-70.179],[-74.438,-69.95],[-74.987,-69.728]]],[[[-74.354,-73.098],[-74.474,-72.894],[-75.377,-72.82],[-75.439,-72.994],[-76.018,-73.085],[-75.901,-73.333],[-74.575,-73.611],[-74.366,-73.464],[-74.668,-73.275],[-74.354,-73.098]]],[[[-91.161,-73.182],[-90.776,-72.993],[-90.807,-72.611],[-91.67,-72.624],[-91.161,-73.182]]],[[[100.981,-65.678],[101.221,-65.472],[100.883,-65.378],[100.409,-65.466],[100.547,-65.701],[100.981,-65.678]]],[[[26.857,-70.381],[26.686,-70.114],[25.983,-70.2],[26.005,-70.373],[26.857,-70.381]]],[[[-3.28,-70.534],[-2.738,-70.507],[-2.714,-70.32],[-3.287,-70.344],[-3.28,-70.534]]],[[[-66.174,-80.078],[-65.504,-79.954],[-66.014,-79.624],[-66.979,-79.569],[-66.904,-79.909],[-66.174,-80.078]]],[[[-67.262,-79.453],[-67.069,-79.268],[-68.033,-79.227],[-68.549,-79.437],[-67.262,-79.453]]],[[[-61.998,-69.722],[-61.816,-69.376],[-62.118,-69.215],[-62.496,-69.288],[-61.998,-69.722]]],[[[-71.985,-69.698],[-72.331,-69.492],[-72.777,-69.645],[-71.985,-69.698]]],[[[-119.549,-74.11],[-119.059,-73.998],[-118.959,-73.809],[-119.803,-73.815],[-119.549,-74.11]]],[[[-127.366,-74.623],[-127.145,-74.48],[-127.853,-74.332],[-128.096,-74.466],[-127.366,-74.623]]],[[[-160.467,-81.589],[-160.938,-81.463],[-162.456,-81.313],[-163.766,-81.445],[-160.467,-81.589]]],[[[16.223,-70.008],[16.247,-69.705],[15.699,-69.773],[15.614,-69.939],[16.223,-70.008]]],[[[-2.533,-70.768],[-3.537,-70.683],[-2.801,-70.982],[-2.369,-71.044],[-2.092,-70.821],[-2.533,-70.768]]],[[[-20.607,-73.887],[-21.288,-73.989],[-20.846,-74.438],[-20.423,-74.317],[-20.607,-73.887]]],[[[-131.067,-74.584],[-130.981,-74.414],[-131.763,-74.324],[-131.841,-74.543],[-131.067,-74.584]]],[[[-149.231,-77.121],[-149.871,-76.875],[-150.462,-77.076],[-149.231,-77.121]]]]}},{"type":"Feature","id":"ne50m:ATC","properties":{"boundaryId":"ne50m:ATC","nodeId":"geo:au","bounds":[123.572,-12.436,123.595,-12.424]},"geometry":{"type":"Polygon","coordinates":[[[123.595,-12.426],[123.572,-12.424],[123.573,-12.434],[123.595,-12.436],[123.595,-12.426]]]}},{"type":"Feature","id":"ne50m:ATF","properties":{"boundaryId":"ne50m:ATF","nodeId":"geo:tf","bounds":[68.77,-49.705,70.555,-48.849]},"geometry":{"type":"Polygon","coordinates":[[[69.185,-49.11],[68.832,-48.849],[68.77,-49.066],[68.872,-49.444],[68.783,-49.651],[68.993,-49.705],[69.153,-49.53],[69.613,-49.651],[69.856,-49.544],[69.916,-49.349],[70.298,-49.425],[70.555,-49.201],[70.32,-49.059],[69.854,-49.222],[69.542,-49.256],[69.535,-48.974],[69.185,-49.11]]]}},{"type":"Feature","id":"ne50m:AUS","properties":{"boundaryId":"ne50m:AUS","nodeId":"geo:au","bounds":[113.231,-43.612,153.605,-10.707]},"geometry":{"type":"MultiPolygon","coordinates":[[[[143.179,-11.954],[142.873,-11.821],[142.837,-11.307],[142.723,-11.01],[142.456,-10.707],[142.326,-10.884],[142.168,-10.947],[142.139,-11.273],[141.952,-11.896],[141.806,-12.08],[141.678,-12.491],[141.852,-12.579],[141.782,-12.779],[141.614,-12.943],[141.645,-13.259],[141.473,-13.798],[141.594,-14.153],[141.523,-14.47],[141.625,-15.057],[141.452,-15.605],[141.412,-16.07],[141.219,-16.646],[140.966,-17.015],[140.83,-17.414],[140.511,-17.625],[140.036,-17.703],[139.441,-17.381],[139.248,-17.329],[139.01,-16.899],[138.626,-16.778],[138.245,-16.718],[137.913,-16.477],[137.704,-16.233],[137.299,-16.066],[137.002,-15.878],[136.785,-15.894],[136.584,-15.707],[136.291,-15.57],[136.205,-15.403],[135.531,-15],[135.405,-14.758],[135.745,-14.287],[135.883,-14.153],[135.99,-13.81],[135.929,-13.622],[135.927,-13.304],[136.294,-13.138],[136.461,-13.225],[136.594,-13.004],[136.537,-12.784],[136.947,-12.35],[136.719,-12.226],[136.54,-11.958],[136.27,-12.132],[136.261,-12.434],[136.082,-12.422],[136.008,-12.191],[135.744,-12.242],[135.889,-11.993],[135.788,-11.907],[135.218,-12.222],[135.03,-12.194],[134.73,-11.984],[134.538,-12.061],[134.237,-12.008],[133.904,-11.832],[133.533,-11.816],[133.185,-11.706],[133.025,-11.453],[132.857,-11.391],[132.683,-11.506],[132.557,-11.367],[132.263,-11.204],[132.198,-11.305],[131.962,-11.181],[131.812,-11.271],[132.134,-11.501],[132.475,-11.492],[132.674,-11.649],[132.584,-12.11],[132.372,-12.239],[132.253,-12.186],[132.064,-12.281],[131.888,-12.232],[131.438,-12.277],[131.22,-12.178],[131.046,-12.19],[131.023,-12.343],[130.672,-12.407],[130.617,-12.647],[130.4,-12.688],[130.318,-12.883],[130.168,-12.957],[130.135,-13.146],[130.26,-13.302],[130.136,-13.448],[129.839,-13.573],[129.71,-13.98],[129.459,-14.213],[129.379,-14.392],[129.608,-14.56],[129.754,-14.79],[129.459,-14.933],[129.058,-14.884],[128.636,-14.781],[128.477,-14.788],[128.175,-15.043],[128.199,-14.752],[127.888,-14.485],[127.673,-14.195],[127.293,-13.935],[126.903,-13.744],[126.781,-13.955],[126.57,-14.161],[126.403,-14.019],[126.258,-14.164],[126.111,-14.114],[126.021,-14.495],[125.681,-14.388],[125.179,-14.715],[125.243,-14.945],[124.839,-15.161],[124.562,-15.496],[124.44,-15.494],[124.382,-15.758],[124.577,-16.114],[124.388,-16.203],[124.3,-16.388],[124.13,-16.279],[123.859,-16.382],[123.729,-16.192],[123.49,-16.491],[123.778,-16.868],[123.664,-17.023],[123.525,-17.486],[123.142,-16.863],[122.971,-16.437],[122.72,-16.788],[122.432,-16.97],[122.16,-17.314],[122.147,-17.549],[122.237,-17.969],[122.361,-18.037],[122.006,-18.394],[121.834,-18.477],[121.494,-19.106],[121.18,-19.478],[120.878,-19.665],[120.196,-19.909],[119.768,-19.958],[119.586,-20.038],[119.104,-19.995],[118.751,-20.262],[118.199,-20.375],[117.684,-20.643],[117.406,-20.721],[117.139,-20.641],[116.707,-20.654],[116.011,-21.03],[115.456,-21.492],[114.859,-21.736],[114.603,-21.942],[114.378,-22.342],[114.164,-22.323],[114.093,-22.181],[114.143,-21.91],[113.958,-21.939],[113.683,-22.638],[113.795,-23.024],[113.757,-23.418],[113.553,-23.733],[113.421,-24.132],[113.418,-24.436],[113.671,-24.977],[113.993,-25.545],[114.214,-25.852],[114.216,-26.289],[114.09,-26.394],[113.942,-26.259],[113.88,-26.028],[113.692,-26.092],[113.713,-25.831],[113.539,-25.625],[113.395,-25.713],[113.589,-26.099],[113.853,-26.332],[113.734,-26.595],[113.582,-26.558],[113.389,-26.106],[113.231,-26.241],[113.333,-26.417],[113.709,-26.848],[114.028,-27.347],[114.098,-27.544],[114.165,-28.081],[114.537,-28.543],[114.628,-28.872],[114.857,-29.143],[114.959,-29.434],[114.942,-29.722],[114.995,-30.216],[115.177,-30.808],[115.698,-31.695],[115.738,-31.888],[115.708,-32.568],[115.619,-32.667],[115.683,-33.193],[115.515,-33.531],[115.182,-33.643],[114.994,-33.515],[114.973,-34.051],[115.009,-34.256],[115.278,-34.304],[115.726,-34.526],[115.987,-34.795],[116.517,-34.988],[117.144,-35.034],[117.582,-35.098],[118.136,-34.987],[118.895,-34.48],[119.248,-34.456],[119.451,-34.368],[119.635,-34.101],[119.854,-33.975],[120.418,-33.963],[120.815,-33.871],[121.405,-33.827],[122.061,-33.874],[122.151,-33.992],[122.778,-33.891],[123.068,-33.901],[123.208,-33.988],[123.65,-33.836],[123.868,-33.596],[124.126,-33.129],[124.373,-32.958],[124.759,-32.883],[125.267,-32.614],[125.464,-32.557],[125.917,-32.297],[126.137,-32.257],[126.779,-32.311],[127.32,-32.264],[128.068,-32.067],[128.946,-31.703],[129.188,-31.66],[130.13,-31.579],[130.783,-31.604],[131.144,-31.496],[131.721,-31.696],[132.215,-32.007],[132.757,-31.956],[133.212,-32.184],[133.551,-32.183],[133.787,-32.269],[133.93,-32.412],[134.234,-32.549],[134.1,-32.749],[134.301,-33.165],[134.608,-33.19],[134.791,-33.328],[134.889,-33.626],[135.185,-33.907],[135.45,-34.581],[135.481,-34.758],[135.648,-34.94],[136.431,-34.03],[136.636,-33.897],[137.237,-33.629],[137.442,-33.194],[137.913,-32.771],[137.993,-33.094],[137.852,-33.201],[137.932,-33.579],[137.65,-33.859],[137.494,-34.161],[137.493,-34.598],[137.391,-34.913],[137.014,-34.916],[136.884,-35.24],[137.144,-35.236],[137.46,-35.131],[137.692,-35.143],[137.874,-34.727],[137.919,-34.456],[138.089,-34.17],[138.49,-34.764],[138.511,-35.024],[138.4,-35.326],[138.184,-35.613],[138.522,-35.642],[139.193,-35.347],[139.325,-35.427],[139.038,-35.689],[139.549,-36.097],[139.857,-36.662],[139.738,-37.06],[139.784,-37.246],[140.212,-37.642],[140.39,-37.897],[140.627,-38.028],[141.011,-38.077],[141.424,-38.363],[141.725,-38.271],[142.188,-38.399],[142.612,-38.452],[143.226,-38.743],[143.539,-38.821],[143.812,-38.699],[144.102,-38.462],[144.665,-38.21],[144.538,-38.077],[144.891,-37.9],[145.12,-38.091],[144.911,-38.344],[145.191,-38.384],[145.293,-38.238],[145.542,-38.394],[145.397,-38.535],[145.791,-38.667],[145.935,-38.902],[146.216,-38.783],[146.857,-38.663],[147.396,-38.219],[147.877,-37.934],[148.263,-37.831],[148.944,-37.788],[149.298,-37.802],[149.565,-37.73],[149.933,-37.529],[149.986,-37.258],[149.96,-36.846],[150.063,-36.55],[150.195,-35.834],[150.567,-35.214],[150.69,-35.178],[150.871,-34.499],[150.96,-34.297],[151.232,-34.03],[151.323,-33.699],[151.484,-33.347],[151.813,-32.901],[152.164,-32.757],[152.47,-32.439],[152.559,-32.046],[152.786,-31.786],[152.944,-31.435],[153.048,-30.907],[153.031,-30.563],[153.272,-29.892],[153.348,-29.29],[153.605,-28.854],[153.576,-28.241],[153.455,-28.048],[153.386,-27.769],[153.117,-27.194],[153.162,-26.983],[153.084,-26.304],[153.165,-25.964],[152.921,-25.689],[152.913,-25.432],[152.654,-25.202],[152.456,-24.802],[152.13,-24.598],[151.903,-24.201],[151.691,-24.038],[151.501,-24.012],[151.236,-23.825],[150.843,-23.458],[150.783,-23.177],[150.764,-22.576],[150.541,-22.559],[150.235,-22.373],[150.076,-22.164],[149.704,-22.441],[149.596,-22.258],[149.46,-21.765],[149.454,-21.579],[149.329,-21.476],[149.205,-21.125],[148.789,-20.736],[148.684,-20.58],[148.759,-20.29],[148.6,-20.145],[148.367,-20.087],[148.081,-19.899],[147.916,-19.869],[147.586,-19.623],[147.419,-19.378],[147.139,-19.393],[147.003,-19.256],[146.829,-19.236],[146.481,-19.079],[146.297,-18.841],[146.333,-18.554],[146.032,-18.273],[146.126,-17.635],[145.902,-17.07],[145.426,-16.406],[145.458,-16.056],[145.272,-15.477],[145.288,-14.943],[144.648,-14.492],[144.473,-14.232],[144.21,-14.302],[143.962,-14.463],[143.756,-14.349],[143.548,-13.741],[143.587,-13.444],[143.402,-12.64],[143.254,-12.398],[143.11,-12.304],[143.179,-11.954]]],[[[153.077,-25.751],[153.141,-25.513],[153.35,-25.063],[153.038,-25.193],[152.977,-25.551],[153.077,-25.751]]],[[[139.508,-16.573],[139.293,-16.467],[139.16,-16.742],[139.508,-16.573]]],[[[136.715,-13.804],[136.656,-13.676],[136.425,-13.865],[136.363,-14.229],[136.894,-14.293],[136.745,-14.073],[136.715,-13.804]]],[[[130.459,-11.679],[130.339,-11.337],[130.153,-11.478],[130.198,-11.658],[130.459,-11.679]]],[[[130.619,-11.376],[130.423,-11.446],[130.645,-11.742],[130.951,-11.926],[131.292,-11.711],[131.539,-11.437],[131.268,-11.19],[131.023,-11.334],[130.619,-11.376]]],[[[137.596,-35.739],[137.334,-35.592],[136.639,-35.749],[136.541,-35.89],[136.755,-36.033],[137.448,-36.075],[137.671,-35.898],[138.012,-35.908],[138.047,-35.755],[137.596,-35.739]]],[[[145.043,-40.787],[144.819,-40.722],[144.646,-40.981],[144.778,-41.419],[145.238,-42.02],[145.199,-42.231],[145.268,-42.544],[145.488,-42.927],[145.803,-43.244],[145.975,-43.277],[146.043,-43.547],[146.549,-43.509],[146.874,-43.612],[147.077,-43.276],[147.245,-43.216],[147.408,-42.894],[147.574,-42.846],[147.786,-43.22],[147.981,-43.157],[147.924,-42.572],[148.023,-42.259],[148.301,-42.04],[148.293,-40.947],[147.969,-40.78],[147.622,-40.845],[147.455,-41.002],[146.99,-40.992],[146.574,-41.142],[146.317,-41.163],[145.821,-41.025],[145.283,-40.77],[145.043,-40.787]]],[[[143.928,-40.116],[144.141,-39.954],[144.091,-39.638],[143.862,-39.738],[143.928,-40.116]]],[[[148,-39.758],[147.839,-39.832],[147.891,-40.015],[148.106,-40.262],[148.323,-40.144],[148.297,-39.986],[148,-39.758]]]]}},{"type":"Feature","id":"ne50m:AUT","properties":{"boundaryId":"ne50m:AUT","nodeId":"geo:at","bounds":[9.524,46.417,17.147,48.984]},"geometry":{"type":"Polygon","coordinates":[[[9.528,47.271],[9.58,47.057],[9.997,46.885],[10.453,46.865],[11.025,46.797],[11.244,46.976],[11.776,46.986],[12.154,46.935],[12.388,46.703],[13.169,46.573],[13.7,46.52],[14.504,46.417],[15.001,46.626],[15.958,46.678],[16.093,46.863],[16.453,47.007],[16.434,47.367],[16.623,47.448],[16.748,47.686],[17.067,47.708],[17.147,48.006],[16.865,48.387],[16.953,48.599],[16.884,48.704],[16.478,48.8],[16.057,48.755],[15.311,48.974],[14.972,48.984],[14.923,48.771],[14.691,48.599],[14.049,48.602],[13.815,48.767],[13.785,48.587],[13.487,48.582],[13.409,48.394],[12.814,48.161],[12.954,47.891],[13.014,47.478],[12.686,47.669],[11.717,47.583],[11.298,47.425],[10.981,47.398],[10.873,47.52],[10.43,47.541],[10.313,47.313],[9.749,47.576],[9.524,47.524],[9.528,47.271]]]}},{"type":"Feature","id":"ne50m:AZE","properties":{"boundaryId":"ne50m:AZE","nodeId":"geo:az","bounds":[44.768,38.411,50.307,41.891]},"geometry":{"type":"MultiPolygon","coordinates":[[[[44.817,39.65],[45.141,39.254],[45.48,39.006],[46.114,38.878],[45.952,39.178],[45.766,39.378],[45.75,39.563],[45.457,39.494],[45.032,39.765],[44.768,39.704],[44.817,39.65]]],[[[48.869,38.435],[48.851,38.815],[49.013,39.134],[49.2,39.073],[49.363,39.35],[49.324,39.608],[49.551,40.194],[50.307,40.412],[49.991,40.577],[49.776,40.584],[49.556,40.716],[49.226,41.026],[49.107,41.302],[48.573,41.844],[48.391,41.602],[48.056,41.459],[47.861,41.213],[47.521,41.229],[47.261,41.315],[47.205,41.456],[46.749,41.813],[46.43,41.891],[46.182,41.657],[46.305,41.508],[46.619,41.344],[46.626,41.16],[46.458,41.07],[46.171,41.198],[45.793,41.224],[45.716,41.338],[45.281,41.45],[45.001,41.291],[45.588,40.847],[45.376,40.638],[45.57,40.417],[45.965,40.234],[45.79,39.881],[46.202,39.594],[46.481,39.555],[46.378,39.382],[46.55,39.201],[46.491,38.907],[46.853,39.148],[47.773,39.649],[47.996,39.684],[48.322,39.399],[48.136,39.312],[48.242,38.979],[48.023,38.819],[48.417,38.586],[48.593,38.411],[48.869,38.435]]]]}},{"type":"Feature","id":"ne50m:BCR","properties":{"boundaryId":"ne50m:BCR","nodeId":"geo:be","bounds":[4.218,50.798,4.421,50.9]},"geometry":{"type":"Polygon","coordinates":[[[4.421,50.798],[4.366,50.9],[4.218,50.807],[4.421,50.798]]]}},{"type":"Feature","id":"ne50m:BDI","properties":{"boundaryId":"ne50m:BDI","nodeId":"geo:bi","bounds":[29.014,-4.456,30.79,-2.313]},"geometry":{"type":"Polygon","coordinates":[[[30.554,-2.4],[30.408,-2.313],[30.142,-2.414],[29.93,-2.34],[29.868,-2.716],[29.698,-2.795],[29.39,-2.809],[29.297,-2.673],[29.063,-2.603],[29.014,-2.72],[29.224,-3.054],[29.223,-3.911],[29.331,-4.095],[29.403,-4.449],[29.718,-4.456],[29.947,-4.307],[30.147,-4.085],[30.425,-3.589],[30.79,-3.275],[30.78,-2.985],[30.515,-2.918],[30.424,-2.642],[30.554,-2.4]]]}},{"type":"Feature","id":"ne50m:BEN","properties":{"boundaryId":"ne50m:BEN","nodeId":"geo:bj","bounds":[0.78,6.217,3.834,12.368]},"geometry":{"type":"Polygon","coordinates":[[[1.623,6.217],[2.287,6.328],[2.706,6.369],[2.775,6.712],[2.721,6.98],[2.75,7.395],[2.686,7.874],[2.733,8.783],[2.775,9.049],[3.045,9.084],[3.136,9.452],[3.329,9.667],[3.325,9.778],[3.557,9.907],[3.646,10.16],[3.577,10.268],[3.834,10.607],[3.716,11.08],[3.488,11.395],[3.595,11.696],[3.36,11.88],[2.878,12.368],[2.366,12.222],[2.389,11.897],[2.287,11.691],[1.98,11.418],[1.6,11.401],[1.427,11.447],[1.317,11.295],[1.146,11.252],[1.062,11.058],[0.9,10.993],[0.788,10.71],[0.78,10.36],[1.33,9.997],[1.347,9.568],[1.424,9.285],[1.6,9.05],[1.625,8.271],[1.625,6.997],[1.578,6.687],[1.778,6.295],[1.623,6.217]]]}},{"type":"Feature","id":"ne50m:BFA","properties":{"boundaryId":"ne50m:BFA","nodeId":"geo:bf","bounds":[-5.524,9.426,2.389,15.059]},"geometry":{"type":"Polygon","coordinates":[[[0.9,10.993],[1.062,11.058],[1.146,11.252],[1.317,11.295],[1.427,11.447],[1.6,11.401],[1.98,11.418],[2.287,11.691],[2.389,11.897],[2.091,12.278],[2.212,12.538],[2.074,12.714],[1.79,12.613],[1.565,12.635],[1.097,13.001],[0.987,13.042],[1.018,13.468],[0.978,13.552],[0.618,13.703],[0.429,13.972],[0.383,14.246],[0.164,14.497],[0.217,14.911],[-0.236,15.059],[-0.76,15.048],[-1.05,14.82],[-1.768,14.486],[-1.973,14.457],[-2.113,14.168],[-2.457,14.274],[-2.587,14.228],[-2.874,13.951],[-2.917,13.679],[-3.198,13.673],[-3.302,13.281],[-3.576,13.194],[-3.853,13.374],[-4.051,13.382],[-4.329,13.119],[-4.227,12.794],[-4.481,12.672],[-4.429,12.338],[-4.587,12.155],[-4.798,12.032],[-5.106,11.968],[-5.288,11.828],[-5.229,11.522],[-5.3,11.206],[-5.49,11.042],[-5.457,10.771],[-5.524,10.426],[-5.382,10.314],[-5.1,10.242],[-4.97,9.93],[-4.626,9.714],[-4.332,9.646],[-4.267,9.743],[-3.878,9.895],[-3.581,9.924],[-3.224,9.895],[-2.988,9.687],[-2.817,9.426],[-2.696,9.481],[-2.766,9.658],[-2.787,10.402],[-2.915,10.592],[-2.83,10.998],[-1.6,10.998],[-0.701,10.989],[-0.649,10.927],[-0.299,11.167],[-0.069,11.116],[0.484,10.992],[0.9,10.993]]]}},{"type":"Feature","id":"ne50m:BFR","properties":{"boundaryId":"ne50m:BFR","nodeId":"geo:be","bounds":[2.525,50.701,5.827,51.475]},"geometry":{"type":"Polygon","coordinates":[[[4.226,51.386],[3.902,51.208],[3.35,51.378],[2.525,51.097],[2.597,50.876],[2.862,50.716],[3.023,50.767],[3.155,50.749],[3.697,50.769],[3.922,50.701],[4.792,50.788],[5.105,50.711],[5.669,50.806],[5.827,51.126],[5.509,51.275],[4.503,51.475],[4.226,51.386]],[[4.421,50.798],[4.218,50.807],[4.366,50.9],[4.421,50.798]]]}},{"type":"Feature","id":"ne50m:BGD","properties":{"boundaryId":"ne50m:BGD","nodeId":"geo:bd","bounds":[88.023,20.792,92.593,26.369]},"geometry":{"type":"MultiPolygon","coordinates":[[[[89.051,22.093],[89.094,21.873],[89.234,21.722],[89.452,21.821],[89.569,21.767],[89.812,21.983],[90.088,22.017],[90.159,21.817],[90.589,22.258],[90.596,22.436],[90.435,22.752],[90.466,23.054],[90.634,23.094],[90.827,22.721],[90.946,22.597],[91.151,22.614],[91.482,22.797],[91.693,22.505],[91.85,22.157],[92.008,21.685],[92.056,21.175],[92.324,20.792],[92.18,21.293],[92.331,21.44],[92.539,21.32],[92.593,21.467],[92.575,21.978],[92.491,22.685],[92.362,22.929],[92.334,23.324],[92.246,23.684],[91.93,23.686],[91.938,23.505],[91.754,23.287],[91.774,23.106],[91.62,22.98],[91.315,23.104],[91.16,23.661],[91.232,23.92],[91.367,24.094],[91.877,24.195],[92.064,24.374],[92.251,24.895],[92.468,24.944],[92.05,25.169],[91.48,25.142],[91.293,25.178],[90.439,25.158],[89.814,25.305],[89.823,25.941],[89.71,26.171],[89.55,26.005],[89.289,26.038],[89.108,26.202],[88.44,26.369],[88.151,26.087],[88.085,25.888],[88.452,25.574],[88.769,25.49],[88.89,25.194],[88.456,25.188],[88.313,24.882],[88.15,24.915],[88.023,24.628],[88.146,24.486],[88.642,24.326],[88.734,24.231],[88.7,24.003],[88.567,23.674],[88.741,23.437],[88.724,23.255],[88.928,23.187],[88.851,23.041],[88.921,22.632],[89.05,22.275],[89.051,22.093]]],[[[90.778,22.089],[90.868,22.485],[90.672,22.813],[90.68,22.327],[90.515,22.065],[90.778,22.089]]]]}},{"type":"Feature","id":"ne50m:BGR","properties":{"boundaryId":"ne50m:BGR","nodeId":"geo:bg","bounds":[22.344,41.244,28.585,44.238]},"geometry":{"type":"Polygon","coordinates":[[[28.014,41.969],[27.708,42.35],[27.485,42.468],[27.889,42.75],[27.929,43.186],[28.134,43.396],[28.465,43.389],[28.585,43.742],[28.05,43.822],[27.884,43.987],[27.425,44.021],[27.087,44.167],[26.216,44.007],[25.819,43.767],[25.497,43.671],[25.16,43.686],[24.431,43.794],[24.227,43.763],[23.225,43.874],[22.919,43.834],[23.029,44.078],[22.705,44.238],[22.421,44.007],[22.395,43.707],[22.555,43.454],[22.977,43.188],[22.706,42.884],[22.467,42.842],[22.436,42.629],[22.524,42.441],[22.344,42.314],[22.583,42.105],[22.837,41.994],[23.006,41.717],[22.916,41.336],[23.635,41.387],[24.056,41.527],[24.518,41.553],[24.596,41.443],[25.251,41.244],[25.785,41.33],[26.155,41.435],[26.066,41.673],[26.321,41.717],[26.615,41.965],[27.295,42.08],[27.535,41.921],[28.014,41.969]]]}},{"type":"Feature","id":"ne50m:BHF","properties":{"boundaryId":"ne50m:BHF","nodeId":"geo:ba","bounds":[15.737,42.587,18.948,45.19]},"geometry":{"type":"MultiPolygon","coordinates":[[[[17.585,42.938],[17.668,42.897],[18.347,42.587],[18.013,42.844],[17.993,43.46],[18.313,43.48],[18.503,43.94],[18.798,44.157],[18.751,44.312],[18.948,44.427],[18.743,44.63],[18.779,44.836],[18.382,44.903],[18.335,44.578],[17.911,44.696],[17.924,44.46],[17.616,44.358],[17.211,44.417],[17.29,44.176],[17.113,44.078],[16.5,44.438],[16.881,44.566],[16.778,44.781],[16.305,44.871],[16.231,45.027],[16.028,45.19],[15.788,45.179],[15.737,44.766],[16.13,44.474],[16.214,44.215],[16.713,43.779],[17.085,43.517],[17.625,43.043],[17.585,42.938]]],[[[18.137,45.119],[18.339,45.004],[18.78,44.947],[18.663,45.077],[18.137,45.119]]]]}},{"type":"Feature","id":"ne50m:BHR","properties":{"boundaryId":"ne50m:BHR","nodeId":"geo:bh","bounds":[50.452,25.883,50.61,26.191]},"geometry":{"type":"Polygon","coordinates":[[[50.607,25.883],[50.61,26.124],[50.452,26.191],[50.466,25.966],[50.607,25.883]]]}},{"type":"Feature","id":"ne50m:BHS","properties":{"boundaryId":"ne50m:BHS","nodeId":"geo:bs","bounds":[-78.299,20.937,-73.027,26.489]},"geometry":{"type":"MultiPolygon","coordinates":[[[[-77.658,24.249],[-78,24.22],[-77.852,24.04],[-77.771,23.753],[-77.519,23.869],[-77.562,24.137],[-77.658,24.249]]],[[[-77.226,25.904],[-77.167,26.24],[-77.038,26.333],[-77.206,26.489],[-77.226,25.904]]],[[[-73.027,21.192],[-73.523,21.191],[-73.68,21.103],[-73.661,20.937],[-73.165,20.979],[-73.027,21.192]]],[[[-77.744,24.707],[-78.033,25.143],[-78.299,24.754],[-78.192,24.466],[-78.045,24.287],[-77.745,24.463],[-77.744,24.707]]]]}},{"type":"Feature","id":"ne50m:BIS","properties":{"boundaryId":"ne50m:BIS","nodeId":"geo:ba","bounds":[16.231,42.56,19.584,45.277]},"geometry":{"type":"Polygon","coordinates":[[[19.349,44.881],[19.007,44.869],[18.78,44.947],[18.339,45.004],[18.137,45.119],[17.813,45.078],[17.125,45.172],[16.919,45.277],[16.531,45.217],[16.231,45.027],[16.305,44.871],[16.778,44.781],[16.881,44.566],[16.5,44.438],[17.113,44.078],[17.29,44.176],[17.211,44.417],[17.616,44.358],[17.924,44.46],[17.911,44.696],[18.335,44.578],[18.382,44.903],[18.779,44.836],[18.743,44.63],[18.948,44.427],[18.751,44.312],[18.798,44.157],[18.503,43.94],[18.313,43.48],[17.993,43.46],[18.013,42.844],[18.347,42.587],[18.436,42.56],[18.543,42.674],[18.444,42.968],[18.624,43.028],[18.674,43.231],[18.94,43.497],[19.194,43.533],[19.451,43.562],[19.488,43.704],[19.257,43.943],[19.584,44.043],[19.152,44.303],[19.151,44.527],[19.349,44.881]]]}},{"type":"Feature","id":"ne50m:BLM","properties":{"boundaryId":"ne50m:BLM","nodeId":"geo:bl","bounds":[-62.865,17.876,-62.8,17.918]},"geometry":{"type":"Polygon","coordinates":[[[-62.832,17.876],[-62.8,17.909],[-62.865,17.918],[-62.832,17.876]]]}},{"type":"Feature","id":"ne50m:BLR","properties":{"boundaryId":"ne50m:BLR","nodeId":"geo:by","bounds":[23.197,51.326,32.704,56.143]},"geometry":{"type":"Polygon","coordinates":[[[31.763,52.101],[31.577,52.312],[31.535,52.798],[31.259,53.017],[31.418,53.196],[32.142,53.091],[32.704,53.336],[32.2,53.781],[31.754,53.81],[31.792,54.056],[31.404,54.196],[31.121,54.648],[30.799,54.783],[30.978,55.05],[30.814,55.279],[30.907,55.57],[30.234,55.845],[29.937,55.845],[29.482,55.685],[29.375,55.939],[29.087,56.021],[28.795,55.943],[28.564,56.092],[28.148,56.143],[27.896,56.076],[27.577,55.799],[27.053,55.831],[26.594,55.668],[26.458,55.342],[26.175,55.003],[25.859,54.919],[25.725,54.564],[25.547,54.332],[24.768,53.975],[24.318,53.893],[24.191,53.95],[23.485,53.94],[23.599,53.599],[23.887,53.028],[23.845,52.664],[23.48,52.552],[23.197,52.257],[23.652,52.04],[23.545,51.71],[23.605,51.518],[23.951,51.585],[24.362,51.868],[25.267,51.938],[25.925,51.914],[26.453,51.813],[27.142,51.752],[27.27,51.614],[28.184,51.608],[28.599,51.543],[29.136,51.617],[29.346,51.383],[30.161,51.478],[30.333,51.326],[30.633,51.355],[30.533,51.596],[30.667,51.814],[30.981,52.046],[31.763,52.101]]]}},{"type":"Feature","id":"ne50m:BLZ","properties":{"boundaryId":"ne50m:BLZ","nodeId":"geo:bz","bounds":[-89.237,15.891,-88.097,18.472]},"geometry":{"type":"Polygon","coordinates":[[[-89.161,17.815],[-89.237,15.894],[-88.894,15.891],[-88.879,16.017],[-88.695,16.248],[-88.562,16.29],[-88.313,16.633],[-88.262,16.963],[-88.294,17.192],[-88.203,17.517],[-88.272,17.61],[-88.097,18.122],[-88.13,18.351],[-88.296,18.472],[-88.523,18.446],[-88.806,17.966],[-89.05,18],[-89.161,17.815]]]}},{"type":"Feature","id":"ne50m:BMU","properties":{"boundaryId":"ne50m:BMU","nodeId":"geo:bm","bounds":[-64.82,32.26,-64.695,32.387]},"geometry":{"type":"Polygon","coordinates":[[[-64.73,32.293],[-64.695,32.387],[-64.82,32.26],[-64.73,32.293]]]}},{"type":"Feature","id":"ne50m:BOL","properties":{"boundaryId":"ne50m:BOL","nodeId":"geo:bo","bounds":[-69.625,-22.892,-57.574,-9.712]},"geometry":{"type":"Polygon","coordinates":[[[-69.511,-17.506],[-69.313,-17.943],[-69.094,-18.05],[-69.092,-18.282],[-68.968,-18.968],[-68.463,-19.433],[-68.698,-19.721],[-68.578,-19.857],[-68.727,-20.07],[-68.689,-20.31],[-68.745,-20.459],[-68.5,-20.612],[-68.563,-20.72],[-68.197,-21.3],[-68.186,-21.619],[-68.077,-21.983],[-67.988,-22.057],[-67.882,-22.493],[-67.879,-22.823],[-67.58,-22.892],[-67.195,-22.822],[-66.991,-22.51],[-66.8,-22.41],[-66.712,-22.216],[-66.365,-22.114],[-66.248,-21.83],[-66.099,-21.835],[-65.771,-22.1],[-65.058,-22.103],[-64.606,-22.229],[-64.374,-22.761],[-63.976,-22.073],[-63.819,-22.005],[-62.843,-21.997],[-62.651,-22.234],[-62.277,-21.066],[-62.276,-20.562],[-61.917,-20.055],[-61.757,-19.645],[-60.007,-19.298],[-59.091,-19.286],[-58.18,-19.818],[-58.16,-20.165],[-57.861,-19.98],[-58.131,-19.745],[-57.8,-19.081],[-57.783,-18.914],[-57.574,-18.279],[-57.586,-18.122],[-57.832,-17.512],[-57.991,-17.513],[-58.396,-17.234],[-58.471,-16.65],[-58.35,-16.491],[-58.346,-16.284],[-58.538,-16.328],[-60.176,-16.269],[-60.242,-15.48],[-60.53,-15.143],[-60.273,-15.089],[-60.299,-14.619],[-60.475,-14.185],[-60.405,-14.019],[-60.507,-13.79],[-61.077,-13.49],[-61.512,-13.541],[-61.79,-13.526],[-62.176,-13.134],[-62.353,-13.132],[-62.765,-12.997],[-63.015,-12.806],[-63.067,-12.669],[-63.347,-12.68],[-63.586,-12.519],[-63.788,-12.469],[-63.939,-12.53],[-64.421,-12.44],[-64.513,-12.251],[-64.83,-12.03],[-64.993,-11.975],[-65.09,-11.741],[-65.322,-11.439],[-65.39,-11.246],[-65.334,-10.893],[-65.437,-10.449],[-65.313,-10.253],[-65.309,-9.873],[-65.396,-9.712],[-66.264,-9.826],[-66.73,-9.975],[-67.112,-10.269],[-67.582,-10.506],[-67.722,-10.683],[-68.072,-10.703],[-68.398,-11.019],[-68.727,-11.122],[-68.848,-11.011],[-69.229,-10.956],[-69.579,-10.952],[-68.685,-12.502],[-68.759,-12.687],[-68.979,-12.88],[-68.983,-13.496],[-69.074,-13.683],[-68.88,-14.199],[-69.235,-14.597],[-69.375,-14.963],[-69.172,-15.237],[-69.419,-15.603],[-69.218,-16.149],[-68.913,-16.262],[-69.021,-16.642],[-69.2,-16.768],[-69.438,-17.088],[-69.625,-17.2],[-69.511,-17.506]]]}},{"type":"Feature","id":"ne50m:BRA","properties":{"boundaryId":"ne50m:BRA","nodeId":"geo:br","bounds":[-74.002,-33.742,-34.805,5.239]},"geometry":{"type":"MultiPolygon","coordinates":[[[[-66.876,1.223],[-67.094,1.21],[-67.09,1.616],[-67.352,2.086],[-67.5,2.108],[-67.815,1.79],[-68.177,1.72],[-69.32,1.721],[-69.581,1.771],[-69.849,1.709],[-69.852,1.06],[-69.361,1.064],[-69.163,0.864],[-69.174,0.635],[-69.472,0.73],[-69.807,0.607],[-70.054,0.579],[-70.071,-0.139],[-69.923,-0.317],[-69.667,-0.482],[-69.544,-0.917],[-69.4,-1.195],[-69.669,-2.668],[-69.966,-4.236],[-70.239,-4.301],[-70.405,-4.15],[-70.8,-4.173],[-70.974,-4.35],[-71.521,-4.47],[-71.845,-4.504],[-72.257,-4.749],[-72.699,-5.067],[-72.887,-5.123],[-72.98,-5.635],[-73.236,-6.098],[-73.137,-6.466],[-73.5,-6.679],[-73.758,-6.906],[-73.805,-7.08],[-73.749,-7.335],[-73.964,-7.379],[-74.002,-7.556],[-73.72,-7.783],[-73.776,-7.936],[-73.61,-8.145],[-73.549,-8.346],[-73.36,-8.479],[-73.302,-8.654],[-72.974,-8.993],[-72.97,-9.12],[-73.209,-9.411],[-72.814,-9.41],[-72.379,-9.51],[-72.182,-10.004],[-71.608,-10.006],[-71.238,-9.966],[-70.637,-9.478],[-70.567,-9.705],[-70.637,-9.824],[-70.642,-11.01],[-70.22,-11.048],[-69.96,-10.93],[-69.579,-10.952],[-69.229,-10.956],[-68.848,-11.011],[-68.727,-11.122],[-68.398,-11.019],[-68.072,-10.703],[-67.722,-10.683],[-67.582,-10.506],[-67.112,-10.269],[-66.73,-9.975],[-66.264,-9.826],[-65.396,-9.712],[-65.309,-9.873],[-65.313,-10.253],[-65.437,-10.449],[-65.334,-10.893],[-65.39,-11.246],[-65.322,-11.439],[-65.09,-11.741],[-64.993,-11.975],[-64.83,-12.03],[-64.513,-12.251],[-64.421,-12.44],[-63.939,-12.53],[-63.788,-12.469],[-63.586,-12.519],[-63.347,-12.68],[-63.067,-12.669],[-63.015,-12.806],[-62.765,-12.997],[-62.353,-13.132],[-62.176,-13.134],[-61.79,-13.526],[-61.512,-13.541],[-61.077,-13.49],[-60.507,-13.79],[-60.405,-14.019],[-60.475,-14.185],[-60.299,-14.619],[-60.273,-15.089],[-60.53,-15.143],[-60.242,-15.48],[-60.176,-16.269],[-58.538,-16.328],[-58.346,-16.284],[-58.35,-16.491],[-58.471,-16.65],[-58.396,-17.234],[-57.991,-17.513],[-57.832,-17.512],[-57.586,-18.122],[-57.574,-18.279],[-57.783,-18.914],[-57.8,-19.081],[-58.131,-19.745],[-57.861,-19.98],[-58.16,-20.165],[-58.002,-20.465],[-57.979,-20.657],[-57.83,-20.998],[-57.916,-21.699],[-57.986,-22.046],[-57.82,-22.142],[-57.238,-22.195],[-56.937,-22.271],[-56.633,-22.235],[-56.524,-22.103],[-56.19,-22.281],[-55.849,-22.308],[-55.618,-22.671],[-55.654,-22.81],[-55.459,-23.687],[-55.366,-23.991],[-54.983,-23.975],[-54.625,-23.812],[-54.242,-24.047],[-54.473,-25.22],[-54.616,-25.576],[-54.444,-25.625],[-54.155,-25.523],[-53.891,-25.669],[-53.823,-25.96],[-53.671,-26.225],[-53.753,-26.749],[-53.717,-26.883],[-53.838,-27.121],[-54.205,-27.29],[-54.327,-27.424],[-54.829,-27.551],[-55.102,-27.867],[-55.346,-27.956],[-55.725,-28.204],[-56.103,-28.652],[-56.322,-28.852],[-56.939,-29.595],[-57.225,-29.782],[-57.405,-30.034],[-57.609,-30.188],[-57.214,-30.283],[-57.121,-30.144],[-56.833,-30.107],[-56.176,-30.628],[-55.874,-31.07],[-55.557,-30.876],[-55.255,-31.226],[-54.588,-31.485],[-54.221,-31.855],[-53.762,-32.057],[-53.602,-32.403],[-53.126,-32.737],[-53.531,-33.171],[-53.538,-33.623],[-53.371,-33.742],[-52.921,-33.402],[-52.652,-33.138],[-52.342,-32.44],[-52.127,-32.168],[-52.194,-31.886],[-51.972,-31.384],[-51.464,-31.053],[-51.359,-30.675],[-51.157,-30.364],[-50.716,-30.426],[-50.689,-30.704],[-50.941,-30.904],[-50.98,-31.094],[-51.161,-31.119],[-51.174,-31.34],[-51.681,-31.775],[-51.893,-31.868],[-52.063,-31.83],[-52.039,-32.115],[-51.798,-31.9],[-51.152,-31.48],[-50.62,-30.898],[-50.3,-30.426],[-50.033,-29.801],[-49.746,-29.363],[-49.271,-28.871],[-48.8,-28.575],[-48.621,-28.076],[-48.643,-27.558],[-48.554,-27.196],[-48.678,-26.703],[-48.545,-25.816],[-48.401,-25.597],[-48.476,-25.443],[-48.402,-25.272],[-48.186,-25.31],[-47.929,-25.168],[-47.877,-24.997],[-47.137,-24.493],[-46.867,-24.236],[-45.972,-23.796],[-45.423,-23.685],[-44.952,-23.381],[-44.667,-23.335],[-44.637,-23.055],[-44.148,-23.011],[-43.866,-22.911],[-43.533,-23.046],[-43.224,-22.991],[-43.229,-22.748],[-42.958,-22.967],[-42.042,-22.947],[-41.941,-22.788],[-41.98,-22.581],[-41.706,-22.31],[-41.123,-22.084],[-40.988,-21.92],[-41.047,-21.506],[-40.789,-20.906],[-40.396,-20.569],[-40.299,-20.293],[-40.001,-19.742],[-39.845,-19.649],[-39.7,-19.278],[-39.74,-18.64],[-39.651,-18.252],[-39.487,-17.99],[-39.154,-17.704],[-39.215,-17.316],[-39.125,-16.764],[-38.881,-15.864],[-38.996,-15.254],[-39.06,-14.655],[-38.942,-14.031],[-39.035,-13.991],[-39.089,-13.588],[-39.031,-13.365],[-38.835,-13.147],[-38.788,-12.783],[-38.691,-12.624],[-38.525,-12.762],[-38.499,-12.957],[-38.24,-12.844],[-38.019,-12.591],[-37.689,-12.1],[-37.412,-11.497],[-36.938,-10.82],[-36.768,-10.672],[-36.398,-10.484],[-35.764,-9.703],[-35.341,-9.231],[-35.158,-8.931],[-34.835,-7.971],[-34.879,-7.747],[-34.805,-7.288],[-34.834,-7.024],[-34.93,-6.785],[-34.988,-6.394],[-35.095,-6.185],[-35.235,-5.567],[-35.393,-5.251],[-35.549,-5.129],[-35.98,-5.054],[-36.591,-5.098],[-36.861,-4.967],[-37.175,-4.912],[-37.301,-4.713],[-37.626,-4.592],[-38.049,-4.216],[-38.476,-3.717],[-38.686,-3.654],[-39.014,-3.39],[-39.965,-2.862],[-40.475,-2.796],[-41.318,-2.936],[-41.64,-2.879],[-41.876,-2.747],[-42.25,-2.792],[-42.594,-2.661],[-42.937,-2.465],[-43.38,-2.376],[-43.455,-2.502],[-43.933,-2.583],[-44.106,-2.493],[-44.308,-2.535],[-44.438,-2.944],[-44.721,-3.142],[-44.52,-2.405],[-44.382,-2.366],[-44.651,-1.746],[-44.79,-1.725],[-45.076,-1.466],[-45.282,-1.697],[-45.459,-1.356],[-45.645,-1.348],[-46.219,-1.031],[-46.617,-0.971],[-46.811,-0.78],[-47.127,-0.745],[-47.398,-0.627],[-47.651,-0.719],[-47.808,-0.663],[-47.961,-0.77],[-48.115,-0.737],[-48.45,-1.146],[-48.446,-1.52],[-48.71,-1.488],[-48.991,-1.83],[-49.211,-1.917],[-49.458,-2.505],[-49.553,-2.52],[-49.314,-1.732],[-49.72,-1.926],[-49.999,-1.832],[-50.403,-2.016],[-50.69,-1.762],[-50.918,-1.115],[-50.895,-0.938],[-51.297,-1.224],[-51.948,-1.587],[-52.197,-1.64],[-52.31,-1.56],[-52.229,-1.362],[-52.02,-1.399],[-51.922,-1.181],[-51.721,-1.018],[-51.703,-0.762],[-51.404,-0.393],[-51.283,-0.085],[-51.102,-0.031],[-50.967,0.13],[-50.816,0.173],[-50.582,0.421],[-50.294,0.836],[-49.899,1.163],[-49.882,1.42],[-49.957,1.66],[-50.188,1.786],[-50.459,1.83],[-50.659,2.131],[-51.052,3.282],[-51.076,3.672],[-51.22,4.094],[-51.462,4.314],[-51.653,4.061],[-51.991,3.702],[-52.357,3.052],[-52.701,2.364],[-52.965,2.184],[-53.23,2.205],[-53.334,2.34],[-53.509,2.253],[-53.768,2.355],[-54.13,2.121],[-54.515,2.245],[-54.616,2.327],[-54.852,2.44],[-55.006,2.593],[-55.385,2.441],[-55.731,2.406],[-55.936,2.517],[-56.129,2.3],[-55.915,2.04],[-56.02,1.842],[-56.483,1.942],[-56.837,1.881],[-57.119,2.014],[-57.413,1.909],[-57.594,1.704],[-57.983,1.648],[-58.035,1.52],[-58.341,1.588],[-58.506,1.439],[-58.512,1.285],[-58.862,1.204],[-58.969,1.305],[-59.231,1.376],[-59.756,1.901],[-59.755,2.274],[-59.89,2.363],[-59.994,2.69],[-59.972,2.99],[-59.831,3.349],[-59.854,3.588],[-59.679,3.7],[-59.551,3.934],[-59.739,4.227],[-59.703,4.381],[-59.833,4.476],[-60.111,4.511],[-60.032,4.741],[-59.991,5.083],[-60.142,5.239],[-60.742,5.202],[-60.604,4.995],[-60.742,4.774],[-61.003,4.535],[-61.28,4.517],[-61.554,4.288],[-62.153,4.098],[-62.411,4.157],[-62.712,4.018],[-62.765,3.673],[-62.969,3.594],[-63.295,3.922],[-64.021,3.929],[-64.256,4.14],[-64.576,4.14],[-64.568,3.9],[-64.221,3.587],[-64.219,3.205],[-64.038,2.802],[-64.049,2.525],[-63.924,2.452],[-63.389,2.412],[-63.394,2.223],[-64.035,1.904],[-64.115,1.619],[-64.304,1.455],[-64.486,1.453],[-64.732,1.253],[-65.104,1.108],[-65.361,0.869],[-65.681,0.983],[-66.06,0.785],[-66.302,0.752],[-66.429,0.822],[-66.876,1.223]]],[[[-49.629,-0.229],[-50.248,-0.116],[-50.646,-0.273],[-50.771,-0.645],[-50.76,-1.24],[-50.602,-1.698],[-50.508,-1.788],[-50.01,-1.708],[-49.805,-1.79],[-49.588,-1.712],[-49.507,-1.512],[-49.234,-1.6],[-48.929,-1.482],[-48.804,-1.327],[-48.54,-0.801],[-48.38,-0.353],[-48.588,-0.232],[-49.117,-0.164],[-49.629,-0.229]]],[[[-49.738,0.268],[-49.879,0.305],[-50.273,0.232],[-50.339,0.043],[-50.002,-0.029],[-49.839,0.007],[-49.738,0.268]]],[[[-50.299,1.939],[-50.342,2.142],[-50.491,2.129],[-50.456,1.91],[-50.299,1.939]]],[[[-50.653,-0.132],[-50.842,-0.05],[-50.995,-0.105],[-50.926,-0.327],[-50.653,-0.132]]],[[[-49.444,-0.112],[-49.503,0.084],[-49.712,0.015],[-49.709,-0.144],[-49.444,-0.112]]],[[[-51.833,-1.434],[-51.638,-1.342],[-51.276,-1.022],[-51.161,-0.667],[-51.254,-0.541],[-51.546,-0.65],[-51.678,-0.855],[-51.68,-1.086],[-51.802,-1.203],[-51.833,-1.434]]]]}},{"type":"Feature","id":"ne50m:BRB","properties":{"boundaryId":"ne50m:BRB","nodeId":"geo:bb","bounds":[-59.611,13.082,-59.428,13.318]},"geometry":{"type":"Polygon","coordinates":[[[-59.493,13.082],[-59.428,13.153],[-59.592,13.318],[-59.611,13.102],[-59.493,13.082]]]}},{"type":"Feature","id":"ne50m:BRN","properties":{"boundaryId":"ne50m:BRN","nodeId":"geo:bn","bounds":[114.064,4.024,115.267,5.022]},"geometry":{"type":"MultiPolygon","coordinates":[[[[115.14,4.9],[115.027,4.9],[115.107,4.39],[115.247,4.347],[115.267,4.634],[115.14,4.9]]],[[[115.027,4.9],[114.995,5.022],[114.545,4.725],[114.299,4.607],[114.064,4.593],[114.224,4.478],[114.608,4.024],[114.776,4.169],[114.84,4.393],[114.747,4.718],[115.027,4.9]]]]}},{"type":"Feature","id":"ne50m:BTN","properties":{"boundaryId":"ne50m:BTN","nodeId":"geo:bt","bounds":[88.739,26.702,92.083,28.311]},"geometry":{"type":"Polygon","coordinates":[[[91.632,27.76],[91.606,27.952],[91.226,28.071],[91.078,27.974],[90.716,28.072],[90.353,28.08],[90.348,28.244],[89.981,28.311],[89.537,28.107],[88.948,27.464],[88.891,27.316],[88.739,27.176],[88.858,26.961],[89.148,26.816],[89.332,26.849],[89.764,26.702],[90.123,26.755],[90.346,26.89],[90.74,26.772],[91.287,26.79],[91.427,26.867],[91.672,26.802],[91.998,26.855],[91.992,27.1],[92.083,27.291],[91.991,27.45],[91.743,27.443],[91.595,27.558],[91.632,27.76]]]}},{"type":"Feature","id":"ne50m:BWA","properties":{"boundaryId":"ne50m:BWA","nodeId":"geo:bw","bounds":[19.977,-26.854,29.365,-17.794]},"geometry":{"type":"Polygon","coordinates":[[[25.259,-17.794],[24.909,-17.821],[24.531,-18.053],[24.359,-17.978],[23.898,-18.229],[23.581,-18.453],[23.299,-18.027],[23.1,-18.01],[22.011,-18.199],[20.974,-18.319],[20.976,-19.744],[20.978,-20.968],[20.971,-22],[19.977,-22],[19.979,-23.103],[19.98,-24.777],[20.345,-25.03],[20.473,-25.221],[20.793,-25.916],[20.815,-26.165],[20.627,-26.444],[20.641,-26.742],[20.74,-26.849],[21.646,-26.854],[21.833,-26.678],[22.091,-26.58],[22.218,-26.389],[22.64,-26.071],[22.879,-25.458],[23.022,-25.324],[23.266,-25.267],[23.521,-25.344],[23.894,-25.601],[24.193,-25.633],[24.331,-25.743],[24.748,-25.817],[25.444,-25.714],[25.584,-25.606],[25.912,-24.747],[26.397,-24.614],[26.835,-24.241],[26.987,-23.705],[27.146,-23.524],[27.891,-23.074],[28.21,-22.694],[28.382,-22.593],[28.84,-22.481],[29.13,-22.213],[29.365,-22.194],[29.107,-22.066],[29.037,-21.811],[28.532,-21.651],[28.046,-21.573],[27.669,-21.064],[27.7,-20.531],[27.281,-20.479],[27.221,-20.146],[26.678,-19.893],[26.168,-19.538],[25.951,-19.082],[25.939,-18.939],[25.761,-18.649],[25.489,-18.351],[25.224,-17.915],[25.259,-17.794]]]}},{"type":"Feature","id":"ne50m:BWR","properties":{"boundaryId":"ne50m:BWR","nodeId":"geo:be","bounds":[3.155,49.511,6.364,50.806]},"geometry":{"type":"Polygon","coordinates":[[[5.669,50.806],[5.105,50.711],[4.792,50.788],[3.922,50.701],[3.697,50.769],[3.155,50.749],[3.273,50.532],[3.627,50.457],[3.748,50.344],[4.175,50.246],[4.176,49.96],[4.656,50.002],[4.868,49.788],[5.279,49.678],[5.507,49.511],[5.79,49.538],[5.88,49.645],[5.744,49.92],[5.976,50.167],[6.117,50.121],[6.364,50.316],[6.236,50.597],[5.994,50.75],[5.669,50.806]]]}},{"type":"Feature","id":"ne50m:CAF","properties":{"boundaryId":"ne50m:CAF","nodeId":"geo:cf","bounds":[14.431,2.27,27.403,10.996]},"geometry":{"type":"Polygon","coordinates":[[[24.147,8.666],[23.679,8.732],[23.537,8.816],[23.468,9.115],[23.623,9.341],[23.646,9.823],[23.312,10.388],[22.964,10.752],[22.86,10.92],[22.494,10.996],[22.043,10.823],[21.707,10.575],[21.726,10.367],[21.528,10.208],[21.396,10.001],[21.264,9.975],[20.773,9.406],[20.342,9.127],[20.073,9.133],[19.668,9.021],[19.146,9.016],[18.888,8.89],[19.109,8.656],[18.906,8.405],[18.455,8.032],[17.649,7.984],[17.247,7.813],[16.785,7.551],[16.523,7.86],[16.379,7.684],[15.845,7.475],[15.48,7.524],[15.246,7.264],[15.035,6.784],[14.862,6.556],[14.739,6.28],[14.512,6.162],[14.431,6.039],[14.617,5.865],[14.617,5.496],[14.563,5.28],[14.641,5.179],[14.709,4.666],[15.023,4.359],[15.137,4.069],[15.129,3.827],[15.775,3.127],[15.905,3.096],[16.063,2.909],[16.107,2.473],[16.183,2.27],[16.469,2.832],[16.496,3.209],[16.57,3.463],[16.673,3.535],[17.003,3.557],[17.438,3.685],[18.161,3.5],[18.474,3.623],[18.61,3.478],[18.634,3.954],[18.567,4.258],[18.832,4.523],[19.069,4.891],[19.501,5.127],[19.807,5.089],[20.226,4.83],[20.558,4.463],[20.956,4.413],[21.23,4.302],[21.538,4.245],[21.908,4.254],[22.422,4.135],[22.506,4.208],[22.756,4.647],[23.116,4.737],[23.417,4.663],[24.32,4.994],[24.766,4.93],[25.249,5.025],[25.4,5.256],[25.525,5.312],[26.174,5.171],[26.822,5.062],[27.115,5.198],[27.403,5.109],[27.257,5.29],[27.213,5.619],[27.083,5.777],[26.726,5.998],[26.514,6.069],[26.309,6.455],[26.362,6.635],[25.889,7.065],[25.381,7.333],[25.19,7.519],[25.247,7.725],[24.853,8.138],[24.291,8.291],[24.147,8.666]]]}},{"type":"Feature","id":"ne50m:CAN","properties":{"boundaryId":"ne50m:CAN","nodeId":"geo:ca","bounds":[-141.002,41.675,-52.654,83.116]},"geometry":{"type":"MultiPolygon","coordinates":[[[[-132.656,54.127],[-133.064,54.144],[-133.052,53.778],[-132.748,53.31],[-132.52,53.194],[-132.011,53.265],[-131.922,53.588],[-131.703,53.986],[-132.656,54.127]]],[[[-131.754,53.196],[-132.345,53.136],[-132.165,52.783],[-131.562,52.4],[-131.727,52.756],[-131.635,52.922],[-131.754,53.196]]],[[[-127.197,50.64],[-127.918,50.861],[-128.242,50.828],[-128.267,50.609],[-127.906,50.445],[-127.864,50.128],[-127.467,50.163],[-127.114,49.88],[-126.683,49.876],[-126.549,49.419],[-126.244,49.443],[-125.835,49.277],[-125.829,49.092],[-125.46,48.941],[-124.927,49.014],[-125.121,48.761],[-124.689,48.597],[-123.917,48.387],[-123.595,48.334],[-123.284,48.455],[-123.497,48.582],[-123.82,49.083],[-123.996,49.224],[-124.643,49.429],[-125.482,50.317],[-126.701,50.516],[-127.197,50.64]]],[[[-130.025,55.888],[-130.093,55.632],[-129.89,55.165],[-130.43,54.421],[-130.043,54.134],[-130.335,53.724],[-129.564,53.251],[-129.284,53.393],[-128.652,53.244],[-128.452,52.877],[-128.109,52.858],[-128.275,52.435],[-128.037,52.318],[-128.358,52.159],[-128.102,51.788],[-127.859,51.99],[-127.819,51.604],[-127.645,51.478],[-127.708,51.151],[-127.441,50.989],[-127.058,50.868],[-126.632,50.915],[-126.397,50.807],[-126.404,50.53],[-125.698,50.465],[-125.476,50.497],[-125.057,50.419],[-124.782,50.02],[-124.483,49.808],[-124.142,49.793],[-123.859,49.483],[-123.531,49.397],[-123.336,49.459],[-123.049,48.993],[-122.789,48.993],[-120.981,48.993],[-119.702,48.993],[-117.996,48.993],[-115.438,48.993],[-113.732,48.993],[-112.027,48.993],[-109.469,48.993],[-107.763,48.993],[-105.631,48.993],[-103.499,48.993],[-101.367,48.993],[-99.235,48.993],[-96.677,48.993],[-95.162,48.992],[-95.155,49.37],[-94.854,49.305],[-94.803,49.003],[-94.621,48.743],[-94.055,48.659],[-93.708,48.525],[-93.258,48.629],[-92.996,48.612],[-92.172,48.338],[-91.518,48.058],[-90.84,48.201],[-90.744,48.105],[-90.092,48.118],[-89.994,48.015],[-89.456,47.996],[-89.186,48.047],[-88.612,48.264],[-88.378,48.303],[-86.429,47.54],[-84.876,46.9],[-84.779,46.637],[-84.562,46.457],[-84.192,46.55],[-83.978,46.085],[-83.616,46.117],[-83.469,45.995],[-83.593,45.817],[-82.551,45.347],[-82.138,43.571],[-82.408,43.073],[-82.545,42.625],[-83.073,42.3],[-83.142,41.976],[-83.03,41.833],[-82.69,41.675],[-82.439,41.675],[-81.278,42.209],[-80.248,42.366],[-79.037,42.802],[-78.915,42.909],[-79.066,43.106],[-79.172,43.467],[-78.72,43.625],[-76.82,43.629],[-76.465,44.058],[-76.151,44.304],[-75.876,44.417],[-75.179,44.899],[-74.709,45.004],[-74.358,45.206],[-73.974,45.345],[-74.038,45.502],[-73.712,45.711],[-73.477,45.738],[-72.981,46.21],[-72.68,46.287],[-71.88,46.687],[-71.268,46.796],[-70.706,47.14],[-70.448,47.423],[-69.906,47.832],[-69.775,48.098],[-69.375,48.386],[-68.929,48.829],[-68.282,49.197],[-67.372,49.348],[-66.941,49.994],[-66.496,50.212],[-66.126,50.201],[-65.269,50.32],[-64.868,50.275],[-64.17,50.269],[-63.734,50.305],[-63.239,50.243],[-62.715,50.302],[-61.92,50.233],[-61.725,50.104],[-61.29,50.202],[-60.08,50.255],[-59.612,50.492],[-59.165,50.78],[-58.51,51.295],[-58.023,51.322],[-57.77,51.426],[-56.976,51.458],[-56.017,51.929],[-55.695,52.138],[-55.834,52.31],[-55.798,53.212],[-56.11,53.588],[-56.465,53.765],[-56.841,53.739],[-57.332,53.469],[-57.489,53.633],[-57.149,53.848],[-57.416,54.163],[-58.192,54.228],[-58.327,54.052],[-58.92,53.875],[-59.322,53.644],[-59.829,53.505],[-60.145,53.596],[-59.823,53.834],[-59.497,53.834],[-58.841,54.044],[-58.633,54.05],[-58.151,54.35],[-57.699,54.387],[-57.404,54.57],[-58.195,54.866],[-58.398,54.774],[-58.78,54.838],[-58.997,55.149],[-59.93,55.259],[-60.45,55.2],[-60.192,55.481],[-60.832,55.958],[-61.089,55.866],[-61.301,56.047],[-61.515,56.39],[-61.94,56.424],[-61.855,56.584],[-61.372,56.681],[-61.334,57.011],[-61.851,57.381],[-62.339,57.485],[-61.968,57.612],[-61.899,57.861],[-62.306,57.972],[-62.674,58.319],[-62.594,58.474],[-63.185,58.858],[-63.54,59.333],[-63.929,59.645],[-64.499,60.268],[-64.931,60.252],[-65.172,59.908],[-65.433,59.777],[-65.606,59.111],[-66.043,58.821],[-66.362,58.791],[-66.608,58.549],[-67.57,58.213],[-67.856,58.273],[-67.981,58.461],[-68.326,58.595],[-68.414,58.783],[-68.698,58.905],[-69.173,58.897],[-69.651,58.728],[-69.414,59.087],[-69.4,59.338],[-69.682,59.342],[-69.63,59.822],[-69.963,60.018],[-69.674,60.076],[-69.756,60.389],[-69.64,60.69],[-70.279,61.069],[-70.723,61.055],[-71.423,61.159],[-71.841,61.466],[-71.638,61.617],[-72.081,61.728],[-73.63,62.454],[-73.764,62.469],[-74.69,62.183],[-75.341,62.312],[-75.817,62.316],[-76.879,62.525],[-77.372,62.573],[-78.068,62.355],[-78.137,62.107],[-77.948,61.762],[-77.514,61.556],[-77.736,61.437],[-77.83,61.084],[-78.16,60.852],[-77.872,60.786],[-77.681,60.427],[-77.312,60.042],[-77.332,59.797],[-77.726,59.676],[-77.761,59.38],[-78.431,58.902],[-78.515,58.682],[-78.014,58.399],[-77.157,58.019],[-76.891,57.758],[-76.573,57.181],[-76.52,56.707],[-76.65,56.107],[-77.325,55.556],[-77.891,55.236],[-78.909,54.881],[-79.666,54.697],[-79.242,54.099],[-78.996,54.002],[-79.113,53.717],[-78.898,53.043],[-78.722,52.856],[-78.724,52.628],[-78.557,52.492],[-78.492,52.252],[-78.828,51.963],[-78.978,51.734],[-78.731,51.497],[-79.498,51.57],[-79.836,51.173],[-80.368,51.33],[-80.658,51.758],[-80.969,51.972],[-81.661,52.294],[-81.599,52.433],[-82.26,52.961],[-82.159,53.264],[-82.141,53.818],[-82.394,54.18],[-82.418,54.356],[-82.219,54.813],[-82.308,54.998],[-82.577,55.149],[-82.868,55.161],[-83.911,55.315],[-84.706,55.259],[-85.061,55.286],[-85.677,55.601],[-87.561,56.056],[-88.075,56.467],[-88.948,56.851],[-89.791,56.981],[-90.592,57.224],[-91.111,57.241],[-92.249,57.009],[-92.614,57.039],[-92.44,57.275],[-93.278,58.756],[-93.78,58.773],[-94.287,58.716],[-94.713,58.903],[-94.87,59.088],[-94.788,59.268],[-94.786,59.953],[-94.647,60.416],[-94.068,61.139],[-94.061,61.318],[-93.71,61.603],[-93.421,61.706],[-93.372,61.929],[-93.016,62.093],[-92.551,62.547],[-92.207,62.585],[-92.361,62.819],[-92.034,62.863],[-91.449,62.804],[-90.871,62.946],[-90.691,63.111],[-90.747,63.352],[-91.33,63.507],[-90.596,63.661],[-90.245,63.642],[-90.013,63.804],[-90.142,63.982],[-89.404,64.04],[-88.653,64.009],[-88.106,64.183],[-87.281,64.826],[-87.028,65.198],[-87.392,65.261],[-88.198,65.28],[-88.974,65.348],[-90.117,65.882],[-89.749,65.936],[-88.672,65.612],[-87.97,65.349],[-87.291,65.355],[-86.043,66.023],[-86.001,66.187],[-86.585,66.322],[-86.633,66.531],[-85.442,66.537],[-85.096,66.325],[-84.478,66.179],[-84.293,66.292],[-83.826,66.29],[-82.642,66.588],[-81.874,66.988],[-81.468,67.07],[-81.27,67.46],[-81.976,67.862],[-82.553,68.446],[-82.006,68.463],[-81.282,68.657],[-81.381,68.85],[-81.952,68.909],[-81.329,69.12],[-82.642,69.458],[-82.618,69.691],[-83.665,69.7],[-84.242,69.835],[-85.507,69.845],[-85.387,69.232],[-84.862,69.074],[-85.275,68.741],[-85.734,68.63],[-85.953,68.072],[-86.37,67.825],[-86.536,67.516],[-87.266,67.184],[-88.196,67.766],[-88.347,68.288],[-87.81,68.404],[-88.041,68.812],[-89.057,69.266],[-89.667,69.015],[-89.879,68.522],[-90.248,68.267],[-90.574,68.475],[-90.468,68.864],[-90.822,69.29],[-90.555,69.504],[-91.912,69.531],[-92.751,69.714],[-91.564,70.178],[-92.049,70.39],[-92.388,70.65],[-92.981,70.852],[-92.949,71.262],[-93.256,71.461],[-94.308,71.765],[-94.557,71.979],[-95.201,71.904],[-95.838,71.598],[-95.406,71.492],[-95.564,71.337],[-96.14,71.396],[-96.406,71.274],[-96.549,70.809],[-96.226,70.542],[-96.546,70.327],[-96.492,70.125],[-96.119,69.872],[-94.271,69.455],[-94.084,69.123],[-94.563,68.912],[-94.478,68.743],[-93.681,68.887],[-93.652,68.543],[-93.928,68.474],[-94.744,68.071],[-95.461,68.021],[-95.65,67.737],[-95.259,67.263],[-95.783,67.194],[-96.371,67.554],[-96.199,67.718],[-96.036,68.158],[-96.977,68.255],[-97.266,68.453],[-98.219,68.317],[-98.633,68.331],[-98.438,68.065],[-98.11,67.903],[-97.739,67.978],[-97.207,67.855],[-97.455,67.617],[-98.417,67.826],[-99.147,67.724],[-100.456,67.839],[-101.555,67.693],[-102.692,67.812],[-103.474,68.115],[-104.194,68.031],[-105.429,68.458],[-105.54,68.719],[-106.164,68.92],[-107.436,68.689],[-108.313,68.611],[-108.687,68.277],[-108.261,68.15],[-107.734,68.174],[-107.619,68.331],[-106.608,68.357],[-106.458,68.516],[-105.781,68.527],[-106.836,68.129],[-107.761,68.032],[-107.972,67.732],[-107.156,66.882],[-107.746,66.961],[-107.761,66.684],[-108.455,67.063],[-108.088,67.07],[-107.989,67.256],[-108.593,67.591],[-109.081,67.711],[-109.63,67.733],[-110.042,67.977],[-110.99,67.791],[-112.435,67.685],[-113.893,67.707],[-115.133,67.819],[-115.427,67.924],[-114.765,68.27],[-114.096,68.267],[-113.964,68.399],[-114.414,68.66],[-115.631,68.973],[-116.065,68.855],[-117.132,68.907],[-118.095,69.043],[-118.869,69.257],[-120.293,69.421],[-120.962,69.66],[-122.07,69.816],[-123.026,69.81],[-123.214,69.542],[-123.609,69.377],[-124.426,69.379],[-124.138,69.653],[-124.768,69.99],[-125.357,69.626],[-125.387,69.349],[-126.064,69.467],[-126.612,69.73],[-127.138,70.239],[-127.753,70.517],[-128.17,70.418],[-127.765,70.222],[-128.279,70.108],[-128.387,69.96],[-128.971,69.712],[-129.265,69.855],[-130.354,69.656],[-131.013,69.429],[-131.788,69.432],[-131.92,69.291],[-132.719,69.079],[-132.706,68.815],[-133.379,68.887],[-132.687,69.26],[-132.331,69.308],[-131.863,69.549],[-130.96,69.632],[-129.648,69.998],[-130.498,70.143],[-131.934,69.753],[-132.84,69.651],[-133.163,69.434],[-134.165,69.281],[-133.88,69.508],[-135.141,69.468],[-135.691,69.311],[-135.876,68.917],[-136.717,68.889],[-138.128,69.152],[-139.182,69.516],[-139.977,69.622],[-141.002,69.651],[-141.002,68.19],[-141.002,66.729],[-141.002,64.976],[-141.002,63.514],[-141.002,62.346],[-141.002,60.3],[-139.973,60.183],[-139.676,60.328],[-139.079,60.344],[-139.185,60.084],[-138.705,59.901],[-138.632,59.778],[-137.593,59.226],[-137.439,58.903],[-136.813,59.15],[-136.579,59.152],[-136.322,59.605],[-135.476,59.793],[-135.051,59.579],[-134.944,59.288],[-134.441,59.085],[-134.219,58.85],[-133.821,58.705],[-133.401,58.411],[-133.275,58.223],[-132.232,57.199],[-131.866,56.793],[-131.575,56.599],[-131.083,56.405],[-130.742,56.341],[-130.413,56.123],[-130.023,56.015],[-130.025,55.888]]],[[[-109.816,78.65],[-110.408,78.757],[-113.15,78.408],[-113.173,78.284],[-111.169,78.386],[-110.418,78.295],[-109.391,78.337],[-109.816,78.65]]],[[[-110.458,78.103],[-111.207,78.088],[-113.215,77.904],[-113.164,77.53],[-111.952,77.344],[-110.198,77.525],[-109.772,77.957],[-110.458,78.103]]],[[[-115.551,77.363],[-116.363,77.543],[-117.419,77.317],[-118.005,77.381],[-119.09,77.305],[-121.614,76.441],[-122.365,76.401],[-122.774,76.228],[-122.4,75.944],[-121.908,76.035],[-121.019,76.02],[-120.409,75.826],[-119.913,75.859],[-119.368,76.222],[-118.02,76.447],[-117.154,76.298],[-116.999,76.532],[-116.22,76.611],[-115.857,76.969],[-116.286,77.102],[-115.551,77.363]]],[[[-108.292,76.057],[-108.123,76.233],[-108.628,76.587],[-109.339,76.76],[-110.27,76.417],[-110.201,76.289],[-109.487,76.145],[-109.796,75.863],[-108.945,75.699],[-109.086,75.506],[-111.053,75.549],[-111.513,75.811],[-112.698,76.202],[-113.823,76.207],[-114.194,76.451],[-115.581,76.438],[-116.61,76.074],[-116.39,75.808],[-116.973,75.746],[-117.154,75.473],[-117.6,75.272],[-116.476,75.172],[-115.729,74.968],[-115.02,74.976],[-114.452,75.088],[-112.836,74.976],[-114.132,74.766],[-114.268,74.604],[-113.514,74.43],[-112.519,74.417],[-110.941,74.639],[-110.176,74.84],[-109.503,74.883],[-108.831,75.065],[-108.354,74.943],[-107.82,75],[-107.153,74.927],[-106.093,75.089],[-105.863,75.192],[-105.481,75.746],[-105.604,75.93],[-106.397,76.06],[-107.136,75.879],[-108.292,76.057]]],[[[-114.522,72.593],[-114.109,72.861],[-114.052,73.071],[-114.302,73.331],[-114.638,73.373],[-116.573,73.055],[-117.552,72.831],[-118.375,72.534],[-118.213,72.263],[-118.945,71.986],[-118.868,71.687],[-117.742,71.659],[-118.188,71.436],[-115.98,71.469],[-116.228,71.359],[-117.814,71.158],[-118.269,71.035],[-118.264,70.888],[-117.587,70.63],[-115.991,70.586],[-113.757,70.691],[-112.114,70.447],[-111.784,70.273],[-112.638,70.225],[-114.592,70.312],[-116.554,70.175],[-117.135,70.1],[-117.104,69.804],[-116.513,69.425],[-116.102,69.337],[-115.159,69.265],[-114.323,69.269],[-113.694,69.195],[-113.617,68.838],[-113.128,68.494],[-111.311,68.542],[-109.959,68.63],[-108.946,68.76],[-108.365,68.935],[-107.44,69.002],[-106.659,69.44],[-106.141,69.162],[-105.02,69.081],[-105.106,68.92],[-104.353,68.928],[-103.468,68.809],[-102.895,68.824],[-101.857,69.024],[-101.976,69.407],[-102.447,69.476],[-102.884,69.341],[-103.465,69.644],[-102.621,69.552],[-102.596,69.718],[-102.182,69.846],[-101.648,69.699],[-100.935,69.715],[-101.149,70.148],[-101.99,70.285],[-102.75,70.522],[-103.105,70.51],[-103.953,70.763],[-104.57,71.104],[-104.35,71.434],[-105.234,72.415],[-105.415,72.788],[-105.813,73.011],[-106.482,73.196],[-107.113,73.192],[-107.72,73.329],[-108.238,73.106],[-107.696,72.149],[-107.306,71.895],[-107.925,71.639],[-108.21,71.751],[-108.698,72.499],[-109.122,72.726],[-110.008,72.984],[-110.661,73.008],[-110.205,72.661],[-110.782,72.534],[-111.27,72.714],[-112.754,72.986],[-113.208,72.981],[-113.5,72.694],[-114.522,72.593]]],[[[-119.736,74.113],[-119.563,74.233],[-120.554,74.353],[-121.315,74.53],[-124.696,74.348],[-124.261,73.953],[-123.797,73.768],[-124.424,73.419],[-124.836,73.076],[-124.583,72.926],[-125,72.813],[-124.987,72.588],[-125.763,72.138],[-125.297,71.973],[-124.008,71.677],[-123.211,71.123],[-122.937,71.088],[-122.157,71.266],[-120.619,71.506],[-120.443,71.631],[-120.18,72.213],[-119.408,72.36],[-118.962,72.684],[-115.447,73.439],[-115.511,73.619],[-117.199,74.171],[-117.966,74.266],[-119.206,74.198],[-119.736,74.113]]],[[[-69.489,83.017],[-69.97,83.116],[-72.812,83.081],[-73.331,82.999],[-75.745,83.047],[-77.48,82.883],[-79.886,82.939],[-82.123,82.602],[-82.537,82.247],[-84.897,82.449],[-86.581,82.187],[-90.49,81.877],[-91.648,81.684],[-88.978,81.542],[-89.947,81.173],[-88.921,80.806],[-87.33,80.67],[-85.781,81.035],[-85.246,80.988],[-86.603,80.664],[-85.307,80.526],[-84.076,80.556],[-83.401,80.714],[-81.007,80.655],[-78.629,81.043],[-78.386,80.784],[-80.051,80.529],[-82.536,80.376],[-82.961,80.278],[-81.01,79.693],[-81.856,79.723],[-83.724,80.229],[-86.307,80.319],[-86.615,80.124],[-86.421,79.845],[-85.09,79.612],[-84.197,79.225],[-84.316,78.975],[-83.059,78.94],[-83.271,78.77],[-85.23,78.902],[-86.808,78.774],[-87.491,78.417],[-87.552,78.177],[-86.218,78.081],[-85.548,77.928],[-85.289,77.559],[-83.779,77.533],[-83.974,77.391],[-84.739,77.361],[-85.588,77.461],[-86.173,77.746],[-87.018,77.892],[-88.095,77.719],[-87.78,77.493],[-86.874,77.2],[-88.398,77.104],[-89.5,76.827],[-89.57,76.492],[-88.396,76.405],[-86.68,76.377],[-86.296,76.492],[-85.141,76.305],[-83.886,76.453],[-81.171,76.513],[-80.69,76.176],[-79.511,76.31],[-78.284,76.571],[-77.983,76.755],[-78.289,76.978],[-79.221,76.936],[-79.341,77.158],[-80.274,77.151],[-80.573,77.315],[-78.87,77.333],[-78.076,77.519],[-78.013,77.946],[-76.974,77.927],[-75.866,78.01],[-75.193,78.328],[-76.373,78.521],[-74.879,78.545],[-74.433,78.724],[-76.256,79.007],[-75.094,79.204],[-75.259,79.421],[-73.466,79.495],[-73.229,79.644],[-71.388,79.762],[-71.356,79.911],[-70.568,80.094],[-70.144,80.398],[-69.4,80.423],[-68.63,80.679],[-65.484,81.285],[-64.78,81.493],[-66.914,81.485],[-66.626,81.616],[-64.574,81.734],[-62.177,82.043],[-61.274,82.28],[-61.392,82.442],[-63.085,82.565],[-63.473,82.771],[-64.777,82.876],[-69.489,83.017]]],[[[-95.484,77.792],[-96.143,77.714],[-95.987,77.484],[-93.52,77.474],[-93.301,77.74],[-95.484,77.792]]],[[[-93.543,75.028],[-93.751,75.349],[-94.427,75.593],[-95.671,75.529],[-96.566,75.099],[-96.27,74.92],[-95.286,74.794],[-94.697,74.642],[-93.547,74.691],[-93.543,75.028]]],[[[-100.002,73.946],[-100.915,73.805],[-100.976,73.6],[-101.451,73.431],[-100.283,73.12],[-100.485,72.773],[-101.351,72.746],[-101.922,73.057],[-102.504,73.006],[-102.714,72.783],[-101.724,72.315],[-101.209,72.317],[-100.594,72.152],[-99.735,71.757],[-99.167,71.367],[-98.663,71.302],[-98.199,71.441],[-98.181,71.662],[-97.582,71.63],[-96.613,71.834],[-96.796,72.314],[-96.44,72.487],[-97.052,72.637],[-97.329,72.938],[-97.725,73.037],[-97.796,73.285],[-97.273,73.387],[-97.395,73.564],[-97.002,73.667],[-97.582,73.888],[-99.158,73.732],[-100.002,73.946]]],[[[-84.92,65.261],[-85.24,65.51],[-85.241,65.796],[-85.555,65.919],[-85.962,65.704],[-86.374,64.566],[-86.252,64.137],[-86.886,63.924],[-87.189,63.672],[-86.847,63.575],[-86.576,63.662],[-85.714,63.658],[-85.496,63.139],[-84.962,63.197],[-84.633,63.309],[-84.308,63.586],[-83.728,63.813],[-83.494,64.099],[-82.467,63.927],[-82.378,63.707],[-81.963,63.664],[-81.046,63.462],[-80.302,63.762],[-80.829,64.09],[-81.716,64.022],[-81.787,64.426],[-82.05,64.644],[-82.668,64.78],[-83.407,65.104],[-84.085,65.218],[-84.612,65.447],[-84.92,65.261]]],[[[-97.701,76.467],[-98.711,76.694],[-99.024,76.615],[-100.388,76.614],[-100.83,76.524],[-99.978,76.029],[-101.056,76.246],[-101.34,76.41],[-102.138,76.285],[-101.431,75.992],[-101.6,75.833],[-102.252,75.778],[-102.541,75.514],[-99.915,75.681],[-100.712,75.406],[-100.234,75.008],[-98.569,75.009],[-97.799,75.117],[-97.878,75.416],[-97.41,75.552],[-97.602,75.851],[-97.531,76.182],[-97.701,76.467]]],[[[-103.426,79.316],[-105.388,79.324],[-105.536,79.033],[-103.876,78.903],[-103.518,78.769],[-103.764,78.52],[-104.727,78.579],[-104.764,78.352],[-104.324,78.269],[-102.731,78.371],[-101.074,78.194],[-100.586,77.892],[-99.956,77.794],[-99.166,77.857],[-99.132,78.118],[-99.751,78.303],[-99.609,78.583],[-100.435,78.82],[-101.873,79.088],[-102.652,79.095],[-103.426,79.316]]],[[[-91.886,81.133],[-93.236,81.129],[-95.27,81.001],[-96.133,80.691],[-95.614,80.396],[-96.773,80.136],[-96.463,79.848],[-95.297,79.653],[-95.733,79.418],[-95.103,79.29],[-93.933,79.291],[-92.822,79.45],[-92.547,79.283],[-94.163,78.994],[-92.678,78.389],[-91.899,78.237],[-90.614,78.15],[-88.791,78.192],[-88.606,78.392],[-87.983,78.537],[-87.016,78.899],[-85.29,79.208],[-85.501,79.53],[-87.144,79.663],[-86.977,79.894],[-87.625,80.187],[-87.675,80.372],[-88.644,80.387],[-90.643,80.594],[-91.886,81.133]]],[[[-94.295,76.912],[-95.638,77.064],[-96.758,76.972],[-96.64,76.703],[-95.789,76.537],[-95.274,76.264],[-93.665,76.273],[-93.092,76.354],[-92.185,75.847],[-92.069,75.658],[-92.427,75.346],[-92.076,75.124],[-91.962,74.793],[-91.508,74.651],[-90.784,74.696],[-89.844,74.549],[-88.778,74.715],[-88.423,74.494],[-87.593,74.47],[-86.11,74.54],[-84.426,74.508],[-83.532,74.586],[-81.809,74.477],[-81.226,74.567],[-80.278,74.582],[-80.213,74.749],[-79.508,74.88],[-79.66,75.45],[-80.322,75.629],[-82.154,75.831],[-83.237,75.751],[-83.932,75.819],[-84.605,75.653],[-86.069,75.502],[-87.257,75.618],[-88.201,75.512],[-90.251,76.053],[-89.285,76.302],[-90.855,76.437],[-91.305,76.681],[-92.716,76.603],[-93.811,76.914],[-94.295,76.912]]],[[[-96.204,78.531],[-96.587,78.687],[-98.212,78.805],[-98.255,78.429],[-96.99,77.806],[-95.087,77.993],[-95.329,78.225],[-94.887,78.345],[-95.561,78.517],[-96.204,78.531]]],[[[-93.171,74.161],[-94.483,74.113],[-95.04,74.024],[-95.633,73.695],[-95.548,72.782],[-95.251,72.502],[-95.193,72.027],[-94.038,72.029],[-93.555,72.421],[-93.771,72.668],[-93.341,72.802],[-92.118,72.754],[-91.621,73.026],[-90.355,73.869],[-91.088,74.009],[-92.223,73.972],[-93.171,74.161]]],[[[-97.439,69.643],[-97.791,69.862],[-98.268,69.754],[-98.548,69.545],[-98.456,69.335],[-98.912,69.168],[-99.564,69.034],[-99.254,68.863],[-97.885,68.672],[-97.472,68.544],[-96.402,68.471],[-95.686,68.736],[-96.3,69.344],[-97.439,69.643]]],[[[-61.105,45.945],[-60.577,46.172],[-60.332,46.768],[-60.617,46.976],[-60.87,46.797],[-61.241,46.303],[-61.409,46.17],[-61.495,45.941],[-61.45,45.716],[-61.284,45.574],[-60.673,45.591],[-60.386,45.655],[-60.016,45.88],[-59.865,46.16],[-60.505,46.204],[-60.472,45.947],[-60.806,45.738],[-61.105,45.945]]],[[[-67.125,45.169],[-66.872,45.067],[-66.44,45.096],[-66.107,45.257],[-65.884,45.223],[-65.545,45.337],[-64.898,45.626],[-64.827,45.476],[-64.6,45.41],[-64.087,45.411],[-64.235,45.114],[-64.449,45.256],[-64.903,45.121],[-65.657,44.76],[-66.1,44.367],[-66.193,44.144],[-66.126,43.814],[-65.887,43.795],[-65.738,43.561],[-65.482,43.518],[-65.33,43.668],[-64.862,43.868],[-64.378,44.304],[-64.286,44.55],[-64,44.645],[-63.761,44.486],[-63.544,44.655],[-63.306,44.643],[-62.514,44.844],[-61.284,45.235],[-61.282,45.441],[-61.492,45.687],[-61.877,45.714],[-61.956,45.868],[-62.483,45.622],[-62.701,45.741],[-63.293,45.752],[-63.703,45.858],[-64.056,46.021],[-63.916,46.166],[-64.542,46.24],[-64.726,46.671],[-64.906,46.888],[-64.831,47.061],[-65.319,47.101],[-64.912,47.369],[-64.703,47.725],[-65.228,47.811],[-65.666,47.696],[-65.849,47.911],[-66.21,47.989],[-65.927,48.189],[-65.476,48.031],[-65.259,48.021],[-64.765,48.228],[-64.633,48.36],[-64.349,48.423],[-64.254,48.55],[-64.262,48.922],[-64.836,49.192],[-65.523,49.266],[-66.178,49.213],[-66.598,49.126],[-67.561,48.856],[-68.238,48.626],[-68.987,48.275],[-69.471,47.967],[-69.581,47.824],[-70.519,47.033],[-71.261,46.756],[-71.901,46.632],[-72.496,46.353],[-72.733,46.182],[-73.16,46.01],[-73.465,45.632],[-73.558,45.425],[-74.709,45.004],[-73.182,45.006],[-71.518,45.008],[-71.327,45.29],[-70.898,45.262],[-70.702,45.551],[-70.296,45.906],[-70.248,46.251],[-70.067,46.441],[-70.008,46.709],[-69.243,47.463],[-69.049,47.274],[-68.829,47.203],[-68.311,47.354],[-67.807,47.083],[-67.785,45.702],[-67.433,45.603],[-67.473,45.276],[-67.125,45.169]]],[[[-55.459,51.537],[-55.69,51.471],[-56.026,51.568],[-56.75,51.275],[-57.132,50.787],[-57.298,50.699],[-58.016,49.542],[-58.213,49.387],[-58.099,49.077],[-58.404,49.084],[-58.716,48.598],[-58.492,48.513],[-58.711,48.325],[-59.272,47.996],[-59.362,47.866],[-59.117,47.571],[-58.333,47.677],[-57.926,47.675],[-56.952,47.574],[-56.221,47.671],[-55.844,47.788],[-55.862,47.53],[-55.576,47.465],[-55.366,47.661],[-55.075,47.658],[-55.191,47.449],[-55.492,47.161],[-55.838,47.072],[-55.789,46.867],[-55.316,46.906],[-54.857,47.385],[-54.434,47.462],[-54.192,47.86],[-53.989,47.756],[-53.869,47.387],[-54.174,46.88],[-53.581,46.957],[-53.616,46.68],[-53.07,46.681],[-52.889,46.974],[-52.912,47.103],[-52.654,47.549],[-52.945,47.553],[-53.176,47.653],[-52.955,48.029],[-53.283,47.998],[-53.604,47.662],[-53.862,47.799],[-53.695,47.921],[-53.531,48.232],[-53.136,48.402],[-53.021,48.572],[-53.795,48.526],[-53.698,48.68],[-53.853,48.811],[-53.758,49.035],[-53.573,49.141],[-53.619,49.322],[-53.958,49.442],[-54.317,49.424],[-54.579,49.491],[-55.026,49.305],[-55.376,49.49],[-55.678,49.435],[-55.892,49.58],[-55.718,49.829],[-55.765,49.96],[-56.247,50.09],[-56.757,49.652],[-56.849,49.765],[-56.694,50.06],[-55.871,50.907],[-55.815,51.191],[-55.459,51.537]]],[[[-86.589,71.011],[-85.405,71.227],[-85.023,71.353],[-86.036,71.771],[-86.341,72.123],[-86.323,72.461],[-86.629,72.871],[-86.086,73.26],[-84.975,73.695],[-85.11,73.808],[-86.769,73.834],[-87.72,73.723],[-88.705,73.403],[-89.263,73.069],[-89.358,72.804],[-89.862,72.412],[-89.664,72.158],[-90.025,71.949],[-89.846,71.492],[-89.079,71.288],[-87.872,71.209],[-87.182,70.988],[-87.845,70.944],[-89.366,71.067],[-89.208,70.76],[-88.848,70.523],[-87.901,70.252],[-87.122,70.412],[-86.624,70.401],[-86.322,70.145],[-85.78,70.037],[-85.432,70.111],[-83.859,69.963],[-83.091,70.004],[-82.139,69.841],[-81.197,69.983],[-81.098,70.091],[-79.616,69.895],[-78.89,69.977],[-78.81,70.179],[-79.397,70.437],[-79.066,70.604],[-78.283,70.229],[-77.843,70.247],[-77.635,69.9],[-76.962,69.825],[-77.129,69.653],[-75.787,69.319],[-75.668,69.159],[-75.954,69.031],[-76.557,69.009],[-76.403,68.692],[-75.623,68.888],[-74.917,68.983],[-74.648,68.708],[-73.328,68.267],[-73.063,68.107],[-72.22,67.254],[-72.789,67.031],[-73.033,66.728],[-73.281,66.675],[-74.434,66.139],[-73.746,65.767],[-73.561,65.543],[-74.237,65.484],[-74.391,65.398],[-74.982,65.381],[-75.166,65.284],[-75.828,65.227],[-76.482,65.37],[-77.327,65.453],[-77.447,65.162],[-78.096,64.939],[-78.175,64.618],[-77.791,64.367],[-76.724,64.242],[-75.767,64.392],[-75.488,64.541],[-75.067,64.457],[-74.512,64.67],[-73.91,64.578],[-73.444,64.423],[-72.223,63.709],[-71.725,63.706],[-71.456,63.512],[-71.973,63.43],[-71.254,63.043],[-70.236,62.763],[-69.545,62.745],[-69.082,62.405],[-68.379,62.235],[-67.44,62.151],[-66.257,61.868],[-66.059,61.914],[-66.281,62.303],[-66.645,62.602],[-66.98,62.701],[-67.676,63.094],[-68.141,63.172],[-68.911,63.703],[-68.494,63.725],[-67.838,63.449],[-67.709,63.634],[-67.18,63.305],[-66.636,63.08],[-65.979,63.001],[-65.266,62.715],[-65.163,62.933],[-64.672,62.922],[-65.069,63.263],[-64.514,63.264],[-64.678,64.028],[-65.011,64.009],[-65.213,64.303],[-65.075,64.437],[-65.275,64.632],[-65.768,64.854],[-66.224,64.854],[-66.861,65.092],[-67.326,65.357],[-67.303,65.483],[-68.257,65.939],[-67.551,65.922],[-67.183,66.034],[-67.311,66.304],[-66.787,66.556],[-66.477,66.28],[-65.857,66.086],[-65.305,66.008],[-65.402,65.764],[-65.108,65.464],[-64.665,65.169],[-64.152,65.066],[-63.402,65.118],[-63.364,65.543],[-62.659,65.64],[-62.382,65.833],[-62.497,65.974],[-61.992,66.035],[-62.534,66.227],[-61.863,66.313],[-61.3,66.649],[-61.969,67.019],[-62.38,66.905],[-63.258,67.025],[-63.04,67.235],[-63.592,67.378],[-64.008,67.347],[-64.156,67.623],[-64.528,67.813],[-65.021,67.788],[-65.3,67.94],[-66.225,67.959],[-66.212,68.28],[-66.729,68.129],[-67.033,68.326],[-66.762,68.425],[-68.038,68.551],[-67.752,69.039],[-67.484,69.167],[-66.803,69.153],[-66.771,69.337],[-67.361,69.473],[-68.058,69.476],[-68.513,69.577],[-68.114,69.754],[-67.259,69.721],[-67.364,70.034],[-67.855,70.282],[-68.794,70.324],[-68.364,70.481],[-68.496,70.61],[-69.169,70.764],[-69.95,70.845],[-70.561,70.738],[-70.792,71.103],[-71.186,70.978],[-71.743,71.047],[-71.219,71.239],[-71.46,71.464],[-72.902,71.678],[-73.482,71.479],[-73.714,71.72],[-74.316,71.843],[-74.266,72.038],[-74.903,72.1],[-75.186,72.434],[-75.704,72.572],[-76.189,72.572],[-76.894,72.721],[-78.001,72.688],[-78.479,72.509],[-78.287,72.36],[-79,72.272],[-79.323,72.391],[-80.116,72.214],[-80.802,71.929],[-80.941,72.21],[-80.675,72.559],[-80.275,72.746],[-80.603,73.121],[-81.152,73.314],[-81.406,73.635],[-81.946,73.73],[-82.66,73.73],[-85.018,73.335],[-85.455,73.105],[-85.262,72.954],[-85.645,72.774],[-85.341,72.422],[-84.849,72.406],[-84.643,72.19],[-85.406,72.215],[-85.912,71.987],[-85.25,71.675],[-84.66,71.586],[-84.79,71.093],[-85.644,71.152],[-86.589,71.011]]],[[[-61.801,49.094],[-61.817,49.284],[-62.859,49.705],[-63.292,49.817],[-64.131,49.942],[-64.44,49.828],[-63.885,49.658],[-63.566,49.399],[-63.042,49.225],[-62.22,49.079],[-61.801,49.094]]],[[[-63.811,46.469],[-63.641,46.23],[-63.277,46.153],[-63.117,46.253],[-62.878,46.001],[-62.531,45.977],[-62.552,46.166],[-62.024,46.422],[-62.164,46.487],[-63.129,46.422],[-63.681,46.562],[-63.811,46.469]]],[[[-82,62.954],[-83.376,62.905],[-83.899,62.476],[-83.699,62.16],[-83.016,62.21],[-82.114,62.652],[-82,62.954]]],[[[-79.545,62.412],[-79.868,62.404],[-80.235,62.153],[-80.276,61.859],[-79.714,61.613],[-79.324,62.026],[-79.286,62.248],[-79.545,62.412]]],[[[-75.676,68.323],[-76.364,68.319],[-76.74,68.231],[-77.306,67.706],[-77.005,67.267],[-75.78,67.284],[-75.127,67.537],[-75.154,68.234],[-75.676,68.323]]],[[[-79.537,73.654],[-80.412,73.765],[-80.849,73.721],[-80.824,73.381],[-80.183,73.225],[-79.937,72.864],[-79.501,72.756],[-77.836,72.897],[-76.401,72.821],[-76.29,73.081],[-77.207,73.5],[-78.287,73.666],[-79.537,73.654]]],[[[-80.732,52.747],[-80.765,52.923],[-81.136,53.206],[-81.847,53.186],[-81.839,52.958],[-81.01,52.761],[-80.732,52.747]]],[[[-78.936,56.266],[-78.963,56.422],[-79.272,56.6],[-79.393,56.276],[-79.596,56.244],[-80.001,55.932],[-79.765,55.807],[-79.407,55.935],[-79.175,55.885],[-78.936,56.266]]],[[[-89.833,77.268],[-89.719,77.442],[-90.172,77.595],[-91.149,77.608],[-91.147,77.387],[-90.228,77.212],[-89.833,77.268]]],[[[-104.558,77.142],[-104.542,77.338],[-105.588,77.736],[-106.066,77.725],[-105.215,77.182],[-104.558,77.142]]],[[[-105.289,72.92],[-104.583,73.354],[-104.649,73.614],[-105.512,73.766],[-106.614,73.696],[-106.922,73.48],[-106.18,73.304],[-105.289,72.92]]],[[[-102.227,76.015],[-102.584,76.282],[-103.098,76.311],[-104.351,76.182],[-103.801,76.037],[-103.315,75.764],[-102.58,75.78],[-102.227,76.015]]],[[[-104.023,76.583],[-104.271,76.326],[-103.472,76.329],[-103.051,76.45],[-104.023,76.583]]],[[[-118.328,75.58],[-117.626,75.966],[-118.626,75.906],[-119.395,75.617],[-118.328,75.58]]],[[[-113.832,77.755],[-114.28,78.004],[-115.029,77.968],[-114.608,77.769],[-113.832,77.755]]],[[[-130.236,53.959],[-130.397,54.086],[-130.696,53.951],[-130.384,53.844],[-130.236,53.959]]],[[[-129.849,53.168],[-129.945,53.436],[-130.452,53.631],[-130.518,53.544],[-129.849,53.168]]],[[[-130.575,54.77],[-130.349,54.815],[-130.214,55.026],[-130.575,54.77]]],[[[-128.552,52.94],[-128.633,53.113],[-129.033,53.28],[-129.178,53.018],[-129.085,52.822],[-128.766,52.598],[-128.51,52.519],[-128.552,52.94]]],[[[-68.234,60.241],[-67.844,60.392],[-68.142,60.562],[-68.338,60.361],[-68.234,60.241]]],[[[-64.833,61.366],[-64.67,61.593],[-65.13,61.686],[-65.394,61.563],[-64.833,61.366]]],[[[-73.622,67.784],[-73.435,67.97],[-74.379,68.093],[-74.707,68.067],[-74.573,67.829],[-73.622,67.784]]],[[[-77.877,63.471],[-78.235,63.49],[-78.469,63.358],[-77.942,63.114],[-77.538,63.287],[-77.877,63.471]]],[[[-74.881,68.349],[-74.984,68.648],[-75.4,68.525],[-74.881,68.349]]],[[[-76.678,63.394],[-76.764,63.574],[-77.134,63.682],[-77.365,63.588],[-76.678,63.394]]],[[[-79.431,69.788],[-80.653,69.751],[-80.161,69.536],[-79.553,69.631],[-79.431,69.788]]],[[[-79.211,68.845],[-78.853,68.916],[-78.229,69.304],[-78.597,69.371],[-78.9,69.135],[-79.406,68.923],[-79.211,68.845]]],[[[-76.995,69.144],[-76.746,69.404],[-77.319,69.416],[-77.379,69.274],[-76.995,69.144]]],[[[-86.596,67.736],[-86.382,67.927],[-86.421,68.183],[-86.96,68.1],[-86.861,67.81],[-86.596,67.736]]],[[[-104.12,75.036],[-103.642,75.163],[-103.804,75.346],[-104.346,75.43],[-104.887,75.148],[-104.12,75.036]]]]}},{"type":"Feature","id":"ne50m:CCK","properties":{"boundaryId":"ne50m:CCK","nodeId":"geo:cc","bounds":[96.826,-12.182,96.84,-12.126]},"geometry":{"type":"Polygon","coordinates":[[[96.84,-12.182],[96.839,-12.16],[96.833,-12.126],[96.826,-12.126],[96.828,-12.151],[96.835,-12.18],[96.84,-12.182]]]}},{"type":"Feature","id":"ne50m:CHE","properties":{"boundaryId":"ne50m:CHE","nodeId":"geo:ch","bounds":[6.06,45.83,10.453,47.766]},"geometry":{"type":"Polygon","coordinates":[[[9.524,47.524],[9.183,47.671],[8.881,47.656],[8.618,47.766],[8.198,47.607],[7.616,47.593],[7.42,47.455],[7.001,47.323],[6.41,46.755],[6.161,46.611],[6.06,46.428],[6.087,46.147],[6.429,46.431],[6.758,46.416],[6.772,46.165],[7.021,45.926],[7.129,45.88],[7.539,45.978],[7.788,45.922],[7.993,46.016],[8.082,46.256],[8.371,46.445],[8.458,46.246],[8.954,45.83],[9.022,46.051],[9.251,46.287],[9.26,46.475],[9.639,46.296],[9.939,46.362],[10.087,46.6],[10.431,46.55],[10.453,46.865],[9.997,46.885],[9.58,47.057],[9.488,47.062],[9.528,47.271],[9.524,47.524]]]}},{"type":"Feature","id":"ne50m:CHL","properties":{"boundaryId":"ne50m:CHL","nodeId":"geo:cl","bounds":[-75.657,-55.521,-67.009,-17.506]},"geometry":{"type":"MultiPolygon","coordinates":[[[[-70.418,-18.346],[-70.362,-18.398],[-70.276,-19.268],[-70.148,-19.805],[-70.147,-20.23],[-70.197,-20.725],[-70.088,-21.253],[-70.088,-21.493],[-70.229,-22.193],[-70.332,-22.849],[-70.563,-23.057],[-70.588,-23.368],[-70.392,-23.566],[-70.488,-23.782],[-70.574,-24.644],[-70.445,-25.173],[-70.49,-25.376],[-70.633,-25.546],[-70.714,-25.784],[-70.635,-25.993],[-70.647,-26.329],[-70.898,-27.187],[-70.926,-27.589],[-71.053,-27.727],[-71.154,-28.064],[-71.186,-28.378],[-71.307,-28.672],[-71.519,-28.926],[-71.486,-29.198],[-71.353,-29.35],[-71.316,-29.65],[-71.4,-30.143],[-71.669,-30.33],[-71.709,-30.628],[-71.662,-31.17],[-71.526,-31.806],[-71.513,-32.208],[-71.421,-32.387],[-71.452,-32.66],[-71.592,-32.97],[-71.743,-33.095],[-71.664,-33.653],[-71.831,-33.82],[-72.003,-34.165],[-72.056,-34.616],[-72.224,-35.096],[-72.387,-35.24],[-72.624,-35.586],[-72.587,-35.76],[-72.778,-35.979],[-72.875,-36.39],[-73.118,-36.688],[-73.216,-37.167],[-73.602,-37.188],[-73.662,-37.699],[-73.465,-38.04],[-73.533,-38.367],[-73.481,-38.624],[-73.226,-39.224],[-73.25,-39.422],[-73.41,-39.789],[-73.671,-39.963],[-73.669,-40.082],[-73.92,-40.872],[-73.966,-41.118],[-73.811,-41.517],[-73.521,-41.797],[-73.242,-41.781],[-73.015,-41.544],[-72.67,-41.659],[-72.824,-41.909],[-72.499,-41.981],[-72.785,-42.301],[-72.774,-42.505],[-72.878,-43.048],[-73.101,-43.455],[-72.997,-43.632],[-73.069,-43.862],[-73.224,-43.898],[-73.265,-44.169],[-72.664,-44.436],[-72.739,-44.734],[-73.078,-44.92],[-73.362,-44.978],[-73.55,-45.484],[-74.038,-45.418],[-74.158,-45.767],[-74.463,-45.841],[-75.067,-45.875],[-74.924,-46.16],[-75.657,-46.61],[-75.478,-46.662],[-75.146,-46.6],[-75.006,-46.741],[-74.512,-46.885],[-74.314,-46.788],[-74.152,-46.974],[-74.158,-47.183],[-74.483,-47.43],[-74.655,-47.702],[-74.227,-47.969],[-73.941,-47.929],[-73.716,-47.655],[-73.528,-48.198],[-73.854,-48.042],[-74.585,-47.999],[-74.577,-48.274],[-74.341,-48.596],[-74.382,-48.794],[-74.367,-49.4],[-74.291,-49.604],[-74.334,-49.975],[-74.63,-50.194],[-74.776,-50.47],[-74.686,-50.662],[-75.095,-50.681],[-74.815,-51.063],[-73.896,-51.331],[-73.973,-51.784],[-73.753,-51.796],[-73.518,-52.041],[-73.834,-52.234],[-74.296,-52.118],[-74.014,-52.639],[-73.241,-52.707],[-73.645,-52.837],[-73.338,-53.055],[-73.02,-52.892],[-72.645,-52.529],[-72.438,-52.626],[-72.226,-52.521],[-71.812,-52.537],[-72.453,-52.814],[-72.728,-52.762],[-72.889,-52.872],[-72.916,-53.122],[-73.053,-53.243],[-72.549,-53.461],[-72.458,-53.254],[-72.129,-53.064],[-71.388,-52.764],[-71.155,-52.846],[-71.4,-53.107],[-71.853,-53.286],[-72.306,-53.254],[-72.377,-53.471],[-72.174,-53.632],[-71.298,-53.883],[-70.996,-53.779],[-70.952,-53.227],[-70.795,-52.769],[-69.561,-52.422],[-69.241,-52.205],[-68.443,-52.357],[-69.206,-52.136],[-69.488,-52.136],[-69.96,-52.008],[-71.919,-51.99],[-71.953,-51.88],[-72.408,-51.541],[-72.303,-51.299],[-72.377,-51.095],[-72.276,-50.91],[-72.34,-50.682],[-72.51,-50.608],[-73.153,-50.738],[-73.387,-50.231],[-73.501,-50.125],[-73.47,-49.795],[-73.576,-49.583],[-73.462,-49.314],[-73.135,-49.301],[-72.982,-48.977],[-72.614,-48.793],[-72.608,-48.519],[-72.355,-48.366],[-72.328,-48.11],[-72.518,-47.876],[-72.346,-47.493],[-71.905,-47.202],[-71.94,-46.831],[-71.695,-46.578],[-71.876,-46.161],[-71.632,-45.954],[-71.773,-45.724],[-71.693,-45.535],[-71.508,-45.513],[-71.354,-45.23],[-71.596,-44.979],[-72.042,-44.904],[-71.957,-44.792],[-71.261,-44.763],[-71.213,-44.441],[-71.82,-44.383],[-71.812,-44.106],[-71.68,-43.93],[-71.795,-43.753],[-71.751,-43.59],[-71.905,-43.44],[-71.781,-43.167],[-72.146,-42.99],[-72.125,-42.298],[-72.026,-42.148],[-71.761,-42.101],[-71.911,-41.65],[-71.873,-40.893],[-71.932,-40.692],[-71.695,-40.335],[-71.818,-40.177],[-71.66,-40.021],[-71.72,-39.635],[-71.539,-39.602],[-71.42,-39.287],[-71.426,-38.986],[-71.286,-38.845],[-70.952,-38.738],[-70.848,-38.542],[-70.968,-38.446],[-71.028,-38.041],[-71.168,-37.762],[-71.135,-37.445],[-71.2,-37.3],[-71.118,-37.114],[-71.192,-36.844],[-71.056,-36.524],[-70.749,-36.393],[-70.722,-36.283],[-70.405,-36.062],[-70.38,-35.772],[-70.47,-35.326],[-70.29,-34.733],[-70.052,-34.301],[-69.852,-34.224],[-69.894,-33.731],[-69.798,-33.399],[-70.02,-33.271],[-70.093,-33.027],[-70.17,-32.472],[-70.364,-32.083],[-70.254,-31.958],[-70.45,-31.842],[-70.585,-31.569],[-70.52,-31.148],[-70.309,-31.023],[-70.348,-30.902],[-70.161,-30.44],[-69.956,-30.358],[-69.928,-29.769],[-70.027,-29.324],[-69.828,-29.103],[-69.657,-28.414],[-69.174,-27.925],[-68.999,-27.449],[-68.846,-27.154],[-68.652,-27.148],[-68.346,-27.028],[-68.319,-26.878],[-68.581,-26.518],[-68.53,-26.277],[-68.415,-26.154],[-68.6,-25.486],[-68.541,-25.237],[-68.384,-25.092],[-68.562,-24.838],[-68.507,-24.63],[-68.25,-24.392],[-67.356,-24.034],[-67.009,-23.001],[-67.195,-22.822],[-67.58,-22.892],[-67.879,-22.823],[-67.882,-22.493],[-67.988,-22.057],[-68.077,-21.983],[-68.186,-21.619],[-68.197,-21.3],[-68.563,-20.72],[-68.5,-20.612],[-68.745,-20.459],[-68.689,-20.31],[-68.727,-20.07],[-68.578,-19.857],[-68.698,-19.721],[-68.463,-19.433],[-68.968,-18.968],[-69.092,-18.282],[-69.094,-18.05],[-69.313,-17.943],[-69.511,-17.506],[-69.852,-17.704],[-69.802,-17.9],[-69.926,-18.206],[-70.184,-18.325],[-70.418,-18.346]]],[[[-68.63,-52.653],[-68.79,-52.577],[-69.167,-52.668],[-69.498,-52.491],[-69.764,-52.731],[-70.391,-53.026],[-70.46,-53.206],[-70.329,-53.378],[-70.09,-53.418],[-69.637,-53.334],[-69.352,-53.48],[-70.149,-53.761],[-69.988,-54.109],[-69.742,-54.306],[-70.169,-54.379],[-70.63,-54.006],[-70.38,-53.987],[-70.531,-53.627],[-70.868,-53.884],[-70.863,-54.11],[-70.298,-54.486],[-70.701,-54.485],[-70.898,-54.338],[-71.441,-54.62],[-70.497,-54.81],[-70.031,-54.816],[-69.723,-54.712],[-69.486,-54.859],[-69.082,-54.91],[-68.653,-54.854],[-68.64,-54.324],[-68.63,-52.653]]],[[[-67.08,-55.154],[-67.245,-54.978],[-68.107,-54.929],[-68.301,-54.981],[-68.07,-55.221],[-67.768,-55.26],[-67.08,-55.154]]],[[[-73.773,-43.346],[-73.75,-43.159],[-73.436,-42.937],[-73.789,-42.586],[-73.471,-42.466],[-73.439,-42.278],[-73.528,-41.896],[-74.037,-41.796],[-74.16,-42.216],[-74.209,-42.879],[-74.355,-43.264],[-74.114,-43.358],[-73.773,-43.346]]],[[[-74.476,-49.148],[-74.567,-48.755],[-74.793,-48.705],[-74.949,-48.96],[-75.184,-49.084],[-75.086,-49.27],[-75.467,-49.359],[-75.306,-49.494],[-75.3,-49.847],[-75.066,-49.852],[-74.595,-50.007],[-74.476,-49.148]]],[[[-75.51,-48.763],[-75.158,-48.623],[-75.156,-48.425],[-75.391,-48.02],[-75.561,-48.071],[-75.518,-48.329],[-75.651,-48.586],[-75.51,-48.763]]],[[[-74.567,-48.592],[-74.729,-48.126],[-74.975,-47.923],[-75.198,-47.975],[-75.213,-48.142],[-74.923,-48.626],[-74.567,-48.592]]],[[[-72.923,-53.482],[-73.687,-53.427],[-73.305,-53.944],[-72.764,-53.865],[-72.871,-54.127],[-72.369,-53.981],[-72.205,-53.807],[-72.482,-53.588],[-72.923,-53.482]]],[[[-74.823,-51.63],[-75.105,-51.789],[-74.852,-52.271],[-74.694,-52.279],[-74.532,-51.992],[-74.78,-51.825],[-74.823,-51.63]]],[[[-69.703,-54.919],[-69.98,-55.147],[-69.412,-55.444],[-69.297,-55.166],[-68.889,-55.263],[-68.867,-55.45],[-68.293,-55.521],[-68.283,-55.255],[-68.901,-55.018],[-69.703,-54.919]]],[[[-71.39,-54.033],[-71.996,-53.885],[-72.21,-54.048],[-71.972,-54.207],[-71.473,-54.231],[-71.143,-54.374],[-71.022,-54.112],[-71.39,-54.033]]],[[[-73.735,-44.395],[-73.9,-44.135],[-74.083,-44.186],[-74.097,-44.389],[-74.502,-44.474],[-74.618,-44.648],[-74.35,-44.911],[-74.099,-45.325],[-73.849,-45.341],[-73.727,-45.119],[-73.983,-44.495],[-73.735,-44.395]]],[[[-72.986,-44.78],[-72.764,-44.549],[-73.208,-44.335],[-73.445,-44.641],[-73.35,-44.833],[-72.986,-44.78]]],[[[-75.107,-48.837],[-75.619,-48.886],[-75.488,-49.082],[-75.263,-49.069],[-75.107,-48.837]]],[[[-75.055,-50.296],[-74.876,-50.11],[-75.327,-50.012],[-75.449,-50.343],[-75.055,-50.296]]],[[[-74.313,-45.692],[-74.311,-45.173],[-74.69,-45.663],[-74.313,-45.692]]],[[[-70.992,-54.868],[-70.94,-55.062],[-70.543,-55.161],[-70.283,-55.066],[-70.418,-54.909],[-70.805,-54.968],[-70.992,-54.868]]]]}},{"type":"Feature","id":"ne50m:CHN","properties":{"boundaryId":"ne50m:CHN","nodeId":"geo:cn","bounds":[73.607,18.218,134.752,53.547]},"geometry":{"type":"MultiPolygon","coordinates":[[[[107.973,21.508],[108.246,21.558],[108.325,21.694],[109.031,21.627],[109.149,21.426],[109.544,21.538],[109.931,21.481],[109.681,21.132],[109.663,20.917],[109.946,20.474],[109.938,20.295],[110.123,20.264],[110.45,20.355],[110.512,20.518],[110.18,20.859],[110.194,21.038],[110.458,21.231],[110.567,21.214],[110.771,21.387],[111.101,21.485],[111.603,21.559],[111.944,21.85],[112.305,21.742],[112.586,21.777],[112.809,21.945],[112.984,21.938],[113.008,22.119],[113.266,22.089],[113.479,22.196],[113.494,22.242],[113.527,22.246],[113.553,22.594],[113.331,22.912],[113.586,23.02],[113.62,22.861],[113.828,22.607],[114.015,22.512],[114.266,22.541],[114.496,22.527],[114.652,22.755],[114.854,22.617],[115.196,22.817],[115.498,22.719],[115.64,22.853],[115.852,22.802],[116.157,22.887],[116.252,22.981],[116.471,22.946],[116.538,23.18],[116.861,23.453],[116.911,23.647],[117.083,23.579],[117.466,23.841],[117.628,23.837],[118.056,24.246],[118.006,24.482],[118.087,24.627],[118.56,24.58],[118.909,24.929],[119.025,25.223],[119.236,25.206],[119.263,25.468],[119.619,25.437],[119.539,25.591],[119.648,25.919],[119.463,26.055],[119.881,26.334],[119.785,26.547],[120.087,26.672],[120.279,27.097],[120.54,27.318],[120.588,27.581],[120.959,28.037],[121.098,28.291],[121.355,28.23],[121.602,28.367],[121.475,28.641],[121.63,28.768],[121.665,29.011],[121.521,29.118],[121.717,29.256],[121.918,29.135],[121.968,29.491],[121.944,29.894],[121.678,29.979],[121.433,30.227],[121.159,30.302],[120.904,30.161],[120.633,30.133],[120.45,30.388],[120.821,30.355],[120.998,30.558],[121.528,30.841],[121.878,30.917],[121.661,31.32],[121.351,31.485],[121.055,31.719],[120.974,31.869],[121.352,31.859],[121.681,31.712],[121.832,31.9],[121.404,32.206],[121.401,32.372],[120.853,32.661],[120.871,33.017],[120.505,33.638],[120.323,34.169],[120.201,34.326],[119.583,34.582],[119.351,34.749],[119.201,34.748],[119.216,35.012],[119.43,35.301],[120.055,35.861],[120.219,35.935],[120.094,36.119],[120.328,36.228],[120.393,36.054],[120.681,36.168],[120.682,36.341],[120.896,36.444],[120.99,36.598],[121.67,36.836],[121.933,36.959],[122.162,36.959],[122.341,36.832],[122.52,36.947],[122.602,37.426],[122.338,37.405],[122.057,37.529],[121.965,37.445],[121.64,37.46],[121.22,37.6],[120.75,37.834],[120.37,37.701],[120.156,37.495],[119.883,37.351],[119.761,37.155],[119.45,37.125],[119.112,37.201],[118.953,37.331],[118.991,37.641],[119.089,37.701],[118.94,38.043],[118.8,38.127],[118.543,38.095],[118.015,38.183],[117.767,38.312],[117.558,38.625],[117.785,39.134],[118.041,39.227],[118.298,39.067],[118.626,39.177],[118.912,39.166],[119.225,39.408],[119.391,39.752],[119.591,39.903],[120.479,40.231],[120.771,40.589],[121.175,40.901],[121.859,40.842],[122.275,40.542],[122.191,40.358],[121.801,39.951],[121.517,39.845],[121.518,39.639],[121.267,39.545],[121.275,39.385],[121.785,39.401],[121.628,39.22],[121.68,39.109],[121.107,38.921],[121.32,38.808],[121.65,38.865],[122.121,39.152],[122.335,39.366],[123.032,39.674],[123.348,39.763],[124.106,39.841],[124.362,40.004],[124.387,40.104],[124.889,40.46],[125.417,40.66],[125.728,40.867],[125.989,40.905],[126.49,41.358],[126.601,41.641],[126.904,41.781],[127.18,41.531],[128.111,41.389],[128.291,41.563],[128.033,41.898],[128.045,41.988],[128.923,42.038],[129.196,42.218],[129.314,42.414],[129.72,42.475],[129.898,42.998],[130.24,42.892],[130.247,42.745],[130.527,42.535],[130.425,42.727],[130.577,42.812],[131.069,42.902],[131.262,43.433],[131.174,43.705],[131.255,44.072],[131.061,44.66],[131.082,44.91],[131.447,44.984],[131.852,45.327],[131.978,45.244],[132.936,45.03],[133.113,45.131],[133.186,45.495],[133.436,45.605],[133.513,45.879],[133.861,46.248],[133.867,46.499],[134.202,47.128],[134.168,47.302],[134.483,47.447],[134.752,47.715],[134.566,48.023],[134.669,48.153],[134.564,48.322],[134.293,48.373],[133.842,48.274],[133.468,48.097],[133.144,48.106],[132.707,47.947],[132.562,47.769],[131.785,47.681],[131.319,47.728],[131.003,47.691],[130.712,48.128],[130.804,48.342],[130.552,48.602],[130.553,48.861],[130.196,48.892],[129.498,49.389],[129.12,49.362],[128.819,49.464],[128.704,49.6],[128,49.569],[127.711,49.672],[127.502,49.873],[127.59,50.209],[127.306,50.454],[127.307,50.708],[126.925,51.1],[126.805,51.506],[126.511,51.926],[126.313,52.4],[126.016,52.61],[126.048,52.739],[125.728,52.891],[125.649,53.042],[124.971,53.197],[124.812,53.134],[124.291,53.341],[123.608,53.547],[123.154,53.545],[122.745,53.469],[122.338,53.485],[121.405,53.317],[120.985,53.285],[120.704,53.172],[120.095,52.787],[120.068,52.633],[120.656,52.567],[120.75,52.097],[120.511,51.849],[120.067,51.601],[119.192,50.38],[119.346,50.279],[119.26,50.066],[118.756,49.963],[118.452,49.844],[117.873,49.513],[117.246,49.625],[116.683,49.824],[115.954,48.689],[115.821,48.577],[115.786,48.248],[115.525,48.131],[115.558,47.945],[115.898,47.687],[116.231,47.858],[116.761,47.87],[117.07,47.806],[117.351,47.652],[117.768,47.988],[118.147,48.029],[118.498,47.984],[118.76,47.758],[119.123,47.558],[119.711,47.15],[119.898,46.858],[119.707,46.606],[119.162,46.639],[118.844,46.76],[118.723,46.692],[118.309,46.717],[117.671,46.522],[117.406,46.571],[117.333,46.362],[116.859,46.388],[116.563,46.29],[116.213,45.887],[116.241,45.796],[115.681,45.458],[114.517,45.365],[114.419,45.203],[114.03,44.943],[113.587,44.746],[113.049,44.81],[112.597,44.918],[112.411,45.058],[111.898,45.064],[111.621,44.827],[111.402,44.367],[111.52,44.192],[111.837,43.935],[111.933,43.711],[111.547,43.496],[111.007,43.341],[110.4,42.774],[109.443,42.456],[108.687,42.416],[108.171,42.447],[106.77,42.289],[105.868,41.994],[105.197,41.738],[105.051,41.616],[104.498,41.659],[104.498,41.877],[103.711,41.751],[103.073,42.006],[102.157,42.158],[101.973,42.216],[101.714,42.466],[101.495,42.539],[101.092,42.551],[99.984,42.677],[99.468,42.568],[97.206,42.79],[96.385,42.72],[96.3,42.929],[95.913,43.206],[95.526,43.954],[95.356,44.006],[95.35,44.278],[95.05,44.259],[94.712,44.351],[94.199,44.645],[93.958,44.675],[93.656,44.901],[92.788,45.036],[92.424,45.009],[91.584,45.077],[91.05,45.217],[90.877,45.196],[90.662,45.525],[90.71,45.731],[91.002,46.036],[90.912,46.271],[91.034,46.529],[90.87,46.954],[90.716,47.004],[90.496,47.285],[90.313,47.676],[90.028,47.878],[89.778,47.827],[89.561,48.004],[89.048,48.003],[88.576,48.22],[88.517,48.384],[87.98,48.555],[88.028,48.736],[87.743,48.882],[87.814,49.162],[87.323,49.086],[86.886,49.091],[86.753,49.009],[86.718,48.697],[86.549,48.529],[85.749,48.385],[85.526,47.916],[85.657,47.255],[85.485,47.064],[85.233,47.036],[84.786,46.831],[84.667,46.972],[84.016,46.971],[83.193,47.187],[83.004,47.033],[82.555,46.159],[82.327,45.52],[82.583,45.443],[82.621,45.293],[82.479,45.124],[82.267,45.219],[81.989,45.162],[81.602,45.311],[80.853,45.129],[80.059,45.006],[79.997,44.797],[80.455,44.746],[80.336,44.438],[80.355,44.097],[80.496,43.892],[80.786,43.162],[80.39,43.043],[80.544,42.912],[80.25,42.797],[80.165,42.666],[80.209,42.19],[80.216,42.032],[79.84,41.996],[79.766,41.899],[79.294,41.783],[78.362,41.372],[78.123,41.076],[77.582,40.993],[76.987,41.039],[76.824,40.982],[76.48,40.45],[75.872,40.303],[75.656,40.329],[75.583,40.605],[75.004,40.45],[74.412,40.137],[73.992,40.043],[73.835,39.8],[73.915,39.606],[73.632,39.449],[73.607,39.229],[73.796,39.002],[73.696,38.854],[73.802,38.607],[74.026,38.54],[74.277,38.66],[74.745,38.51],[74.836,38.404],[74.79,38.104],[74.938,37.773],[74.894,37.601],[75.119,37.386],[74.891,37.232],[74.727,37.291],[74.372,37.158],[74.541,37.022],[75.347,36.913],[75.424,36.738],[75.84,36.65],[75.974,36.382],[75.945,36.018],[76.252,35.811],[76.563,35.773],[76.767,35.662],[77.446,35.476],[77.799,35.496],[78.047,35.449],[78.012,35.251],[78.282,34.654],[78.671,34.518],[78.936,34.352],[78.971,34.228],[78.753,34.088],[78.802,33.5],[79.113,33.226],[79.202,32.946],[79.219,32.501],[78.919,32.358],[78.701,32.597],[78.39,32.52],[78.496,32.216],[78.735,31.958],[78.693,31.74],[78.792,31.294],[79.107,31.403],[79.339,31.106],[79.565,30.949],[79.795,30.968],[80.194,30.759],[80.191,30.568],[80.682,30.415],[81.01,30.165],[81.255,30.093],[81.417,30.338],[81.642,30.388],[82.043,30.327],[82.159,30.115],[82.487,29.942],[82.854,29.683],[83.155,29.613],[83.583,29.184],[83.936,29.279],[84.101,29.22],[84.229,28.912],[84.714,28.596],[85.159,28.592],[85.122,28.316],[85.678,28.277],[85.954,27.928],[86.079,28.084],[86.409,27.929],[86.554,28.085],[87.02,27.929],[87.141,27.838],[87.683,27.821],[88.11,27.871],[88.109,27.933],[88.621,28.092],[88.849,27.869],[88.749,27.522],[88.891,27.316],[88.948,27.464],[89.537,28.107],[89.981,28.311],[90.348,28.244],[90.353,28.08],[90.716,28.072],[91.078,27.974],[91.226,28.071],[91.606,27.952],[91.632,27.76],[91.978,27.73],[92.101,27.808],[92.415,27.825],[92.664,27.949],[92.702,28.147],[93.119,28.402],[93.207,28.591],[93.665,28.69],[93.902,28.803],[94.293,29.145],[94.623,29.312],[94.769,29.176],[95.42,29.054],[95.516,29.206],[96.035,29.447],[96.235,29.246],[96.122,29.082],[96.162,28.91],[96.436,29.051],[96.581,28.764],[96.279,28.428],[96.603,28.46],[96.776,28.367],[97.075,28.369],[97.322,28.218],[97.538,28.51],[97.865,28.364],[98.099,28.142],[98.299,27.55],[98.504,27.648],[98.651,27.572],[98.717,27.045],[98.732,26.583],[98.655,25.918],[98.466,25.789],[98.334,25.587],[98.173,25.595],[98.011,25.293],[97.82,25.252],[97.715,25.034],[97.724,24.842],[97.583,24.775],[97.531,24.492],[97.667,24.38],[97.686,23.898],[98.213,24.111],[98.764,24.116],[98.681,23.842],[98.832,23.624],[98.864,23.191],[99.341,23.096],[99.507,22.959],[99.385,22.825],[99.338,22.498],[99.193,22.126],[99.918,22.028],[99.926,21.821],[100.215,21.463],[100.531,21.458],[100.835,21.655],[101.121,21.746],[101.139,21.567],[101.224,21.224],[101.542,21.234],[101.705,21.15],[101.737,21.827],[101.603,21.99],[101.525,22.254],[101.671,22.462],[101.842,22.388],[102.127,22.379],[102.428,22.733],[102.517,22.741],[103.005,22.453],[103.356,22.755],[103.471,22.597],[103.62,22.782],[103.915,22.538],[104.054,22.752],[104.213,22.809],[104.372,22.704],[104.796,22.911],[104.865,23.136],[105.275,23.345],[105.548,23.073],[105.843,22.923],[106.148,22.97],[106.249,22.869],[106.542,22.908],[106.78,22.779],[106.582,22.573],[106.536,22.395],[106.729,22],[107.006,21.893],[107.351,21.609],[107.802,21.645],[107.973,21.508]]],[[[110.889,19.992],[110.679,20.137],[110.588,19.976],[110.418,20.055],[110.172,20.054],[109.906,19.963],[109.651,19.984],[109.219,19.843],[109.179,19.674],[108.694,19.338],[108.636,18.908],[108.702,18.535],[109.03,18.368],[109.519,18.218],[109.703,18.259],[109.816,18.397],[110.451,18.748],[110.572,19.172],[110.822,19.558],[111.014,19.655],[110.889,19.992]]]]}},{"type":"Feature","id":"ne50m:CIV","properties":{"boundaryId":"ne50m:CIV","nodeId":"geo:ci","bounds":[-8.604,4.351,-2.506,10.724]},"geometry":{"type":"Polygon","coordinates":[[[-7.991,10.163],[-8.137,10.022],[-8.137,9.496],[-7.896,9.416],[-7.951,8.787],[-7.784,8.721],[-7.691,8.563],[-7.824,8.468],[-8.237,8.456],[-8.256,8.254],[-8.017,8.145],[-8.232,7.557],[-8.486,7.558],[-8.297,7.074],[-8.333,6.802],[-8.604,6.508],[-8.204,6.291],[-7.889,6.235],[-7.797,5.975],[-7.454,5.841],[-7.4,5.551],[-7.43,5.325],[-7.569,5.081],[-7.591,4.822],[-7.545,4.351],[-7.426,4.376],[-6.845,4.671],[-5.914,5.011],[-5.565,5.089],[-4.9,5.138],[-4.037,5.23],[-3.348,5.131],[-3.169,5.203],[-3.019,5.131],[-2.795,5.185],[-2.794,5.6],[-2.962,5.643],[-3.201,6.348],[-3.236,6.807],[-2.986,7.205],[-2.959,7.455],[-2.79,7.932],[-2.506,8.209],[-2.6,8.8],[-2.747,9.11],[-2.696,9.481],[-2.817,9.426],[-2.988,9.687],[-3.224,9.895],[-3.581,9.924],[-3.878,9.895],[-4.267,9.743],[-4.332,9.646],[-4.626,9.714],[-4.97,9.93],[-5.1,10.242],[-5.382,10.314],[-5.524,10.426],[-5.844,10.39],[-6.035,10.195],[-6.191,10.4],[-6.261,10.724],[-6.565,10.586],[-6.693,10.349],[-6.95,10.342],[-7.105,10.204],[-7.363,10.259],[-7.498,10.44],[-7.661,10.427],[-7.814,10.237],[-7.991,10.163]]]}},{"type":"Feature","id":"ne50m:CMR","properties":{"boundaryId":"ne50m:CMR","nodeId":"geo:cm","bounds":[8.533,1.676,16.183,13.079]},"geometry":{"type":"Polygon","coordinates":[[[8.556,4.755],[8.533,4.606],[8.762,4.58],[8.903,4.435],[9,4.092],[9.425,3.922],[9.556,3.798],[9.672,3.538],[9.876,3.31],[9.948,3.079],[9.885,2.917],[9.801,2.304],[9.98,2.168],[11.329,2.167],[11.348,2.3],[12.361,2.296],[12.867,2.247],[13.22,2.256],[13.294,2.162],[14.484,2.155],[14.579,2.199],[14.902,2.012],[15.204,2.024],[15.339,1.945],[15.742,1.915],[16.059,1.676],[16.136,1.724],[16.08,2.107],[16.183,2.27],[16.107,2.473],[16.063,2.909],[15.905,3.096],[15.775,3.127],[15.129,3.827],[15.137,4.069],[15.023,4.359],[14.709,4.666],[14.641,5.179],[14.563,5.28],[14.617,5.496],[14.617,5.865],[14.431,6.039],[14.512,6.162],[14.739,6.28],[14.862,6.556],[15.035,6.784],[15.246,7.264],[15.48,7.524],[15.55,7.788],[15.443,7.852],[15.252,8.322],[15.116,8.557],[14.332,9.204],[14.005,9.589],[13.977,9.692],[14.243,9.98],[14.836,9.942],[15.193,9.981],[15.541,9.96],[15.532,10.088],[15.276,10.357],[15.069,10.851],[15.03,11.114],[15.122,11.541],[15.081,11.846],[14.881,12.269],[14.761,12.656],[14.545,12.82],[14.516,12.98],[14.064,13.079],[14.197,12.384],[14.519,12.298],[14.627,12.109],[14.56,11.492],[14.202,11.268],[13.892,11.14],[13.535,10.605],[13.415,10.171],[13.27,10.036],[13.175,9.54],[12.929,9.426],[12.807,8.887],[12.583,8.624],[12.404,8.596],[12.233,8.282],[12.156,7.942],[12.016,7.59],[11.767,7.272],[11.861,7.116],[11.58,6.889],[11.552,6.697],[11.325,6.485],[11.153,6.438],[11.033,6.698],[10.606,7.063],[10.482,6.891],[10.205,6.892],[10.144,6.996],[9.78,6.76],[9.66,6.532],[9.373,6.32],[9.06,6.009],[8.935,5.781],[8.801,5.197],[8.556,4.755]]]}},{"type":"Feature","id":"ne50m:COD","properties":{"boundaryId":"ne50m:COD","nodeId":"geo:cd","bounds":[12.214,-13.414,31.253,5.312]},"geometry":{"type":"Polygon","coordinates":[[[30.751,-8.194],[30.407,-7.461],[30.313,-7.204],[30.106,-6.915],[29.71,-6.617],[29.541,-6.314],[29.48,-6.025],[29.594,-5.651],[29.343,-4.983],[29.326,-4.836],[29.403,-4.449],[29.331,-4.095],[29.223,-3.911],[29.224,-3.054],[29.014,-2.72],[28.922,-2.682],[28.876,-2.4],[29.106,-2.233],[29.129,-1.86],[29.352,-1.518],[29.577,-1.388],[29.562,-0.977],[29.718,0.098],[29.934,0.499],[29.943,0.819],[30.183,0.973],[30.321,1.185],[30.478,1.239],[30.943,1.683],[31.253,2.045],[31.176,2.27],[30.962,2.403],[30.729,2.455],[30.847,2.847],[30.754,3.042],[30.906,3.409],[30.839,3.491],[30.757,3.624],[30.559,3.653],[30.508,3.836],[30.195,3.982],[29.87,4.327],[29.677,4.587],[29.47,4.612],[29.151,4.388],[28.727,4.505],[28.428,4.324],[28.192,4.35],[27.788,4.645],[27.664,4.846],[27.403,5.109],[27.115,5.198],[26.822,5.062],[26.174,5.171],[25.525,5.312],[25.4,5.256],[25.249,5.025],[24.766,4.93],[24.32,4.994],[23.417,4.663],[23.116,4.737],[22.756,4.647],[22.506,4.208],[22.422,4.135],[21.908,4.254],[21.538,4.245],[21.23,4.302],[20.956,4.413],[20.558,4.463],[20.226,4.83],[19.807,5.089],[19.501,5.127],[19.069,4.891],[18.832,4.523],[18.567,4.258],[18.634,3.954],[18.61,3.478],[18.622,3.304],[18.491,2.924],[18.212,2.415],[18.072,2.013],[18.058,1.535],[17.902,1.118],[17.925,0.537],[17.888,0.234],[17.724,-0.278],[17.753,-0.549],[17.279,-1],[16.88,-1.226],[16.541,-1.84],[16.215,-2.178],[16.192,-2.279],[16.217,-3.03],[16.147,-3.464],[15.872,-3.934],[15.6,-4.031],[15.106,-4.461],[14.708,-4.882],[14.411,-4.831],[14.365,-4.586],[14.45,-4.45],[14.358,-4.299],[13.941,-4.485],[13.717,-4.454],[13.685,-4.689],[13.415,-4.837],[13.073,-4.635],[12.83,-4.737],[12.574,-4.997],[12.522,-5.149],[12.504,-5.696],[12.214,-5.759],[12.412,-5.986],[12.681,-5.961],[12.792,-5.878],[13.068,-5.865],[13.979,-5.857],[14.399,-5.893],[15.727,-5.864],[16.315,-5.866],[16.537,-5.966],[16.718,-6.241],[16.743,-6.618],[16.919,-6.934],[16.985,-7.257],[17.155,-7.461],[17.536,-8.076],[17.913,-8.068],[18.653,-7.936],[18.898,-7.998],[19.341,-7.967],[19.372,-7.655],[19.48,-7.472],[19.528,-7.144],[19.875,-6.986],[20.482,-6.916],[20.608,-7.278],[21.751,-7.305],[21.842,-7.421],[21.78,-7.865],[21.801,-8.112],[21.896,-8.341],[21.905,-8.693],[21.813,-9.469],[21.949,-9.726],[22.198,-10.041],[22.302,-10.397],[22.28,-10.784],[22.178,-10.892],[22.279,-11.194],[22.561,-11.056],[23.157,-11.075],[23.4,-10.976],[23.834,-11.014],[23.967,-10.872],[24.137,-11.026],[24.32,-11.072],[24.519,-11.438],[24.668,-11.353],[25.185,-11.243],[25.349,-11.623],[26.026,-11.89],[26.596,-11.972],[26.95,-11.899],[27.046,-11.616],[27.196,-11.605],[27.238,-11.783],[27.424,-11.945],[27.533,-12.195],[27.857,-12.285],[28.358,-12.482],[28.551,-12.836],[28.673,-12.861],[29.014,-13.369],[29.202,-13.398],[29.554,-13.249],[29.652,-13.414],[29.795,-13.393],[29.795,-12.155],[29.56,-12.202],[29.428,-12.431],[29.064,-12.349],[28.85,-12.121],[28.483,-11.812],[28.357,-11.483],[28.544,-10.802],[28.639,-10.669],[28.607,-10.397],[28.63,-9.831],[28.541,-9.51],[28.401,-9.225],[28.617,-9.072],[28.918,-8.701],[28.972,-8.465],[30.751,-8.194]]]}},{"type":"Feature","id":"ne50m:COG","properties":{"boundaryId":"ne50m:COG","nodeId":"geo:cg","bounds":[11.13,-5.004,18.622,3.685]},"geometry":{"type":"Polygon","coordinates":[[[11.13,-3.916],[11.778,-4.566],[11.781,-4.677],[12.018,-5.004],[12.385,-4.619],[12.881,-4.445],[13.073,-4.635],[13.415,-4.837],[13.685,-4.689],[13.717,-4.454],[13.941,-4.485],[14.358,-4.299],[14.45,-4.45],[14.365,-4.586],[14.411,-4.831],[14.708,-4.882],[15.106,-4.461],[15.6,-4.031],[15.872,-3.934],[16.147,-3.464],[16.217,-3.03],[16.192,-2.279],[16.215,-2.178],[16.541,-1.84],[16.88,-1.226],[17.279,-1],[17.753,-0.549],[17.724,-0.278],[17.888,0.234],[17.925,0.537],[17.902,1.118],[18.058,1.535],[18.072,2.013],[18.212,2.415],[18.491,2.924],[18.622,3.304],[18.61,3.478],[18.474,3.623],[18.161,3.5],[17.438,3.685],[17.003,3.557],[16.673,3.535],[16.57,3.463],[16.496,3.209],[16.469,2.832],[16.183,2.27],[16.08,2.107],[16.136,1.724],[16.059,1.676],[15.742,1.915],[15.339,1.945],[15.204,2.024],[14.902,2.012],[14.579,2.199],[14.484,2.155],[13.294,2.162],[13.163,1.648],[13.274,1.241],[13.851,1.419],[14.181,1.37],[14.386,1.004],[14.434,0.811],[14.324,0.624],[14.088,0.537],[13.885,0.191],[13.86,-0.203],[14.069,-0.27],[14.481,-0.618],[14.411,-0.972],[14.456,-1.413],[14.384,-1.89],[14.251,-2.001],[14.087,-2.467],[13.887,-2.465],[13.784,-2.164],[13.465,-2.395],[12.992,-2.313],[12.794,-1.932],[12.59,-1.827],[12.432,-1.929],[12.446,-2.33],[12.064,-2.413],[11.95,-2.345],[11.575,-2.397],[11.603,-2.595],[11.538,-2.837],[11.76,-2.983],[11.715,-3.177],[11.934,-3.319],[11.686,-3.682],[11.504,-3.52],[11.288,-3.641],[11.13,-3.916]]]}},{"type":"Feature","id":"ne50m:COK","properties":{"boundaryId":"ne50m:COK","nodeId":"geo:ck","bounds":[-159.84,-21.249,-159.741,-21.188]},"geometry":{"type":"Polygon","coordinates":[[[-159.741,-21.249],[-159.768,-21.188],[-159.832,-21.2],[-159.84,-21.238],[-159.741,-21.249]]]}},{"type":"Feature","id":"ne50m:COL","properties":{"boundaryId":"ne50m:COL","nodeId":"geo:co","bounds":[-79.025,-4.236,-66.876,12.432]},"geometry":{"type":"Polygon","coordinates":[[[-71.32,11.862],[-71.137,12.046],[-71.262,12.335],[-71.494,12.432],[-71.715,12.42],[-72.136,12.189],[-72.275,11.889],[-72.722,11.712],[-73.313,11.296],[-73.796,11.276],[-74.059,11.341],[-74.2,11.266],[-74.35,10.814],[-74.454,10.989],[-74.845,11.11],[-75.446,10.611],[-75.554,10.328],[-75.671,10.196],[-75.593,9.993],[-75.68,9.73],[-75.639,9.45],[-75.905,9.431],[-76.135,9.266],[-76.277,8.989],[-76.689,8.695],[-76.888,8.62],[-76.772,8.311],[-76.852,8.09],[-77.374,8.658],[-77.407,8.427],[-77.212,8.034],[-77.351,7.706],[-77.587,7.543],[-77.744,7.537],[-77.901,7.229],[-77.804,7.137],[-77.526,6.693],[-77.36,6.504],[-77.469,6.177],[-77.249,5.78],[-77.534,5.537],[-77.402,5.416],[-77.339,4.839],[-77.286,4.722],[-77.427,4.06],[-77.167,3.862],[-77.243,3.585],[-77.67,2.879],[-78.12,2.488],[-78.296,2.51],[-78.535,2.424],[-78.617,2.307],[-78.577,1.774],[-78.793,1.849],[-79.025,1.624],[-78.86,1.455],[-78.682,1.283],[-78.312,1.046],[-77.468,0.637],[-77.423,0.425],[-76.92,0.269],[-76.495,0.235],[-76.311,0.448],[-76.068,0.346],[-75.88,0.151],[-75.284,-0.107],[-75.138,-0.05],[-74.802,-0.2],[-74.418,-0.581],[-74.246,-0.971],[-74.054,-1.029],[-73.863,-1.197],[-73.664,-1.249],[-73.494,-1.537],[-73.496,-1.693],[-73.197,-1.83],[-73.127,-2.081],[-73.154,-2.278],[-72.887,-2.408],[-72.625,-2.352],[-72.396,-2.429],[-71.984,-2.327],[-71.753,-2.153],[-71.397,-2.334],[-70.915,-2.219],[-70.096,-2.658],[-70.074,-2.75],[-70.735,-3.782],[-70.53,-3.866],[-70.34,-3.814],[-69.966,-4.236],[-69.669,-2.668],[-69.4,-1.195],[-69.544,-0.917],[-69.667,-0.482],[-69.923,-0.317],[-70.071,-0.139],[-70.054,0.579],[-69.807,0.607],[-69.472,0.73],[-69.174,0.635],[-69.163,0.864],[-69.361,1.064],[-69.852,1.06],[-69.849,1.709],[-69.581,1.771],[-69.32,1.721],[-68.177,1.72],[-67.815,1.79],[-67.5,2.108],[-67.352,2.086],[-67.09,1.616],[-67.094,1.21],[-66.876,1.223],[-66.884,1.358],[-67.211,2.39],[-67.597,2.769],[-67.835,2.893],[-67.354,3.323],[-67.311,3.416],[-67.662,3.864],[-67.855,4.507],[-67.814,4.931],[-67.825,5.27],[-67.642,5.559],[-67.631,5.709],[-67.439,6.026],[-67.568,6.242],[-67.859,6.29],[-68.143,6.198],[-68.472,6.157],[-69.09,6.184],[-69.268,6.1],[-69.439,6.135],[-70.095,6.938],[-70.387,6.973],[-70.655,7.083],[-71.013,6.994],[-71.621,7.033],[-71.893,6.99],[-72.084,7.097],[-72.208,7.37],[-72.443,7.455],[-72.479,7.613],[-72.446,7.966],[-72.358,8.087],[-72.417,8.382],[-72.665,8.628],[-72.796,9.109],[-73.058,9.26],[-73.356,9.227],[-73.007,9.789],[-72.869,10.491],[-72.69,10.836],[-72.446,11.114],[-72.248,11.196],[-71.958,11.666],[-71.32,11.862]]]}},{"type":"Feature","id":"ne50m:COM","properties":{"boundaryId":"ne50m:COM","nodeId":"geo:km","bounds":[43.227,-11.901,43.466,-11.614]},"geometry":{"type":"Polygon","coordinates":[[[43.466,-11.901],[43.379,-11.614],[43.227,-11.752],[43.466,-11.901]]]}},{"type":"Feature","id":"ne50m:CPV","properties":{"boundaryId":"ne50m:CPV","nodeId":"geo:cv","bounds":[-25.337,14.961,-22.71,17.194]},"geometry":{"type":"MultiPolygon","coordinates":[[[[-25.17,16.946],[-24.98,17.095],[-25.113,17.194],[-25.337,17.091],[-25.17,16.946]]],[[[-23.444,15.008],[-23.701,15.272],[-23.785,15.077],[-23.705,14.961],[-23.444,15.008]]],[[[-22.918,16.237],[-22.959,16.045],[-22.71,16.043],[-22.749,16.222],[-22.918,16.237]]]]}},{"type":"Feature","id":"ne50m:CRI","properties":{"boundaryId":"ne50m:CRI","nodeId":"geo:cr","bounds":[-85.908,8.071,-82.564,11.184]},"geometry":{"type":"Polygon","coordinates":[[[-82.564,9.577],[-82.778,9.67],[-83.029,9.991],[-83.125,10.042],[-83.448,10.466],[-83.642,10.917],[-83.811,10.743],[-84.168,10.78],[-84.348,10.98],[-84.701,11.052],[-84.909,10.945],[-85.621,11.184],[-85.744,11.062],[-85.908,10.898],[-85.667,10.745],[-85.663,10.635],[-85.831,10.398],[-85.796,10.133],[-85.625,9.902],[-85.315,9.811],[-85.115,9.582],[-84.886,9.821],[-84.715,9.899],[-84.659,9.647],[-84.483,9.526],[-84.222,9.463],[-83.896,9.276],[-83.637,9.035],[-83.614,8.804],[-83.734,8.614],[-83.544,8.446],[-83.422,8.619],[-83.162,8.588],[-83.123,8.353],[-82.879,8.071],[-82.998,8.368],[-82.862,8.454],[-82.917,8.74],[-82.741,8.952],[-82.94,9.06],[-82.94,9.449],[-82.801,9.592],[-82.564,9.577]]]}},{"type":"Feature","id":"ne50m:CUB","properties":{"boundaryId":"ne50m:CUB","nodeId":"geo:cu","bounds":[-84.501,19.855,-74.167,23.19]},"geometry":{"type":"MultiPolygon","coordinates":[[[[-81.837,23.163],[-82.101,23.19],[-82.666,23.044],[-83.258,22.968],[-84.045,22.666],[-84.361,22.379],[-84.326,22.074],[-84.501,21.93],[-84.449,21.792],[-84.031,21.943],[-83.901,22.17],[-83.38,22.223],[-82.738,22.689],[-81.903,22.679],[-81.757,22.467],[-82.078,22.388],[-81.816,22.2],[-81.441,22.184],[-80.962,22.053],[-80.499,22.064],[-80.231,21.872],[-79.91,21.743],[-79.274,21.563],[-78.823,21.619],[-78.636,21.516],[-78.491,21.054],[-77.997,20.715],[-77.23,20.644],[-77.108,20.492],[-77.213,20.3],[-77.554,20.082],[-77.715,19.855],[-76.999,19.893],[-76.158,19.99],[-75.765,19.96],[-75.552,19.891],[-75.116,19.901],[-74.635,20.058],[-74.253,20.08],[-74.167,20.292],[-74.513,20.385],[-74.883,20.651],[-75.213,20.714],[-75.643,20.733],[-75.596,20.995],[-75.723,21.111],[-76.074,21.133],[-76.259,21.227],[-76.647,21.285],[-77.497,21.872],[-77.545,21.775],[-77.865,21.901],[-78.143,22.109],[-78.686,22.367],[-79.276,22.408],[-79.549,22.578],[-79.677,22.743],[-80.075,22.942],[-80.365,22.943],[-80.65,23.103],[-81.179,23.06],[-81.272,23.129],[-81.837,23.163]]],[[[-82.562,21.572],[-82.715,21.89],[-82.991,21.943],[-83.083,21.791],[-82.853,21.444],[-82.562,21.572]]]]}},{"type":"Feature","id":"ne50m:CUW","properties":{"boundaryId":"ne50m:CUW","nodeId":"geo:cw","bounds":[-69.154,12.045,-68.751,12.342]},"geometry":{"type":"Polygon","coordinates":[[[-68.751,12.06],[-68.827,12.159],[-69.013,12.231],[-69.077,12.342],[-69.154,12.298],[-68.995,12.142],[-68.803,12.045],[-68.751,12.06]]]}},{"type":"Feature","id":"ne50m:CXR","properties":{"boundaryId":"ne50m:CXR","nodeId":"geo:cx","bounds":[105.584,-10.564,105.725,-10.431]},"geometry":{"type":"Polygon","coordinates":[[[105.725,-10.493],[105.705,-10.431],[105.584,-10.512],[105.697,-10.564],[105.725,-10.493]]]}},{"type":"Feature","id":"ne50m:CYM","properties":{"boundaryId":"ne50m:CYM","nodeId":"geo:ky","bounds":[-81.37,19.272,-81.13,19.363]},"geometry":{"type":"Polygon","coordinates":[[[-81.37,19.349],[-81.304,19.272],[-81.13,19.347],[-81.285,19.363],[-81.37,19.349]]]}},{"type":"Feature","id":"ne50m:CYN","properties":{"boundaryId":"ne50m:CYN","nodeId":null,"bounds":[32.713,35.039,34.063,35.474]},"geometry":{"type":"Polygon","coordinates":[[[34.004,35.065],[33.942,35.292],[34.063,35.474],[33.459,35.336],[32.942,35.39],[32.88,35.181],[32.713,35.171],[32.92,35.088],[33.384,35.163],[33.526,35.039],[34.004,35.065]]]}},{"type":"Feature","id":"ne50m:CYP","properties":{"boundaryId":"ne50m:CYP","nodeId":"geo:cy","bounds":[32.317,34.576,34.004,35.171]},"geometry":{"type":"Polygon","coordinates":[[[32.713,35.171],[32.556,35.156],[32.317,34.953],[32.449,34.729],[32.942,34.576],[33.116,34.696],[33.514,34.806],[33.699,34.97],[34.004,35.065],[33.526,35.039],[33.384,35.163],[32.92,35.088],[32.713,35.171]]]}},{"type":"Feature","id":"ne50m:CZE","properties":{"boundaryId":"ne50m:CZE","nodeId":"geo:cz","bounds":[12.277,48.599,18.832,51.014]},"geometry":{"type":"Polygon","coordinates":[[[18.832,49.511],[18.562,49.879],[18.028,50.035],[17.875,49.972],[17.152,50.378],[16.679,50.097],[16.007,50.612],[15.354,50.812],[15.259,50.959],[14.994,51.014],[14.809,50.859],[14.507,51.01],[14.369,50.899],[13.527,50.693],[13.473,50.617],[12.453,50.35],[12.277,50.181],[12.458,49.956],[12.391,49.74],[12.632,49.461],[13.548,48.96],[13.815,48.767],[14.049,48.602],[14.691,48.599],[14.923,48.771],[14.972,48.984],[15.311,48.974],[16.057,48.755],[16.478,48.8],[16.884,48.704],[16.953,48.599],[17.188,48.861],[17.758,48.888],[18.086,49.065],[18.161,49.257],[18.596,49.491],[18.832,49.511]]]}},{"type":"Feature","id":"ne50m:DEU","properties":{"boundaryId":"ne50m:DEU","nodeId":"geo:de","bounds":[5.895,47.313,15.017,54.903]},"geometry":{"type":"MultiPolygon","coordinates":[[[[9.524,47.524],[9.749,47.576],[10.313,47.313],[10.43,47.541],[10.873,47.52],[10.981,47.398],[11.298,47.425],[11.717,47.583],[12.686,47.669],[13.014,47.478],[12.954,47.891],[12.814,48.161],[13.409,48.394],[13.487,48.582],[13.785,48.587],[13.815,48.767],[13.548,48.96],[12.632,49.461],[12.391,49.74],[12.458,49.956],[12.277,50.181],[12.453,50.35],[13.473,50.617],[13.527,50.693],[14.369,50.899],[14.507,51.01],[14.809,50.859],[15.017,51.253],[14.602,51.832],[14.753,52.082],[14.555,52.36],[14.619,52.529],[14.129,52.878],[14.369,53.106],[14.415,53.283],[14.259,53.73],[13.866,53.853],[13.724,54.153],[13.448,54.141],[13.029,54.411],[12.575,54.467],[12.111,54.168],[11.796,54.145],[11.4,53.945],[10.811,54.075],[11.009,54.181],[10.36,54.438],[9.74,54.826],[9.342,54.806],[8.67,54.903],[8.957,54.538],[8.648,54.398],[8.907,54.261],[8.898,53.836],[8.619,53.875],[8.538,53.557],[8.009,53.691],[7.285,53.681],[7.053,53.376],[7.197,53.282],[7.19,53],[7.013,52.634],[6.749,52.464],[7.035,52.38],[6.977,52.206],[6.749,52.099],[6.742,51.911],[5.949,51.762],[6.193,51.489],[5.895,50.984],[5.994,50.75],[6.236,50.597],[6.364,50.316],[6.117,50.121],[6.256,49.872],[6.487,49.798],[6.344,49.453],[6.735,49.161],[7.451,49.152],[7.611,49.062],[8.135,48.974],[7.838,48.636],[7.584,48.064],[7.529,47.674],[7.616,47.593],[8.198,47.607],[8.618,47.766],[8.881,47.656],[9.183,47.671],[9.524,47.524]]],[[[13.709,54.383],[13.423,54.699],[13.177,54.544],[13.19,54.326],[13.364,54.246],[13.709,54.383]]]]}},{"type":"Feature","id":"ne50m:DJI","properties":{"boundaryId":"ne50m:DJI","nodeId":"geo:dj","bounds":[41.767,10.941,43.41,12.709]},"geometry":{"type":"Polygon","coordinates":[[[43.246,11.5],[43.162,11.566],[42.64,11.56],[42.799,11.739],[43.272,11.97],[43.41,12.19],[43.299,12.464],[43.117,12.709],[42.883,12.621],[42.67,12.377],[42.479,12.514],[42.379,12.466],[41.767,11.589],[41.798,10.98],[41.957,10.941],[42.558,11.081],[42.923,10.999],[43.246,11.5]]]}},{"type":"Feature","id":"ne50m:DMA","properties":{"boundaryId":"ne50m:DMA","nodeId":"geo:dm","bounds":[-61.481,15.227,-61.282,15.585]},"geometry":{"type":"Polygon","coordinates":[[[-61.282,15.249],[-61.32,15.585],[-61.481,15.525],[-61.375,15.227],[-61.282,15.249]]]}},{"type":"Feature","id":"ne50m:DNK","properties":{"boundaryId":"ne50m:DNK","nodeId":"geo:dk","bounds":[8.121,54.629,15.133,57.617]},"geometry":{"type":"MultiPolygon","coordinates":[[[[12.569,55.785],[12.579,56.064],[12.219,56.119],[11.866,55.968],[11.475,55.943],[11.322,55.753],[10.979,55.722],[11.286,55.204],[11.654,55.187],[11.741,54.915],[12.05,54.815],[12.09,55.188],[12.413,55.286],[12.215,55.467],[12.571,55.685],[12.569,55.785]]],[[[9.74,54.826],[9.645,55.023],[9.591,55.493],[10.183,55.865],[10.319,56.213],[10.856,56.296],[10.846,56.522],[10.49,56.521],[10.283,56.621],[10.296,56.999],[10.524,57.243],[10.537,57.449],[10.259,57.617],[9.962,57.581],[9.554,57.232],[9.299,57.147],[8.619,57.111],[8.284,56.852],[8.553,56.56],[8.164,56.607],[8.121,56.14],[8.202,55.982],[8.132,55.6],[8.616,55.418],[8.67,54.903],[9.342,54.806],[9.74,54.826]]],[[[10.645,55.61],[10.286,55.611],[9.861,55.515],[9.989,55.163],[10.443,55.049],[10.785,55.133],[10.819,55.322],[10.645,55.61]]],[[[11.361,54.892],[11.036,54.773],[11.457,54.629],[11.74,54.807],[11.361,54.892]]],[[[15.088,55.022],[15.133,55.145],[14.765,55.297],[14.684,55.102],[15.088,55.022]]]]}},{"type":"Feature","id":"ne50m:DOM","properties":{"boundaryId":"ne50m:DOM","nodeId":"geo:do","bounds":[-72,17.646,-68.359,19.914]},"geometry":{"type":"Polygon","coordinates":[[[-71.768,18.039],[-71.632,17.774],[-71.396,17.646],[-71.106,18.07],[-71.028,18.273],[-70.645,18.336],[-70.48,18.217],[-70.183,18.252],[-69.771,18.444],[-68.935,18.408],[-68.659,18.222],[-68.359,18.538],[-68.381,18.671],[-68.685,18.905],[-68.901,18.988],[-69.624,19.118],[-69.323,19.201],[-69.325,19.328],[-69.739,19.299],[-69.957,19.672],[-70.129,19.636],[-70.436,19.771],[-70.636,19.776],[-70.954,19.914],[-71.236,19.848],[-71.558,19.895],[-71.779,19.718],[-71.657,19.131],[-71.807,18.987],[-71.743,18.733],[-72,18.598],[-71.762,18.341],[-71.768,18.039]]]}},{"type":"Feature","id":"ne50m:DZA","properties":{"boundaryId":"ne50m:DZA","nodeId":"geo:dz","bounds":[-8.683,18.988,11.968,37.086]},"geometry":{"type":"Polygon","coordinates":[[[8.577,36.937],[7.91,36.856],[7.608,37],[6.928,36.919],[6.487,37.086],[6.065,36.864],[5.725,36.8],[5.425,36.675],[5.196,36.677],[4.758,36.896],[3.779,36.896],[3.521,36.795],[2.973,36.784],[2.593,36.601],[1.257,36.52],[0.515,36.262],[0.152,36.063],[0.048,35.901],[-0.189,35.819],[-0.426,35.862],[-0.917,35.668],[-1.336,35.364],[-1.913,35.094],[-2.22,35.104],[-2.132,34.971],[-1.796,34.752],[-1.85,34.607],[-1.707,34.176],[-1.703,33.717],[-1.631,33.567],[-1.679,33.319],[-1.51,32.878],[-1.066,32.468],[-1.24,32.338],[-1.275,32.089],[-2.448,32.13],[-2.931,32.043],[-3.017,31.834],[-3.44,31.705],[-3.827,31.662],[-3.833,31.198],[-3.673,31.111],[-3.702,30.944],[-3.985,30.914],[-4.323,30.699],[-4.968,30.465],[-5.18,30.166],[-5.449,29.957],[-5.775,29.869],[-6.501,29.809],[-6.635,29.569],[-7.095,29.625],[-7.486,29.392],[-7.685,29.35],[-8.66,28.719],[-8.683,28.621],[-8.683,27.656],[-8.683,27.286],[-7.367,26.512],[-6.239,25.848],[-4.823,24.996],[-3.258,23.981],[-2.275,23.339],[-1.293,22.697],[-0.311,22.054],[1.146,21.102],[1.166,20.817],[1.611,20.556],[1.685,20.378],[1.929,20.273],[2.219,20.248],[2.406,20.064],[2.866,19.956],[3.204,19.79],[3.256,19.411],[3.106,19.15],[3.401,18.988],[4.228,19.143],[5.748,19.434],[5.837,19.479],[6.989,20.471],[7.482,20.873],[8.343,21.381],[9.379,21.991],[10.932,22.907],[11.968,23.518],[11.537,24.291],[10.686,24.551],[10.439,24.48],[10.256,24.591],[10.028,25.051],[10.001,25.332],[9.448,26.067],[9.491,26.334],[9.859,26.552],[9.894,26.848],[9.748,27.331],[9.916,27.786],[9.816,28.56],[9.843,28.967],[9.673,29.567],[9.31,30.115],[9.519,30.229],[9.044,32.072],[8.333,32.544],[8.211,32.927],[8.076,33.089],[7.763,33.233],[7.5,33.832],[7.514,34.081],[7.838,34.41],[8.123,34.564],[8.246,34.734],[8.277,34.979],[8.394,35.204],[8.316,35.403],[8.246,35.871],[8.349,36.368],[8.231,36.545],[8.577,36.937]]]}},{"type":"Feature","id":"ne50m:ECU","properties":{"boundaryId":"ne50m:ECU","nodeId":"geo:ec","bounds":[-91.458,-4.991,-75.25,1.455]},"geometry":{"type":"MultiPolygon","coordinates":[[[[-75.284,-0.107],[-75.88,0.151],[-76.068,0.346],[-76.311,0.448],[-76.495,0.235],[-76.92,0.269],[-77.423,0.425],[-77.468,0.637],[-78.312,1.046],[-78.682,1.283],[-78.86,1.455],[-78.9,1.206],[-79.741,0.98],[-80.088,0.785],[-80.025,0.41],[-80.046,0.155],[-80.133,-0.006],[-80.482,-0.368],[-80.455,-0.585],[-80.554,-0.848],[-80.841,-0.975],[-80.902,-1.079],[-80.801,-1.383],[-80.835,-1.632],[-80.763,-1.823],[-80.77,-2.077],[-80.963,-2.189],[-80.839,-2.349],[-80.685,-2.397],[-80.45,-2.626],[-80.285,-2.707],[-80.127,-2.528],[-79.73,-2.579],[-79.922,-3.09],[-80.027,-3.228],[-80.325,-3.388],[-80.274,-3.425],[-80.179,-3.878],[-80.303,-4.005],[-80.51,-4.07],[-80.488,-4.394],[-80.383,-4.464],[-80.14,-4.296],[-79.797,-4.476],[-79.639,-4.455],[-79.331,-4.928],[-79.076,-4.991],[-78.862,-4.665],[-78.686,-4.562],[-78.679,-4.326],[-78.42,-3.777],[-78.347,-3.431],[-78.183,-3.35],[-77.861,-2.982],[-76.679,-2.563],[-76.09,-2.133],[-75.571,-1.531],[-75.42,-0.962],[-75.25,-0.952],[-75.263,-0.555],[-75.425,-0.409],[-75.476,-0.157],[-75.284,-0.107]]],[[[-90.335,-0.772],[-90.193,-0.659],[-90.269,-0.485],[-90.47,-0.517],[-90.542,-0.676],[-90.335,-0.772]]],[[[-91.272,0.025],[-91.429,-0.023],[-91.369,-0.287],[-91.25,-0.374],[-91.145,-0.623],[-91.458,-0.8],[-91.372,-1.017],[-91.131,-1.02],[-90.906,-0.941],[-90.8,-0.752],[-90.959,-0.595],[-90.976,-0.417],[-91.176,-0.223],[-91.272,0.025]]]]}},{"type":"Feature","id":"ne50m:EGY","properties":{"boundaryId":"ne50m:EGY","nodeId":"geo:eg","bounds":[24.726,21.995,36.871,31.655]},"geometry":{"type":"Polygon","coordinates":[[[36.871,21.997],[36.83,22.098],[36.415,22.394],[36.23,22.629],[35.913,22.74],[35.698,22.946],[35.523,23.443],[35.504,23.779],[35.625,24.066],[35.478,24.155],[35.194,24.475],[34.565,25.691],[34.329,26.024],[34.05,26.551],[33.959,26.649],[33.893,27.049],[33.55,27.607],[33.547,27.898],[33.202,28.208],[32.898,28.565],[32.632,28.992],[32.565,29.386],[32.36,29.631],[32.566,29.974],[32.721,29.522],[33.076,29.073],[33.248,28.568],[33.594,28.256],[33.76,28.048],[34.045,27.829],[34.22,27.764],[34.4,28.016],[34.446,28.357],[34.617,28.758],[34.736,29.271],[34.904,29.477],[34.659,30.191],[34.245,31.208],[34.198,31.323],[33.667,31.13],[33.13,31.168],[32.603,31.069],[32.324,31.256],[32.102,31.093],[32.008,31.221],[31.771,31.293],[31.889,31.541],[31.524,31.458],[31.194,31.588],[31.002,31.463],[30.7,31.404],[30.395,31.458],[30.223,31.258],[29.93,31.227],[29.592,31.012],[29.072,30.83],[28.515,31.05],[27.968,31.097],[27.83,31.195],[27.54,31.213],[27.248,31.378],[25.893,31.621],[25.382,31.513],[25.15,31.655],[24.853,31.335],[24.974,30.777],[24.878,30.458],[24.726,30.251],[24.98,29.182],[24.98,27.61],[24.98,26.038],[24.98,24.691],[24.98,23.568],[24.98,21.996],[26.126,21.996],[28.036,21.995],[29.565,21.995],[31.434,21.996],[32.606,21.996],[34.575,21.996],[35.887,21.997],[36.871,21.997]]]}},{"type":"Feature","id":"ne50m:ENG","properties":{"boundaryId":"ne50m:ENG","nodeId":"geo:gb","bounds":[-5.342,50.021,1.747,55.808]},"geometry":{"type":"Polygon","coordinates":[[[-2.668,51.623],[-3.136,51.205],[-3.842,51.231],[-4.188,51.189],[-4.523,50.977],[-4.583,50.776],[-5.342,50.246],[-5.225,50.021],[-4.728,50.29],[-4.173,50.391],[-3.793,50.229],[-3.584,50.322],[-3.405,50.632],[-2.999,50.717],[-2.548,50.616],[-2.036,50.603],[-2.031,50.725],[-1.517,50.747],[-1.285,50.857],[-0.785,50.765],[-0.204,50.814],[0.205,50.763],[0.96,50.926],[1.044,51.047],[1.398,51.182],[1.415,51.363],[0.687,51.387],[0.891,51.571],[0.955,51.808],[1.274,51.845],[1.559,52.087],[1.747,52.469],[1.657,52.754],[1.056,52.959],[0.559,52.967],[0.28,52.809],[0.046,52.906],[0.356,53.16],[-0.206,54.022],[-0.084,54.118],[-0.671,54.504],[-1.154,54.654],[-1.292,54.774],[-1.655,55.57],[-2.017,55.808],[-2.321,55.628],[-2.194,55.464],[-2.544,55.317],[-3.081,54.962],[-3.465,54.773],[-3.569,54.468],[-3.166,54.128],[-2.925,53.733],[-3.059,53.586],[-3.098,53.26],[-2.976,53.222],[-2.987,52.744],[-3.204,52.422],[-2.976,52.316],[-3.107,52.065],[-2.693,51.831],[-2.668,51.623]]]}},{"type":"Feature","id":"ne50m:ERI","properties":{"boundaryId":"ne50m:ERI","nodeId":"geo:er","bounds":[36.427,12.377,43.117,18.005]},"geometry":{"type":"Polygon","coordinates":[[[36.524,14.257],[36.812,14.315],[37.025,14.272],[37.257,14.454],[37.571,14.149],[37.884,14.852],[38.221,14.65],[38.504,14.424],[38.812,14.482],[39.074,14.628],[39.198,14.479],[39.532,14.537],[39.895,14.441],[40.221,14.431],[40.524,14.225],[40.77,14.144],[41.363,13.5],[41.765,13.184],[41.952,12.882],[42.134,12.771],[42.379,12.466],[42.479,12.514],[42.67,12.377],[42.883,12.621],[43.117,12.709],[43.083,12.825],[42.796,12.864],[42.734,13.019],[42.523,13.221],[42.399,13.213],[42.245,13.588],[41.658,13.983],[41.176,14.62],[40.799,14.743],[40.634,14.883],[40.204,15.014],[40.041,15.335],[39.864,15.47],[39.721,15.214],[39.631,15.453],[39.507,15.532],[39.422,15.787],[39.299,15.921],[39.223,16.194],[39.143,16.729],[38.912,17.427],[38.609,18.005],[38.254,17.585],[37.782,17.458],[37.51,17.288],[37.411,17.062],[37.009,17.059],[36.888,16.625],[36.914,16.296],[36.679,15.726],[36.522,15.25],[36.427,15.132],[36.524,14.257]]]}},{"type":"Feature","id":"ne50m:ESP","properties":{"boundaryId":"ne50m:ESP","nodeId":"geo:es","bounds":[-18.001,27.747,3.462,43.765]},"geometry":{"type":"MultiPolygon","coordinates":[[[[3.145,39.79],[3.159,39.971],[2.785,39.855],[2.371,39.613],[2.634,39.556],[2.77,39.41],[3.073,39.301],[3.245,39.387],[3.462,39.698],[3.145,39.79]]],[[[-1.794,43.407],[-2.337,43.328],[-2.875,43.454],[-3.046,43.372],[-3.605,43.519],[-4.523,43.416],[-5.666,43.582],[-7.262,43.595],[-7.698,43.765],[-8.257,43.58],[-8.249,43.439],[-8.537,43.337],[-8.874,43.334],[-9.178,43.174],[-9.235,42.977],[-9.042,42.814],[-8.988,42.586],[-8.691,42.274],[-8.887,42.105],[-8.777,41.941],[-8.538,42.069],[-8.213,42.134],[-8.152,41.812],[-7.921,41.884],[-7.404,41.834],[-7.03,41.951],[-6.618,41.942],[-6.542,41.673],[-6.212,41.532],[-6.928,41.009],[-6.818,40.654],[-6.81,40.343],[-7.015,40.208],[-6.896,40.022],[-7.037,39.714],[-7.454,39.681],[-7.445,39.536],[-7.046,38.907],[-7.282,38.715],[-7.343,38.457],[-7.023,38.045],[-7.185,38.006],[-7.504,37.585],[-7.406,37.179],[-6.885,37.194],[-6.492,36.955],[-6.384,36.637],[-6.269,36.597],[-6.041,36.188],[-5.625,36.026],[-5.361,36.135],[-5.171,36.424],[-4.674,36.506],[-4.367,36.718],[-3.828,36.756],[-3.431,36.708],[-3.259,36.756],[-2.788,36.715],[-2.596,36.806],[-2.112,36.777],[-1.939,36.946],[-1.798,37.233],[-1.328,37.561],[-0.822,37.581],[-0.823,37.712],[-0.647,38.152],[-0.381,38.436],[0.202,38.759],[-0.205,39.063],[-0.327,39.52],[-0.075,39.876],[0.364,40.319],[0.715,40.823],[1.033,41.062],[2.083,41.287],[2.311,41.467],[3.005,41.767],[3.248,41.944],[3.166,42.256],[3.211,42.431],[2.97,42.467],[2.568,42.346],[2.2,42.421],[2.033,42.354],[1.706,42.503],[1.486,42.434],[1.428,42.596],[1.349,42.691],[0.697,42.845],[0.632,42.69],[-0.041,42.689],[-0.299,42.825],[-0.586,42.799],[-0.763,42.94],[-1.285,43.06],[-1.411,43.24],[-1.794,43.407]]],[[[-16.334,28.38],[-16.517,28.413],[-16.905,28.34],[-16.658,28.007],[-16.418,28.151],[-16.334,28.38]]],[[[-14.197,28.169],[-13.928,28.253],[-13.828,28.585],[-14.003,28.707],[-14.232,28.216],[-14.197,28.169]]],[[[-15.401,28.147],[-15.683,28.154],[-15.809,27.994],[-15.71,27.784],[-15.559,27.747],[-15.389,27.875],[-15.401,28.147]]],[[[-17.834,28.493],[-17.745,28.787],[-18.001,28.758],[-17.834,28.493]]]]}},{"type":"Feature","id":"ne50m:EST","properties":{"boundaryId":"ne50m:EST","nodeId":"geo:ee","bounds":[21.882,57.528,28.013,59.639]},"geometry":{"type":"MultiPolygon","coordinates":[[[[27.352,57.528],[27.542,57.799],[27.753,57.841],[27.488,58.27],[27.464,58.841],[27.758,59.052],[28.013,59.484],[27.893,59.414],[26.975,59.451],[26.625,59.554],[25.509,59.639],[25.444,59.521],[24.38,59.473],[24.083,59.292],[23.494,59.196],[23.432,58.921],[23.509,58.659],[23.768,58.361],[24.115,58.266],[24.529,58.354],[24.323,57.871],[25.111,58.063],[25.991,57.838],[26.298,57.601],[26.533,57.531],[26.9,57.609],[27.352,57.528]]],[[[22.617,58.621],[22.081,58.478],[21.882,58.262],[22.153,58.115],[22.757,58.261],[23.293,58.483],[22.964,58.606],[22.617,58.621]]],[[[22.924,58.827],[22.91,58.991],[22.587,59.081],[22.411,58.863],[22.542,58.69],[22.924,58.827]]]]}},{"type":"Feature","id":"ne50m:ETH","properties":{"boundaryId":"ne50m:ETH","nodeId":"geo:et","bounds":[33.013,3.456,47.978,14.852]},"geometry":{"type":"Polygon","coordinates":[[[35.268,5.492],[35.745,5.344],[35.8,5.157],[35.763,4.808],[35.979,4.504],[36.082,4.45],[36.906,4.411],[38.086,3.649],[38.608,3.6],[39.225,3.479],[39.494,3.456],[39.658,3.578],[39.842,3.851],[40.765,4.273],[41.087,3.992],[41.221,3.944],[41.884,3.978],[42.024,4.138],[42.228,4.202],[42.792,4.292],[43.016,4.563],[43.538,4.84],[44.028,4.951],[44.941,4.912],[45.935,5.997],[46.971,7.026],[47.978,7.997],[46.978,7.997],[46.296,8.235],[44.894,8.7],[44.023,8.986],[43.621,9.337],[43.483,9.379],[43.303,9.609],[43.182,9.88],[43.069,9.926],[42.842,10.203],[42.66,10.621],[42.923,10.999],[42.558,11.081],[41.957,10.941],[41.798,10.98],[41.767,11.589],[42.379,12.466],[42.134,12.771],[41.952,12.882],[41.765,13.184],[41.363,13.5],[40.77,14.144],[40.524,14.225],[40.221,14.431],[39.895,14.441],[39.532,14.537],[39.198,14.479],[39.074,14.628],[38.812,14.482],[38.504,14.424],[38.221,14.65],[37.884,14.852],[37.571,14.149],[37.257,14.454],[37.025,14.272],[36.812,14.315],[36.524,14.257],[36.391,13.626],[36.212,13.271],[36.108,12.726],[35.821,12.685],[35.596,12.537],[35.252,11.957],[35.112,11.817],[34.961,11.277],[34.931,10.865],[34.771,10.746],[34.572,10.88],[34.431,10.788],[34.276,10.528],[34.292,10.125],[34.12,9.73],[34.078,9.462],[34.095,8.582],[33.953,8.444],[33.409,8.448],[33.234,8.396],[33.013,7.952],[33.226,7.761],[33.666,7.671],[33.902,7.51],[34.064,7.226],[34.279,7.003],[34.484,6.898],[34.711,6.66],[35.082,5.673],[35.268,5.492]]]}},{"type":"Feature","id":"ne50m:FIN","properties":{"boundaryId":"ne50m:FIN","nodeId":"geo:fi","bounds":[20.622,59.966,31.534,70.062]},"geometry":{"type":"Polygon","coordinates":[[[24.155,65.805],[24.582,65.757],[25.348,65.479],[25.256,65.143],[25.373,65.009],[24.558,64.801],[24.278,64.515],[23.249,63.896],[22.243,63.438],[22.12,63.244],[21.545,63.204],[21.651,63.039],[21.196,62.791],[21.104,62.623],[21.354,62.224],[21.256,61.99],[21.606,61.592],[21.361,60.967],[21.436,60.596],[22.576,60.359],[22.463,60.029],[22.793,60.077],[23.722,59.966],[24.343,60.042],[25.156,60.194],[25.656,60.333],[26.535,60.413],[27.242,60.539],[27.798,60.536],[28.407,60.897],[29.252,61.288],[29.69,61.546],[31.286,62.568],[31.534,62.885],[31.181,63.208],[30.055,63.689],[30.504,64.021],[30.488,64.237],[30.108,64.366],[29.986,64.558],[30.073,64.765],[29.604,64.968],[29.716,65.625],[30.095,65.682],[29.903,66.091],[29.093,66.849],[29.087,66.971],[29.941,67.547],[29.979,67.689],[29.344,68.062],[28.685,68.19],[28.471,68.488],[28.752,68.771],[28.566,68.928],[28.966,69.022],[28.846,69.177],[29.333,69.473],[29.142,69.671],[28.412,69.823],[27.89,70.062],[27.109,69.905],[26.525,69.915],[26.012,69.653],[25.749,69.231],[25.748,68.99],[25.357,68.862],[24.941,68.593],[23.854,68.806],[23.324,68.649],[22.411,68.72],[21.622,69.271],[21.128,69.081],[20.622,69.037],[21.997,68.521],[22.782,68.391],[23.639,67.954],[23.502,67.875],[23.468,67.45],[23.775,67.329],[23.623,67.184],[23.989,66.811],[23.701,66.481],[24.155,65.805]]]}},{"type":"Feature","id":"ne50m:FJI","properties":{"boundaryId":"ne50m:FJI","nodeId":"geo:fj","bounds":[177.264,-18.255,180,-16.153]},"geometry":{"type":"MultiPolygon","coordinates":[[[[179.999,-16.169],[180,-16.153],[179.552,-16.25],[179.359,-16.38],[179.091,-16.437],[178.805,-16.631],[178.584,-16.622],[178.707,-16.976],[179.007,-16.9],[179.202,-16.713],[179.419,-16.807],[179.928,-16.744],[179.748,-16.446],[179.999,-16.169]]],[[[178.28,-17.372],[178.188,-17.313],[177.618,-17.461],[177.401,-17.632],[177.264,-17.863],[177.321,-18.078],[177.847,-18.255],[178.16,-18.25],[178.332,-18.135],[178.668,-18.081],[178.592,-17.651],[178.28,-17.372]]]]}},{"type":"Feature","id":"ne50m:FLK","properties":{"boundaryId":"ne50m:FLK","nodeId":"geo:fk","bounds":[-60.961,-52.188,-57.808,-51.27]},"geometry":{"type":"MultiPolygon","coordinates":[[[[-58.85,-51.27],[-59.097,-51.491],[-59.06,-51.685],[-59.571,-51.925],[-59.649,-52.134],[-59.068,-52.173],[-58.653,-52.099],[-58.683,-51.936],[-57.838,-51.709],[-57.808,-51.518],[-57.977,-51.384],[-58.474,-51.509],[-58.506,-51.308],[-58.85,-51.27]]],[[[-60.286,-51.462],[-60.238,-51.772],[-60.591,-51.952],[-60.961,-52.057],[-60.686,-52.188],[-60.353,-52.14],[-60.246,-51.986],[-59.921,-51.97],[-59.268,-51.428],[-59.388,-51.36],[-59.788,-51.446],[-60.286,-51.462]]]]}},{"type":"Feature","id":"ne50m:FRO","properties":{"boundaryId":"ne50m:FRO","nodeId":"geo:fo","bounds":[-7.172,62.094,-6.631,62.286]},"geometry":{"type":"Polygon","coordinates":[[[-6.631,62.228],[-7.172,62.286],[-7.014,62.094],[-6.631,62.228]]]}},{"type":"Feature","id":"ne50m:FSM","properties":{"boundaryId":"ne50m:FSM","nodeId":"geo:fm","bounds":[158.135,6.801,158.315,6.951]},"geometry":{"type":"Polygon","coordinates":[[[158.315,6.814],[158.295,6.951],[158.135,6.945],[158.183,6.801],[158.315,6.814]]]}},{"type":"Feature","id":"ne50m:FXX","properties":{"boundaryId":"ne50m:FXX","nodeId":"geo:fr","bounds":[-4.721,41.385,9.551,51.097]},"geometry":{"type":"MultiPolygon","coordinates":[[[[9.48,42.805],[8.713,42.55],[8.566,42.219],[8.701,42.096],[8.718,41.761],[8.808,41.588],[9.186,41.385],[9.395,41.731],[9.401,41.926],[9.551,42.13],[9.48,42.805]]],[[[7.616,47.593],[7.529,47.674],[7.584,48.064],[7.838,48.636],[8.135,48.974],[7.611,49.062],[7.451,49.152],[6.735,49.161],[6.344,49.453],[5.959,49.455],[5.79,49.538],[5.507,49.511],[5.279,49.678],[4.868,49.788],[4.656,50.002],[4.176,49.96],[4.175,50.246],[3.748,50.344],[3.627,50.457],[3.273,50.532],[3.155,50.749],[3.023,50.767],[2.862,50.716],[2.597,50.876],[2.525,51.097],[1.913,50.991],[1.579,50.739],[1.552,50.294],[1.246,49.998],[0.616,49.863],[0.187,49.703],[0.278,49.463],[-0.163,49.297],[-1.139,49.388],[-1.259,49.68],[-1.856,49.684],[-1.87,49.595],[-1.583,49.202],[-1.565,48.806],[-1.438,48.641],[-2.446,48.648],[-2.692,48.537],[-3.003,48.791],[-3.231,48.841],[-3.715,48.71],[-4.059,48.708],[-4.721,48.54],[-4.719,48.363],[-4.393,48.368],[-4.629,48.086],[-4.312,47.823],[-3.901,47.838],[-3.159,47.695],[-2.77,47.514],[-2.428,47.471],[-2.503,47.312],[-2.019,47.038],[-2.059,46.81],[-1.787,46.515],[-1.392,46.35],[-1.146,46.311],[-1.066,45.806],[-1.189,45.161],[-1.246,44.56],[-1.346,44.02],[-1.485,43.564],[-1.794,43.407],[-1.411,43.24],[-1.285,43.06],[-0.763,42.94],[-0.586,42.799],[-0.299,42.825],[-0.041,42.689],[0.632,42.69],[0.697,42.845],[1.349,42.691],[1.428,42.596],[1.706,42.503],[2.033,42.354],[2.2,42.421],[2.568,42.346],[2.97,42.467],[3.211,42.431],[3.091,42.591],[3.052,42.915],[3.259,43.193],[4.053,43.593],[4.163,43.504],[4.629,43.387],[5.06,43.445],[5.407,43.229],[5.809,43.098],[6.116,43.072],[6.494,43.169],[7.181,43.659],[7.378,43.732],[7.414,43.771],[7.439,43.75],[7.493,43.767],[7.651,44.034],[6.967,44.28],[6.843,44.511],[7.031,44.717],[6.738,44.921],[6.628,45.118],[7.078,45.24],[7.153,45.401],[6.804,45.815],[7.021,45.926],[6.772,46.165],[6.758,46.416],[6.429,46.431],[6.087,46.147],[6.06,46.428],[6.161,46.611],[6.41,46.755],[7.001,47.323],[7.42,47.455],[7.616,47.593]]]]}},{"type":"Feature","id":"ne50m:GAB","properties":{"boundaryId":"ne50m:GAB","nodeId":"geo:ga","bounds":[8.821,-3.916,14.481,2.3]},"geometry":{"type":"Polygon","coordinates":[[[13.294,2.162],[13.22,2.256],[12.867,2.247],[12.361,2.296],[11.348,2.3],[11.329,2.167],[11.335,1],[10.029,1.004],[9.761,1.075],[9.591,1.032],[9.618,0.577],[9.495,0.665],[9.33,0.611],[9.47,0.362],[9.777,0.192],[9.738,0.085],[9.411,0.2],[9.297,-0.351],[9.137,-0.573],[8.821,-0.708],[8.844,-0.914],[9.065,-1.298],[9.331,-1.535],[9.266,-1.825],[9.533,-2.164],[9.759,-2.519],[10.348,-3.013],[10.641,-3.398],[10.947,-3.662],[11.13,-3.916],[11.288,-3.641],[11.504,-3.52],[11.686,-3.682],[11.934,-3.319],[11.715,-3.177],[11.76,-2.983],[11.538,-2.837],[11.603,-2.595],[11.575,-2.397],[11.95,-2.345],[12.064,-2.413],[12.446,-2.33],[12.432,-1.929],[12.59,-1.827],[12.794,-1.932],[12.992,-2.313],[13.465,-2.395],[13.784,-2.164],[13.887,-2.465],[14.087,-2.467],[14.251,-2.001],[14.384,-1.89],[14.456,-1.413],[14.411,-0.972],[14.481,-0.618],[14.069,-0.27],[13.86,-0.203],[13.885,0.191],[14.088,0.537],[14.324,0.624],[14.434,0.811],[14.386,1.004],[14.181,1.37],[13.851,1.419],[13.274,1.241],[13.163,1.648],[13.294,2.162]]]}},{"type":"Feature","id":"ne50m:GAZ","properties":{"boundaryId":"ne50m:GAZ","nodeId":"geo:ps","bounds":[34.198,31.208,34.526,31.585]},"geometry":{"type":"Polygon","coordinates":[[[34.477,31.585],[34.198,31.323],[34.245,31.208],[34.526,31.526],[34.477,31.585]]]}},{"type":"Feature","id":"ne50m:GEG","properties":{"boundaryId":"ne50m:GEG","nodeId":"geo:ge","bounds":[39.978,41.07,46.626,43.57]},"geometry":{"type":"Polygon","coordinates":[[[43.439,41.107],[44.227,41.213],[44.841,41.211],[45.001,41.291],[45.281,41.45],[45.716,41.338],[45.793,41.224],[46.171,41.198],[46.458,41.07],[46.626,41.16],[46.619,41.344],[46.305,41.508],[46.182,41.657],[46.43,41.891],[45.954,42.035],[45.639,42.205],[45.728,42.475],[45.344,42.53],[45.208,42.648],[44.871,42.756],[44.506,42.749],[43.957,42.567],[43.783,42.747],[43.089,42.989],[42.992,43.092],[42.419,43.224],[42.05,43.19],[41.581,43.219],[40.648,43.534],[40.15,43.57],[39.978,43.42],[40.524,43.121],[40.837,43.063],[41.129,42.828],[41.489,42.659],[41.763,41.97],[41.702,41.705],[41.51,41.517],[42.466,41.44],[42.788,41.564],[43.439,41.107]]]}},{"type":"Feature","id":"ne50m:GGY","properties":{"boundaryId":"ne50m:GGY","nodeId":"geo:gg","bounds":[-2.646,49.429,-2.512,49.495]},"geometry":{"type":"Polygon","coordinates":[[[-2.512,49.495],[-2.646,49.468],[-2.547,49.429],[-2.512,49.495]]]}},{"type":"Feature","id":"ne50m:GHA","properties":{"boundaryId":"ne50m:GHA","nodeId":"geo:gh","bounds":[-3.236,4.762,1.187,11.167]},"geometry":{"type":"Polygon","coordinates":[[[-0.069,11.116],[-0.299,11.167],[-0.649,10.927],[-0.701,10.989],[-1.6,10.998],[-2.83,10.998],[-2.915,10.592],[-2.787,10.402],[-2.766,9.658],[-2.696,9.481],[-2.747,9.11],[-2.6,8.8],[-2.506,8.209],[-2.79,7.932],[-2.959,7.455],[-2.986,7.205],[-3.236,6.807],[-3.201,6.348],[-2.962,5.643],[-2.794,5.6],[-2.795,5.185],[-3.019,5.131],[-3.087,5.128],[-3.114,5.089],[-2.399,4.929],[-2.002,4.762],[-1.638,4.981],[-1.064,5.183],[-0.798,5.227],[-0.349,5.501],[0.26,5.757],[0.749,5.76],[0.95,5.81],[1.187,6.089],[0.985,6.32],[0.737,6.453],[0.526,6.851],[0.635,7.354],[0.5,7.547],[0.605,7.728],[0.584,8.146],[0.688,8.304],[0.616,8.48],[0.415,8.653],[0.489,8.851],[0.466,9.115],[0.529,9.358],[0.448,9.48],[0.262,9.496],[0.324,9.688],[0.363,10.236],[-0.058,10.631],[0.009,11.021],[-0.069,11.116]]]}},{"type":"Feature","id":"ne50m:GIN","properties":{"boundaryId":"ne50m:GIN","nodeId":"geo:gn","bounds":[-15.043,7.216,-7.691,12.674]},"geometry":{"type":"Polygon","coordinates":[[[-10.283,8.485],[-10.064,8.43],[-9.768,8.535],[-9.518,8.346],[-9.369,7.64],[-9.46,7.443],[-9.263,7.378],[-9.118,7.216],[-8.89,7.263],[-8.708,7.659],[-8.486,7.558],[-8.232,7.557],[-8.017,8.145],[-8.256,8.254],[-8.237,8.456],[-7.824,8.468],[-7.691,8.563],[-7.784,8.721],[-7.951,8.787],[-7.896,9.416],[-8.137,9.496],[-8.137,10.022],[-7.991,10.163],[-8.007,10.322],[-8.231,10.438],[-8.324,10.75],[-8.337,10.991],[-8.664,11.036],[-8.407,11.386],[-8.665,11.515],[-8.822,11.673],[-8.818,11.923],[-9.043,12.402],[-9.365,12.479],[-9.358,12.255],[-9.821,12.042],[-10.275,12.213],[-10.466,12.139],[-10.677,11.899],[-10.933,12.205],[-11.305,12.015],[-11.502,12.199],[-11.389,12.404],[-12.042,12.398],[-12.291,12.328],[-12.797,12.452],[-13.083,12.634],[-13.729,12.674],[-13.708,12.313],[-13.949,12.178],[-13.738,12.01],[-13.733,11.736],[-13.953,11.665],[-14.266,11.66],[-14.683,11.508],[-15.043,10.94],[-14.776,10.932],[-14.61,10.55],[-14.427,10.248],[-13.7,9.851],[-13.691,9.536],[-13.568,9.543],[-13.269,9.171],[-13.293,9.049],[-13.028,9.104],[-12.959,9.263],[-12.756,9.374],[-12.501,9.862],[-12.278,9.93],[-12.142,9.875],[-11.911,9.993],[-11.206,9.978],[-10.691,9.314],[-10.75,9.122],[-10.616,9.059],[-10.606,8.868],[-10.501,8.688],[-10.712,8.335],[-10.558,8.316],[-10.283,8.485]]]}},{"type":"Feature","id":"ne50m:GLP","properties":{"boundaryId":"ne50m:GLP","nodeId":"geo:gp","bounds":[-61.794,16.007,-61.327,16.468]},"geometry":{"type":"MultiPolygon","coordinates":[[[[-61.327,16.23],[-61.406,16.468],[-61.529,16.434],[-61.522,16.228],[-61.327,16.23]]],[[[-61.59,16.007],[-61.552,16.271],[-61.794,16.301],[-61.759,16.062],[-61.59,16.007]]]]}},{"type":"Feature","id":"ne50m:GMB","properties":{"boundaryId":"ne50m:GMB","nodeId":"geo:gm","bounds":[-16.825,13.064,-13.848,13.812]},"geometry":{"type":"Polygon","coordinates":[[[-16.562,13.587],[-16.825,13.341],[-16.763,13.064],[-16.649,13.154],[-15.834,13.156],[-15.814,13.325],[-15.286,13.396],[-15.151,13.556],[-14.672,13.352],[-14.247,13.236],[-13.848,13.335],[-13.977,13.543],[-14.405,13.504],[-14.936,13.785],[-15.108,13.812],[-15.427,13.727],[-15.51,13.586],[-16.562,13.587]]]}},{"type":"Feature","id":"ne50m:GNB","properties":{"boundaryId":"ne50m:GNB","nodeId":"geo:gw","bounds":[-16.712,10.94,-13.708,12.68]},"geometry":{"type":"Polygon","coordinates":[[[-16.712,12.355],[-16.437,12.204],[-16.138,11.917],[-15.959,11.96],[-15.819,11.763],[-15.435,11.944],[-15.502,11.724],[-15.413,11.615],[-15.479,11.41],[-15.393,11.217],[-15.217,11.156],[-15.043,10.94],[-14.683,11.508],[-14.266,11.66],[-13.953,11.665],[-13.733,11.736],[-13.738,12.01],[-13.949,12.178],[-13.708,12.313],[-13.729,12.674],[-15.196,12.68],[-15.575,12.49],[-15.84,12.438],[-16.144,12.457],[-16.416,12.368],[-16.712,12.355]]]}},{"type":"Feature","id":"ne50m:GNQ","properties":{"boundaryId":"ne50m:GNQ","nodeId":"geo:gq","bounds":[8.475,1,11.335,3.758]},"geometry":{"type":"MultiPolygon","coordinates":[[[[8.736,3.758],[8.475,3.265],[8.704,3.224],[8.946,3.628],[8.736,3.758]]],[[[11.329,2.167],[9.98,2.168],[9.801,2.304],[9.807,1.927],[9.632,1.566],[9.494,1.435],[9.386,1.139],[9.591,1.032],[9.761,1.075],[10.029,1.004],[11.335,1],[11.329,2.167]]]]}},{"type":"Feature","id":"ne50m:GRC","properties":{"boundaryId":"ne50m:GRC","nodeId":"geo:gr","bounds":[19.649,34.934,28.171,41.717]},"geometry":{"type":"MultiPolygon","coordinates":[[[[20.078,39.433],[19.955,39.47],[19.937,39.747],[19.649,39.726],[19.884,39.462],[20.078,39.433]]],[[[23.415,38.959],[23.252,38.801],[23.759,38.401],[24.04,38.39],[24.212,38.118],[24.502,37.97],[24.563,38.148],[24.276,38.22],[24.099,38.671],[23.878,38.687],[23.472,38.85],[23.415,38.959]]],[[[26.094,38.218],[26.15,38.468],[25.851,38.508],[26.094,38.218]]],[[[26.41,39.329],[26.165,39.374],[25.91,39.288],[25.906,39.139],[26.469,38.973],[26.578,39.11],[26.41,39.329]]],[[[25.438,39.983],[25.058,40],[25.062,39.852],[25.357,39.808],[25.438,39.983]]],[[[27.843,35.929],[28.144,36.21],[28.171,36.426],[27.914,36.345],[27.716,36.172],[27.843,35.929]]],[[[23.852,35.535],[23.57,35.535],[23.562,35.295],[24.464,35.16],[24.709,35.089],[24.8,34.934],[26.244,35.045],[26.299,35.269],[25.745,35.143],[25.73,35.349],[25.476,35.306],[24.721,35.425],[24.313,35.364],[24.166,35.595],[23.852,35.535]]],[[[26.321,41.717],[26.066,41.673],[26.155,41.435],[25.785,41.33],[25.251,41.244],[24.596,41.443],[24.518,41.553],[24.056,41.527],[23.635,41.387],[22.916,41.336],[22.725,41.179],[22.494,41.119],[21.929,41.107],[21.576,40.869],[20.964,40.85],[21.031,40.659],[20.806,40.445],[20.657,40.117],[20.311,39.979],[20.382,39.842],[20.207,39.654],[20.001,39.709],[20.191,39.546],[20.301,39.327],[20.78,39.009],[21.118,39.03],[21.074,38.885],[20.777,38.808],[20.992,38.654],[21.113,38.385],[21.473,38.321],[21.965,38.412],[22.227,38.353],[22.422,38.439],[23.122,38.073],[22.8,37.981],[22.556,38.113],[21.825,38.328],[21.658,38.175],[21.404,38.197],[21.145,37.919],[21.329,37.669],[21.571,37.541],[21.692,37.309],[21.583,37.081],[21.892,36.737],[21.956,36.99],[22.08,37.029],[22.489,36.568],[22.608,36.78],[22.78,36.786],[22.983,36.528],[23.074,36.775],[22.995,37.016],[22.765,37.393],[22.775,37.585],[23.096,37.441],[23.162,37.334],[23.489,37.44],[23.198,37.62],[23.194,37.959],[23.58,38.011],[24.055,37.71],[23.967,38.275],[23.684,38.352],[23.57,38.489],[23.253,38.661],[22.774,38.8],[22.966,39.031],[22.839,39.259],[22.993,39.331],[23.288,39.289],[22.919,39.629],[22.592,40.037],[22.629,40.496],[23.312,40.216],[23.665,40.224],[23.879,40.544],[23.763,40.748],[24.082,40.724],[24.384,40.913],[24.793,40.858],[25.104,40.995],[25.25,40.933],[25.856,40.844],[26.039,40.727],[26.331,40.954],[26.331,41.239],[26.625,41.402],[26.581,41.601],[26.321,41.717]]]]}},{"type":"Feature","id":"ne50m:GRD","properties":{"boundaryId":"ne50m:GRD","nodeId":"geo:gd","bounds":[-61.716,12.013,-61.607,12.223]},"geometry":{"type":"Polygon","coordinates":[[[-61.716,12.013],[-61.627,12.054],[-61.607,12.223],[-61.715,12.185],[-61.716,12.013]]]}},{"type":"Feature","id":"ne50m:GRL","properties":{"boundaryId":"ne50m:GRL","nodeId":"geo:gl","bounds":[-72.818,59.925,-11.529,83.6]},"geometry":{"type":"MultiPolygon","coordinates":[[[[-29.953,83.565],[-32.984,83.6],[-37.828,83.486],[-38.748,83.333],[-40.357,83.332],[-41.3,83.101],[-43.195,83.255],[-46.478,82.952],[-44.577,82.543],[-44.239,82.368],[-44.532,81.849],[-45.291,81.829],[-46.617,82.097],[-48.861,82.405],[-50.99,82.46],[-50.713,82.237],[-49.694,81.972],[-50.894,81.895],[-52.776,82.322],[-54.726,82.351],[-58.717,82.093],[-59.282,81.884],[-60.432,81.92],[-61.203,81.747],[-61.1,81.396],[-61.436,81.134],[-62.993,81.207],[-63.442,81.014],[-64.516,81],[-65.645,80.685],[-66.996,80.413],[-66.844,80.076],[-64.792,80.001],[-65.42,79.34],[-65.968,79.132],[-67.482,79.117],[-69.031,78.943],[-68.993,78.857],[-70.906,78.638],[-72.396,78.504],[-72.818,78.194],[-71.65,77.9],[-69.351,77.467],[-68.622,77.602],[-67.977,77.519],[-66.691,77.681],[-66.453,77.393],[-68.136,77.38],[-68.978,77.195],[-70.863,77.175],[-71.155,77.074],[-70.793,76.869],[-69.888,76.827],[-69.252,76.686],[-69.373,76.332],[-68.149,76.067],[-66.826,75.969],[-65.954,76.242],[-65.457,76.13],[-64.387,76.304],[-63.439,76.339],[-61.188,76.158],[-58.516,75.689],[-58.25,75.507],[-58.603,75.385],[-57.813,75.04],[-57.191,74.894],[-56.801,74.672],[-56.706,74.219],[-56.298,74.163],[-55.929,73.895],[-56.104,73.558],[-55.297,73.262],[-55.669,73.008],[-54.738,72.873],[-54.79,72.642],[-55.602,72.453],[-55.659,72.223],[-55.316,72.111],[-55.594,71.554],[-55.336,71.427],[-54.689,71.367],[-53.963,71.459],[-54.02,71.658],[-53.476,71.64],[-52.749,71.502],[-53.117,71.313],[-52.061,71.122],[-51.377,71.119],[-51.13,70.972],[-51.524,70.439],[-52.405,70.687],[-54.166,70.82],[-54.501,70.657],[-54.014,70.422],[-53.023,70.302],[-52.255,70.059],[-51.419,69.989],[-51.106,70.057],[-50.5,69.936],[-51.077,69.209],[-51.249,68.74],[-51.133,68.598],[-51.781,68.548],[-52.303,68.701],[-53.039,68.611],[-53.383,68.297],[-52.78,68.31],[-52.199,68.221],[-51.207,68.326],[-51.597,68.055],[-53.152,68.208],[-53.578,67.837],[-53.419,67.575],[-53.799,67.418],[-53.884,67.136],[-53.687,66.986],[-53.038,66.827],[-53.419,66.649],[-53.635,66.414],[-53.615,66.154],[-53.106,65.977],[-53.199,65.594],[-52.761,65.591],[-52.259,65.155],[-52.089,64.682],[-52.093,64.416],[-51.758,64.28],[-51.451,63.905],[-51.469,63.642],[-50.744,63.051],[-50.338,62.829],[-50.319,62.473],[-49.553,62.233],[-49.624,61.999],[-49.38,61.89],[-49.289,61.59],[-49.049,61.524],[-48.922,61.277],[-48.495,61.225],[-48.386,61.005],[-48.014,60.722],[-47.796,60.829],[-46.874,60.816],[-46.582,60.962],[-46.012,61.097],[-46.142,60.777],[-46.047,60.616],[-45.59,60.519],[-45.368,60.373],[-45.379,60.203],[-44.812,60.05],[-44.065,59.925],[-43.32,59.928],[-43.123,60.061],[-43.156,60.333],[-42.717,60.767],[-42.419,61.537],[-42.11,61.857],[-42.321,62.153],[-42.153,62.568],[-41.634,62.972],[-41.108,63.274],[-41.049,63.514],[-40.55,63.725],[-40.618,64.132],[-40.782,64.222],[-40.182,64.48],[-40.655,64.915],[-40.966,64.869],[-41.084,65.101],[-40.253,65.049],[-39.578,65.341],[-39.961,65.556],[-38.637,65.624],[-38.001,65.71],[-37.754,65.593],[-36.932,65.783],[-36.379,65.831],[-35.63,66.14],[-34.633,66.435],[-34.102,66.726],[-33.157,67.627],[-32.275,67.923],[-32.367,68.213],[-32.137,68.385],[-31.419,68.128],[-30.979,68.061],[-29.869,68.312],[-29.25,68.299],[-26.341,68.702],[-25.698,68.89],[-25.544,69.046],[-23.709,69.627],[-23.088,69.883],[-22.435,69.986],[-22.284,70.126],[-23.173,70.115],[-24.041,70.181],[-25.53,70.353],[-26.156,70.246],[-26.747,70.476],[-28.015,70.402],[-28.541,70.477],[-28.146,70.656],[-27.992,70.895],[-27.689,70.993],[-26.718,70.95],[-25.742,71.184],[-25.656,71.53],[-24.377,71.146],[-24.13,70.791],[-23.792,70.555],[-23.328,70.451],[-21.944,70.443],[-21.523,70.526],[-21.675,70.856],[-21.752,71.478],[-22.013,71.689],[-22.869,71.971],[-24.667,72.437],[-24.771,72.869],[-24.069,72.499],[-22.293,72.12],[-22.075,72.399],[-22.036,72.918],[-22.852,73.084],[-23.899,73.398],[-24.587,73.423],[-24.158,73.764],[-23.761,73.543],[-22.987,73.346],[-22.185,73.27],[-21.548,73.432],[-20.51,73.493],[-20.367,73.848],[-22.335,74.063],[-22.322,74.303],[-21.129,74.111],[-19.369,74.284],[-19.225,74.479],[-19.985,74.975],[-20.986,75.074],[-20.485,75.314],[-19.798,75.157],[-19.426,75.23],[-19.509,75.758],[-20.104,76.219],[-21.569,76.294],[-21.877,76.573],[-20.942,76.887],[-20.064,76.928],[-18.51,76.778],[-18.339,77.215],[-19.3,77.222],[-20.232,77.368],[-20.681,77.619],[-19.49,77.719],[-20.863,77.912],[-21.748,77.791],[-20.956,78.555],[-21.134,78.659],[-20.05,78.842],[-19.723,79.065],[-19.075,79.152],[-19.414,79.349],[-19.284,79.683],[-20.138,79.803],[-20.15,80.011],[-19.429,80.258],[-18.071,80.172],[-16.868,80.198],[-15.933,80.395],[-16.761,80.573],[-14.504,80.763],[-14.49,80.973],[-13.451,81.038],[-11.529,81.424],[-12.193,81.649],[-13.704,81.789],[-15.556,81.834],[-16.359,81.729],[-17.226,81.43],[-20.016,81.564],[-20.756,81.312],[-21.724,81.348],[-21.147,81.695],[-21.338,82.069],[-23.104,82.012],[-23.637,81.742],[-24.293,81.701],[-25.149,82.001],[-27.84,82.049],[-29.544,81.94],[-29.579,82.161],[-23.862,82.287],[-22.473,82.385],[-21.521,82.595],[-22.525,82.789],[-24.47,82.877],[-25.947,83.29],[-29.953,83.565]]],[[[-52.731,69.945],[-53.375,70.221],[-54.372,70.317],[-54.83,70.161],[-54.665,69.966],[-54.804,69.631],[-53.783,69.506],[-54.051,69.337],[-53.578,69.257],[-52.113,69.489],[-51.9,69.605],[-52.045,69.807],[-52.731,69.945]]],[[[-51.014,69.552],[-50.94,69.909],[-51.35,69.855],[-51.014,69.552]]],[[[-55.017,72.791],[-55.994,72.782],[-55.524,72.568],[-55.017,72.791]]],[[[-44.865,82.084],[-44.75,82.401],[-46.399,82.692],[-47.272,82.657],[-46.752,82.348],[-44.865,82.084]]],[[[-25.432,70.921],[-25.819,71.044],[-26.976,70.863],[-27.709,70.897],[-27.898,70.454],[-26.605,70.553],[-26.218,70.454],[-25.402,70.653],[-25.432,70.921]]],[[[-17.612,79.826],[-17.983,80.055],[-18.997,79.94],[-19.032,79.773],[-17.612,79.826]]],[[[-18.001,75.407],[-18.856,75.319],[-18.671,75.002],[-17.586,74.993],[-18.001,75.407]]]]}},{"type":"Feature","id":"ne50m:GTM","properties":{"boundaryId":"ne50m:GTM","nodeId":"geo:gt","bounds":[-92.235,13.737,-88.228,17.816]},"geometry":{"type":"Polygon","coordinates":[[[-92.235,14.545],[-91.819,14.228],[-91.377,13.99],[-91.146,13.926],[-90.607,13.929],[-90.095,13.737],[-90.105,13.835],[-89.873,14.046],[-89.547,14.241],[-89.541,14.41],[-89.363,14.416],[-89.172,14.607],[-89.222,14.866],[-89.143,15.072],[-88.976,15.143],[-88.228,15.729],[-88.536,15.85],[-88.603,15.764],[-88.894,15.891],[-89.237,15.894],[-89.161,17.815],[-90.989,17.816],[-90.993,17.252],[-91.41,17.256],[-90.976,16.868],[-90.711,16.708],[-90.634,16.511],[-90.417,16.391],[-90.447,16.073],[-91.737,16.07],[-92.187,15.321],[-92.075,15.074],[-92.235,14.545]]]}},{"type":"Feature","id":"ne50m:GUF","properties":{"boundaryId":"ne50m:GUF","nodeId":"geo:gf","bounds":[-54.616,2.121,-51.653,5.782]},"geometry":{"type":"Polygon","coordinates":[[[-54.616,2.327],[-54.515,2.245],[-54.13,2.121],[-53.768,2.355],[-53.509,2.253],[-53.334,2.34],[-53.23,2.205],[-52.965,2.184],[-52.701,2.364],[-52.357,3.052],[-51.991,3.702],[-51.653,4.061],[-51.786,4.571],[-51.92,4.524],[-52.291,4.942],[-52.454,5.021],[-52.899,5.425],[-53.454,5.563],[-53.847,5.782],[-53.99,5.676],[-54.156,5.359],[-54.452,5.013],[-54.45,4.485],[-54.351,4.054],[-53.99,3.59],[-54.01,3.449],[-54.203,3.138],[-54.196,2.818],[-54.402,2.462],[-54.616,2.327]]]}},{"type":"Feature","id":"ne50m:GUM","properties":{"boundaryId":"ne50m:GUM","nodeId":"geo:gu","bounds":[144.649,13.259,144.79,13.527]},"geometry":{"type":"Polygon","coordinates":[[[144.742,13.259],[144.79,13.527],[144.649,13.429],[144.742,13.259]]]}},{"type":"Feature","id":"ne50m:GUY","properties":{"boundaryId":"ne50m:GUY","nodeId":"geo:gy","bounds":[-61.377,1.204,-56.483,8.549]},"geometry":{"type":"Polygon","coordinates":[[[-60.742,5.202],[-60.142,5.239],[-59.991,5.083],[-60.032,4.741],[-60.111,4.511],[-59.833,4.476],[-59.703,4.381],[-59.739,4.227],[-59.551,3.934],[-59.679,3.7],[-59.854,3.588],[-59.831,3.349],[-59.972,2.99],[-59.994,2.69],[-59.89,2.363],[-59.755,2.274],[-59.756,1.901],[-59.231,1.376],[-58.969,1.305],[-58.862,1.204],[-58.512,1.285],[-58.506,1.439],[-58.341,1.588],[-58.035,1.52],[-57.983,1.648],[-57.594,1.704],[-57.413,1.909],[-57.119,2.014],[-56.837,1.881],[-56.483,1.942],[-56.704,2.036],[-56.931,2.395],[-57.029,2.638],[-57.21,2.883],[-57.304,3.377],[-57.55,3.353],[-57.833,3.676],[-58.032,4.002],[-58.054,4.172],[-57.846,4.668],[-57.917,4.82],[-57.711,4.991],[-57.331,5.02],[-57.207,5.214],[-57.319,5.335],[-57.195,5.548],[-57.19,6.097],[-57.344,6.272],[-57.608,6.45],[-57.983,6.786],[-58.298,6.879],[-58.583,6.844],[-58.481,7.038],[-58.477,7.326],[-58.627,7.546],[-59.2,8.075],[-59.666,8.363],[-59.837,8.374],[-60.018,8.549],[-59.832,8.306],[-60.032,8.054],[-60.381,7.828],[-60.514,7.813],[-60.719,7.499],[-60.523,7.144],[-60.325,7.134],[-60.395,6.945],[-60.718,6.768],[-60.873,6.787],[-61.146,6.695],[-61.204,6.588],[-61.129,6.214],[-61.377,5.907],[-60.742,5.202]]]}},{"type":"Feature","id":"ne50m:HKG","properties":{"boundaryId":"ne50m:HKG","nodeId":"geo:hk","navigationNodeId":"geo:cn","parentNodeId":"geo:cn","bounds":[114.015,22.296,114.268,22.541]},"geometry":{"type":"Polygon","coordinates":[[[114.015,22.512],[114.268,22.296],[114.266,22.541],[114.015,22.512]]]}},{"type":"Feature","id":"ne50m:HMD","properties":{"boundaryId":"ne50m:HMD","nodeId":"geo:hm","bounds":[73.336,-53.184,73.707,-53.027]},"geometry":{"type":"Polygon","coordinates":[[[73.707,-53.137],[73.586,-53.027],[73.336,-53.03],[73.465,-53.184],[73.707,-53.137]]]}},{"type":"Feature","id":"ne50m:HND","properties":{"boundaryId":"ne50m:HND","nodeId":"geo:hn","bounds":[-89.363,12.979,-83.158,16.003]},"geometry":{"type":"Polygon","coordinates":[[[-83.158,14.993],[-83.369,15.24],[-83.551,15.294],[-83.76,15.22],[-83.973,15.52],[-84.261,15.823],[-84.646,15.884],[-84.974,15.99],[-85.164,15.918],[-85.484,15.9],[-85.784,16.003],[-86.181,15.885],[-86.357,15.783],[-86.907,15.762],[-87.286,15.834],[-87.487,15.79],[-87.618,15.91],[-87.875,15.879],[-88.131,15.701],[-88.228,15.729],[-88.976,15.143],[-89.143,15.072],[-89.222,14.866],[-89.172,14.607],[-89.363,14.416],[-89.057,14.329],[-88.846,14.125],[-88.513,13.979],[-88.449,13.851],[-88.151,13.987],[-87.991,13.88],[-87.715,13.813],[-87.814,13.399],[-87.489,13.353],[-87.337,12.979],[-87.059,12.991],[-86.918,13.224],[-86.711,13.313],[-86.734,13.763],[-86.332,13.77],[-86.151,13.995],[-85.787,13.844],[-85.682,13.983],[-85.179,14.343],[-85.161,14.525],[-84.985,14.752],[-84.789,14.79],[-84.646,14.661],[-83.867,14.794],[-83.415,15.008],[-83.158,14.993]]]}},{"type":"Feature","id":"ne50m:HRV","properties":{"boundaryId":"ne50m:HRV","nodeId":"geo:hr","bounds":[13.578,42.433,19.33,46.5]},"geometry":{"type":"MultiPolygon","coordinates":[[[[13.578,45.517],[13.629,45.108],[13.966,44.836],[14.386,45.342],[14.855,45.081],[14.895,44.707],[15.27,44.383],[15.123,44.257],[15.499,43.909],[15.942,43.657],[15.986,43.52],[16.394,43.543],[16.903,43.392],[17.585,42.938],[17.625,43.043],[17.085,43.517],[16.713,43.779],[16.214,44.215],[16.13,44.474],[15.737,44.766],[15.788,45.179],[16.028,45.19],[16.231,45.027],[16.531,45.217],[16.919,45.277],[17.125,45.172],[17.813,45.078],[18.137,45.119],[18.663,45.077],[18.78,44.947],[19.007,44.869],[19.063,45.137],[19.33,45.268],[19.005,45.4],[19.055,45.527],[18.839,45.836],[18.905,45.932],[18.666,45.907],[18.437,45.767],[17.964,45.77],[17.311,45.996],[16.748,46.416],[16.516,46.5],[16.227,46.373],[15.636,46.201],[15.625,45.834],[15.277,45.733],[15.339,45.467],[14.734,45.508],[14.534,45.645],[14.37,45.481],[13.879,45.428],[13.578,45.517]]],[[[14.81,44.977],[14.571,45.225],[14.438,45.099],[14.81,44.977]]],[[[14.488,44.66],[14.467,44.97],[14.303,44.94],[14.488,44.66]]],[[[18.436,42.56],[18.347,42.587],[17.668,42.897],[18.517,42.433],[18.436,42.56]]]]}},{"type":"Feature","id":"ne50m:HTI","properties":{"boundaryId":"ne50m:HTI","nodeId":"geo:ht","bounds":[-74.419,18.039,-71.657,19.904]},"geometry":{"type":"MultiPolygon","coordinates":[[[[-71.779,19.718],[-72.22,19.745],[-72.637,19.901],[-73.118,19.904],[-73.401,19.807],[-73.396,19.659],[-73.053,19.611],[-72.703,19.441],[-72.811,19.072],[-72.348,18.675],[-72.789,18.435],[-73.592,18.522],[-74.228,18.663],[-74.387,18.625],[-74.419,18.346],[-74.085,18.215],[-73.885,18.042],[-73.747,18.19],[-73.385,18.251],[-72.877,18.152],[-72.504,18.22],[-72.06,18.229],[-71.768,18.039],[-71.762,18.341],[-72,18.598],[-71.743,18.733],[-71.807,18.987],[-71.657,19.131],[-71.779,19.718]]],[[[-72.805,18.778],[-73.171,18.967],[-73.285,18.897],[-72.822,18.707],[-72.805,18.778]]]]}},{"type":"Feature","id":"ne50m:HUN","properties":{"boundaryId":"ne50m:HUN","nodeId":"geo:hu","bounds":[16.093,45.767,22.877,48.552]},"geometry":{"type":"Polygon","coordinates":[[[22.132,48.405],[21.767,48.338],[21.451,48.552],[21.067,48.506],[20.49,48.527],[20.334,48.296],[19.899,48.131],[19.625,48.223],[19.467,48.111],[18.914,48.051],[18.724,47.787],[17.762,47.77],[17.317,47.991],[17.147,48.006],[17.067,47.708],[16.748,47.686],[16.623,47.448],[16.434,47.367],[16.453,47.007],[16.093,46.863],[16.284,46.857],[16.516,46.5],[16.748,46.416],[17.311,45.996],[17.964,45.77],[18.437,45.767],[18.666,45.907],[18.905,45.932],[19.208,45.984],[19.531,46.155],[20.242,46.109],[20.614,46.133],[20.837,46.26],[21.152,46.304],[21.32,46.608],[21.785,47.138],[22,47.505],[22.291,47.728],[22.677,47.799],[22.877,47.947],[22.132,48.405]]]}},{"type":"Feature","id":"ne50m:IDN","properties":{"boundaryId":"ne50m:IDN","nodeId":"geo:id","bounds":[95.207,-10.909,140.976,5.629]},"geometry":{"type":"MultiPolygon","coordinates":[[[[97.482,1.465],[97.244,1.424],[97.405,0.947],[97.604,0.834],[97.684,0.596],[97.876,0.628],[97.932,0.974],[97.698,1.184],[97.482,1.465]]],[[[99.164,-1.778],[99.267,-1.628],[98.869,-0.916],[98.676,-0.971],[98.602,-1.198],[98.874,-1.664],[99.164,-1.778]]],[[[116.641,-8.614],[116.734,-8.387],[116.647,-8.283],[116.402,-8.204],[116.061,-8.437],[116.076,-8.745],[116.377,-8.929],[116.641,-8.614]]],[[[115.448,-8.155],[115.154,-8.066],[114.998,-8.174],[114.475,-8.119],[114.613,-8.378],[114.842,-8.429],[115.055,-8.573],[115.236,-8.798],[115.334,-8.616],[115.704,-8.407],[115.448,-8.155]]],[[[106.046,-1.669],[105.91,-1.505],[105.585,-1.527],[105.373,-1.657],[105.375,-1.813],[105.133,-2.043],[105.343,-2.125],[105.553,-2.079],[105.786,-2.181],[105.939,-2.493],[105.908,-2.643],[105.999,-2.825],[106.25,-2.894],[106.547,-3.056],[106.679,-2.704],[106.818,-2.573],[106.366,-2.465],[106.209,-2.189],[106.162,-1.867],[106.046,-1.669]]],[[[123.18,-4.551],[123.038,-4.395],[122.853,-4.618],[122.767,-5.21],[122.585,-5.545],[122.812,-5.671],[122.986,-5.394],[123.202,-5.273],[122.972,-5.138],[123.055,-4.748],[123.18,-4.551]]],[[[122.645,-5.269],[122.614,-5.139],[122.76,-4.934],[122.702,-4.619],[122.369,-4.767],[122.396,-5.07],[122.283,-5.32],[122.564,-5.387],[122.645,-5.269]]],[[[108.316,3.69],[108.393,3.986],[108.202,4.2],[108.004,4.043],[108.088,3.852],[108.316,3.69]]],[[[108.207,-2.998],[108.291,-2.83],[108.074,-2.597],[107.838,-2.53],[107.666,-2.566],[107.598,-2.8],[107.614,-3.209],[107.941,-3.129],[108.055,-3.227],[108.207,-2.998]]],[[[135.383,-0.651],[135.432,-0.769],[135.646,-0.882],[135.747,-0.823],[135.839,-1.119],[136.11,-1.217],[136.283,-1.065],[135.894,-0.726],[135.383,-0.651]]],[[[135.474,-1.592],[135.488,-1.668],[136.193,-1.859],[136.202,-1.655],[135.474,-1.592]]],[[[130.813,-0.004],[130.295,-0.101],[130.237,-0.21],[130.689,-0.297],[130.75,-0.444],[131.098,-0.33],[131.258,-0.366],[131.277,-0.15],[130.813,-0.004]]],[[[128.454,2.052],[128.623,2.224],[128.688,2.474],[128.602,2.598],[128.33,2.469],[128.218,2.297],[128.296,2.035],[128.454,2.052]]],[[[128.153,-1.661],[128.149,-1.604],[127.743,-1.36],[127.457,-1.454],[127.392,-1.645],[127.562,-1.729],[128.153,-1.661]]],[[[126.024,-1.79],[125.521,-1.801],[125.479,-1.94],[125.956,-1.917],[126.024,-1.79]]],[[[124.97,-1.705],[124.664,-1.636],[124.381,-1.687],[124.33,-1.859],[124.418,-2.005],[124.834,-1.894],[125.007,-1.943],[125.32,-1.81],[124.97,-1.705]]],[[[131.326,-8],[131.377,-7.869],[131.624,-7.626],[131.691,-7.439],[131.561,-7.136],[131.26,-7.471],[131.087,-7.865],[131.114,-7.997],[131.326,-8]]],[[[126.801,-7.668],[126.61,-7.572],[126.214,-7.707],[125.975,-7.663],[125.843,-7.817],[126.472,-7.95],[126.801,-7.668]]],[[[124.576,-8.141],[124.431,-8.183],[124.444,-8.445],[125.097,-8.353],[125.125,-8.205],[124.576,-8.141]]],[[[131.002,-1.316],[131.074,-0.968],[130.897,-0.89],[130.673,-0.96],[130.782,-1.255],[131.002,-1.316]]],[[[96.493,5.229],[96.133,5.294],[95.841,5.515],[95.629,5.609],[95.396,5.629],[95.228,5.565],[95.207,5.284],[95.495,4.761],[95.988,4.263],[96.23,4.073],[96.445,3.816],[96.801,3.709],[96.969,3.575],[97.391,2.975],[97.591,2.847],[97.701,2.359],[98.005,2.238],[98.564,1.902],[98.796,1.495],[99.159,0.352],[99.335,0.209],[99.598,0.102],[99.86,-0.314],[100.308,-0.827],[100.487,-1.299],[100.855,-1.934],[100.848,-2.144],[101.119,-2.588],[101.306,-2.729],[101.579,-3.167],[102.128,-3.599],[102.538,-4.152],[102.919,-4.471],[103.406,-4.816],[103.831,-5.08],[104.067,-5.386],[104.602,-5.905],[104.64,-5.52],[105.081,-5.746],[105.349,-5.55],[105.619,-5.8],[105.816,-5.677],[105.887,-5.01],[105.887,-4.554],[105.831,-4.163],[105.928,-3.881],[105.844,-3.614],[105.901,-3.41],[106.058,-3.217],[106.044,-3.106],[105.582,-2.492],[105.397,-2.38],[105.026,-2.358],[104.736,-2.571],[104.668,-2.386],[104.826,-2.234],[104.845,-2.093],[104.569,-1.922],[104.361,-1.038],[104.199,-1.054],[103.721,-0.887],[103.533,-0.755],[103.431,-0.534],[103.429,-0.192],[103.787,0.047],[103.673,0.289],[103.479,0.48],[103.067,0.492],[102.849,0.715],[102.469,0.779],[102.239,0.99],[102.157,1.259],[102.02,1.442],[101.785,1.621],[101.477,1.693],[101.301,2.012],[101.046,2.257],[100.828,2.243],[100.685,2.12],[100.457,2.257],[100.127,2.648],[99.732,3.183],[99.151,3.581],[98.778,3.759],[98.659,3.928],[98.307,4.093],[98.248,4.415],[98.021,4.635],[97.908,4.88],[97.547,5.206],[97.19,5.207],[96.843,5.274],[96.493,5.229]]],[[[122.783,-8.612],[122.85,-8.304],[122.604,-8.402],[122.433,-8.601],[122.263,-8.625],[121.967,-8.455],[121.445,-8.578],[121.277,-8.478],[120.61,-8.24],[120.231,-8.29],[119.918,-8.445],[119.808,-8.698],[119.909,-8.858],[120.121,-8.777],[120.55,-8.802],[121.035,-8.935],[121.328,-8.917],[121.415,-8.815],[121.651,-8.899],[122.094,-8.745],[122.47,-8.725],[122.783,-8.612]]],[[[120.013,-9.375],[119.615,-9.352],[119.186,-9.384],[118.959,-9.519],[119.085,-9.707],[119.601,-9.774],[119.931,-9.967],[120.145,-10.2],[120.439,-10.294],[120.698,-10.207],[120.833,-10.037],[120.504,-9.674],[120.291,-9.648],[120.221,-9.506],[120.013,-9.375]]],[[[118.242,-8.318],[118.117,-8.122],[117.755,-8.15],[117.815,-8.342],[118.235,-8.592],[117.97,-8.728],[117.806,-8.711],[117.567,-8.426],[117.165,-8.367],[116.835,-8.532],[116.783,-8.665],[116.788,-9.006],[117.061,-9.099],[118.19,-8.841],[118.379,-8.675],[118.479,-8.856],[119.006,-8.75],[119.042,-8.561],[118.988,-8.338],[118.491,-8.271],[118.242,-8.318]]],[[[124.889,0.995],[125.234,1.502],[125.165,1.644],[124.989,1.701],[124.788,1.468],[124.6,1.392],[124.534,1.23],[124.274,1.022],[123.847,0.838],[123.278,0.928],[122.96,0.923],[122.892,0.85],[122.437,1.018],[121.867,1.089],[121.592,1.068],[121.44,1.214],[121.082,1.328],[120.912,1.289],[120.755,1.036],[120.517,0.818],[120.27,0.971],[120.056,0.693],[119.809,0.239],[119.866,0.04],[119.722,-0.088],[119.772,-0.484],[119.711,-0.681],[119.508,-0.907],[119.309,-1.408],[119.322,-1.93],[119.172,-2.14],[119.092,-2.483],[118.784,-2.765],[118.858,-2.929],[118.813,-3.157],[118.868,-3.398],[118.995,-3.538],[119.42,-3.475],[119.494,-3.769],[119.624,-4.034],[119.612,-4.424],[119.52,-4.877],[119.36,-5.314],[119.376,-5.425],[119.717,-5.693],[119.952,-5.578],[120.312,-5.542],[120.391,-5.393],[120.279,-5.146],[120.42,-4.617],[120.363,-4.086],[120.437,-3.707],[120.392,-3.348],[120.254,-3.053],[120.341,-2.87],[120.654,-2.668],[120.99,-2.67],[121.052,-2.752],[121.054,-3.167],[120.907,-3.404],[120.914,-3.556],[121.313,-3.919],[121.618,-4.093],[121.487,-4.581],[121.589,-4.76],[121.917,-4.848],[122.073,-4.792],[122.054,-4.62],[122.207,-4.496],[122.897,-4.349],[122.877,-4.109],[122.69,-4.084],[122.61,-3.923],[122.253,-3.62],[122.317,-3.275],[122.399,-3.201],[122.292,-2.908],[122.083,-2.75],[121.848,-2.332],[121.349,-1.946],[121.719,-1.863],[121.859,-1.693],[122.158,-1.594],[122.507,-1.348],[122.807,-0.966],[123.049,-0.872],[123.226,-1.002],[123.378,-1.004],[123.434,-0.778],[123.38,-0.649],[123.171,-0.571],[122.829,-0.659],[122.889,-0.755],[122.28,-0.757],[121.97,-0.933],[121.519,-0.856],[121.034,-1.407],[120.667,-1.37],[120.518,-1.039],[120.27,-0.899],[120.097,-0.65],[120.013,-0.196],[120.127,0.167],[120.349,0.449],[120.7,0.515],[121.013,0.442],[121.426,0.495],[121.842,0.437],[122.281,0.481],[123.083,0.486],[123.265,0.327],[123.754,0.306],[124.217,0.38],[124.428,0.471],[124.698,0.826],[124.889,0.995]]],[[[107.374,-6.008],[107.046,-5.904],[106.825,-6.098],[106.676,-6.038],[106.166,-5.965],[106.075,-5.914],[105.868,-6.116],[105.787,-6.457],[105.655,-6.47],[105.484,-6.782],[105.944,-6.859],[106.52,-7.054],[106.417,-7.239],[106.631,-7.416],[107.285,-7.472],[107.547,-7.542],[107.917,-7.724],[108.452,-7.797],[108.741,-7.667],[109.282,-7.705],[110.039,-7.891],[110.607,-8.149],[111.51,-8.305],[112.115,-8.324],[112.679,-8.409],[113.253,-8.287],[113.693,-8.478],[114.584,-8.77],[114.387,-8.405],[114.444,-7.896],[114.383,-7.771],[114.071,-7.633],[113.747,-7.703],[113.248,-7.718],[112.795,-7.552],[112.794,-7.304],[112.649,-7.221],[112.539,-6.926],[112.087,-6.893],[111.99,-6.806],[111.738,-6.773],[111.54,-6.648],[111.154,-6.669],[110.972,-6.436],[110.737,-6.472],[110.584,-6.806],[110.426,-6.947],[110.198,-6.895],[109.821,-6.902],[109.501,-6.81],[109.294,-6.867],[108.678,-6.791],[108.516,-6.471],[108.295,-6.265],[108.138,-6.297],[107.667,-6.216],[107.374,-6.008]]],[[[109.629,2.028],[109.379,1.923],[109.273,1.705],[109.076,1.496],[108.959,1.135],[108.906,0.794],[108.945,0.356],[109.258,0.031],[109.122,-0.265],[109.161,-0.495],[109.373,-0.638],[109.454,-0.869],[109.787,-1.011],[109.938,-1.181],[110.019,-1.399],[109.96,-1.863],[110.075,-1.946],[110.224,-2.689],[110.233,-2.925],[110.574,-2.891],[110.703,-3.021],[111.044,-3.056],[111.368,-2.934],[111.823,-3.057],[111.822,-3.533],[111.955,-3.53],[112.285,-3.321],[112.6,-3.4],[112.971,-3.187],[113.034,-2.933],[113.343,-3.246],[113.526,-3.184],[113.634,-3.42],[113.796,-3.456],[114.082,-3.279],[114.536,-3.494],[114.606,-3.703],[114.625,-4.112],[114.694,-4.17],[115.956,-3.595],[116.167,-3.183],[116.172,-3.025],[116.331,-2.902],[116.375,-2.578],[116.529,-2.511],[116.565,-2.3],[116.424,-2.053],[116.424,-1.785],[116.554,-1.474],[116.771,-1.267],[117.003,-1.188],[117.241,-0.926],[117.563,-0.771],[117.463,-0.324],[117.522,0.236],[117.745,0.73],[117.923,0.831],[118.016,1.039],[118.196,0.874],[118.535,0.814],[118.892,0.887],[118.985,0.982],[118.639,1.319],[118.08,1.702],[117.865,1.968],[118.067,2.318],[117.786,2.747],[117.639,2.825],[117.611,3.064],[117.352,3.194],[117.385,3.365],[117.166,3.592],[117.63,3.636],[117.728,3.797],[117.465,4.076],[117.574,4.171],[117.101,4.337],[116.515,4.371],[116.415,4.308],[115.896,4.349],[115.679,4.193],[115.568,3.939],[115.566,3.446],[115.454,3.034],[115.247,3.026],[115.086,2.841],[115.081,2.634],[115.179,2.523],[114.786,2.25],[114.831,1.98],[114.704,1.851],[114.546,1.467],[114.387,1.5],[113.902,1.434],[113.622,1.236],[113.007,1.434],[112.943,1.567],[112.476,1.559],[112.186,1.439],[112.079,1.143],[111.77,0.999],[111.287,1.043],[110.938,1.017],[110.506,0.862],[110.315,0.996],[109.654,1.615],[109.539,1.896],[109.629,2.028]]],[[[127.733,0.848],[127.653,1.014],[127.885,1.163],[128.012,1.332],[128.011,1.701],[127.887,1.833],[127.9,2.137],[127.632,1.844],[127.537,1.467],[127.42,1.252],[127.52,0.924],[127.555,0.49],[127.709,0.288],[127.692,-0.242],[127.889,-0.424],[128.046,-0.706],[128.254,-0.732],[127.978,-0.248],[127.889,0.05],[127.887,0.298],[127.983,0.472],[128.692,0.36],[128.611,0.55],[128.261,0.734],[128.299,0.877],[128.703,1.106],[128.688,1.573],[128.424,1.518],[128.157,1.317],[128.161,1.158],[127.967,1.043],[127.881,0.832],[127.733,0.848]]],[[[129.755,-2.866],[129.427,-2.791],[129.116,-2.937],[129.058,-2.838],[128.199,-2.866],[128.082,-3.184],[128.28,-3.241],[128.419,-3.416],[128.639,-3.433],[128.863,-3.235],[128.967,-3.326],[129.468,-3.453],[129.512,-3.329],[129.844,-3.327],[130.02,-3.475],[130.805,-3.858],[130.86,-3.57],[130.671,-3.392],[130.57,-3.131],[130.379,-2.989],[129.984,-2.977],[129.755,-2.866]]],[[[126.861,-3.088],[126.555,-3.065],[126.026,-3.171],[126.057,-3.421],[126.215,-3.605],[126.686,-3.824],[127.23,-3.633],[127.227,-3.391],[127.025,-3.166],[126.861,-3.088]]],[[[124.922,-8.942],[124.444,-9.19],[124.282,-9.428],[124.036,-9.342],[123.709,-9.615],[123.589,-9.967],[123.716,-10.079],[123.644,-10.311],[123.858,-10.344],[124.176,-10.183],[124.428,-10.149],[124.963,-9.666],[125.068,-9.512],[124.968,-9.294],[124.922,-8.942]]],[[[134.747,-5.707],[134.617,-5.439],[134.341,-5.713],[134.302,-6.01],[134.155,-6.063],[134.441,-6.335],[134.638,-6.365],[134.756,-6.171],[134.712,-5.95],[134.747,-5.707]]],[[[134.537,-6.442],[134.168,-6.176],[134.059,-6.769],[134.2,-6.909],[134.356,-6.815],[134.537,-6.442]]],[[[138.535,-8.274],[138.786,-8.059],[138.989,-7.696],[138.77,-7.39],[138.296,-7.438],[138.008,-7.642],[137.685,-8.262],[137.872,-8.38],[138.296,-8.405],[138.535,-8.274]]],[[[140.973,-2.61],[140.747,-2.607],[140.623,-2.446],[140.251,-2.412],[140.155,-2.35],[139.79,-2.348],[138.65,-1.791],[138.111,-1.616],[137.806,-1.483],[137.123,-1.841],[137.171,-2.025],[136.843,-2.198],[136.39,-2.273],[136.243,-2.583],[136.013,-2.734],[135.859,-2.995],[135.487,-3.345],[135.037,-3.333],[134.702,-2.934],[134.627,-2.537],[134.483,-2.583],[134.46,-2.832],[134.156,-2.195],[134.106,-1.721],[134.26,-1.363],[134.072,-1.002],[134.112,-0.847],[133.975,-0.744],[133.473,-0.726],[133.077,-0.512],[132.625,-0.359],[132.394,-0.355],[132.128,-0.454],[131.804,-0.704],[131.257,-0.855],[131.118,-1.455],[131.294,-1.393],[131.731,-1.541],[131.93,-1.56],[132.023,-1.99],[132.308,-2.242],[132.503,-2.218],[132.963,-2.273],[133.225,-2.214],[133.488,-2.226],[133.922,-2.102],[133.905,-2.391],[133.609,-2.547],[133.191,-2.438],[133.034,-2.487],[132.725,-2.789],[132.231,-2.68],[131.971,-2.789],[132.054,-2.915],[132.348,-2.975],[132.751,-3.295],[132.87,-3.551],[132.754,-3.704],[132.837,-3.949],[132.969,-4.095],[133.249,-4.062],[133.401,-3.899],[133.415,-3.732],[133.653,-3.364],[133.723,-3.578],[133.974,-3.818],[134.147,-3.797],[134.68,-4.079],[134.754,-4.195],[135.196,-4.451],[135.45,-4.443],[135.98,-4.531],[136.619,-4.819],[137.089,-4.924],[137.759,-5.256],[138.061,-5.465],[138.087,-5.709],[138.252,-5.688],[138.296,-5.949],[138.439,-6.343],[138.865,-6.858],[138.601,-6.937],[138.748,-7.251],[139.088,-7.587],[138.856,-8.145],[138.933,-8.262],[139.193,-8.086],[139.386,-8.189],[139.935,-8.101],[140.102,-8.301],[140.49,-8.62],[140.662,-8.847],[140.976,-9.119],[140.976,-8.496],[140.975,-6.905],[140.862,-6.74],[140.975,-6.346],[140.975,-5.65],[140.974,-4.226],[140.973,-2.61]]],[[[138.895,-8.389],[138.796,-8.174],[138.594,-8.371],[138.895,-8.389]]],[[[101.708,2.078],[101.41,2.022],[101.468,1.759],[101.603,1.716],[101.774,1.943],[101.708,2.078]]],[[[102.427,0.99],[102.443,1.234],[102.229,1.348],[102.325,1.007],[102.427,0.99]]],[[[102.492,1.459],[102.042,1.625],[102.079,1.499],[102.492,1.459]]],[[[103.028,0.747],[103.002,0.859],[102.549,1.13],[102.454,0.89],[102.542,0.832],[103.028,0.747]]],[[[104.585,1.216],[104.362,1.181],[104.252,1.015],[104.575,0.832],[104.653,0.961],[104.585,1.216]]],[[[104.779,-0.176],[104.543,0.018],[104.447,-0.189],[104.567,-0.246],[104.779,-0.176]]],[[[104.474,-0.335],[104.257,-0.463],[104.485,-0.613],[104.59,-0.467],[104.474,-0.335]]],[[[109.71,-1.181],[109.743,-1.039],[109.476,-0.985],[109.428,-1.241],[109.71,-1.181]]],[[[113.845,-7.105],[114.083,-6.989],[113.975,-6.873],[112.868,-6.9],[112.764,-7.14],[113.04,-7.212],[113.471,-7.218],[113.656,-7.112],[113.845,-7.105]]],[[[127.567,-0.319],[127.3,-0.5],[127.469,-0.643],[127.682,-0.468],[127.567,-0.319]]],[[[128.276,-3.675],[128.264,-3.512],[128.016,-3.601],[128.143,-3.733],[128.276,-3.675]]],[[[129.839,-7.955],[129.813,-7.82],[129.609,-7.803],[129.713,-8.041],[129.839,-7.955]]],[[[130.353,-1.691],[129.994,-1.759],[129.738,-1.867],[129.887,-1.986],[130.248,-2.048],[130.419,-1.971],[130.353,-1.691]]],[[[100.425,-3.183],[100.455,-3.002],[100.246,-2.783],[100.204,-2.987],[100.425,-3.183]]],[[[99.843,-2.343],[99.686,-2.063],[99.607,-2.258],[99.843,-2.343]]],[[[98.459,-0.53],[98.544,-0.258],[98.427,-0.226],[98.31,-0.532],[98.459,-0.53]]],[[[96.464,2.36],[96.417,2.515],[95.806,2.916],[95.809,2.656],[96.022,2.596],[96.464,2.36]]],[[[122.043,-5.438],[122.062,-5.221],[121.966,-5.076],[121.808,-5.256],[122.043,-5.438]]],[[[123.212,-1.171],[122.908,-1.182],[122.811,-1.432],[122.89,-1.587],[123.15,-1.304],[123.367,-1.507],[123.547,-1.337],[123.212,-1.171]]],[[[116.303,-3.868],[116.262,-3.395],[116.117,-3.34],[116.018,-3.7],[116.093,-4.054],[116.303,-3.868]]],[[[122.949,-10.909],[123.215,-10.806],[123.418,-10.651],[123.371,-10.475],[123.061,-10.698],[122.846,-10.762],[122.949,-10.909]]],[[[124.287,-8.329],[123.971,-8.354],[124.066,-8.552],[124.287,-8.329]]],[[[123.925,-8.272],[123.776,-8.19],[123.53,-8.265],[123.325,-8.439],[123.411,-8.587],[123.925,-8.272]]],[[[123.242,-4.113],[123.025,-3.981],[122.995,-4.148],[123.145,-4.233],[123.242,-4.113]]]]}},{"type":"Feature","id":"ne50m:IMN","properties":{"boundaryId":"ne50m:IMN","nodeId":"geo:im","bounds":[-4.746,54.119,-4.412,54.377]},"geometry":{"type":"Polygon","coordinates":[[[-4.412,54.185],[-4.509,54.377],[-4.746,54.119],[-4.412,54.185]]]}},{"type":"Feature","id":"ne50m:IND","properties":{"boundaryId":"ne50m:IND","nodeId":"geo:in","bounds":[68.165,6.831,97.335,35.496]},"geometry":{"type":"MultiPolygon","coordinates":[[[[68.165,23.857],[68.235,23.597],[68.417,23.571],[68.641,23.19],[68.817,23.054],[69.236,22.849],[69.665,22.759],[70.251,22.971],[70.328,22.816],[70.177,22.573],[69.549,22.408],[69.277,22.285],[69.131,22.416],[69.009,22.197],[69.192,21.992],[69.748,21.506],[70.127,21.095],[70.485,20.84],[70.719,20.74],[71.025,20.739],[71.396,20.87],[72.015,21.156],[72.254,21.531],[72.257,21.661],[72.037,21.823],[72.244,22.028],[72.333,22.27],[72.59,22.278],[72.522,21.976],[72.543,21.697],[72.84,21.687],[72.613,21.462],[72.692,21.178],[72.814,21.117],[72.881,20.563],[72.709,20.078],[72.668,19.831],[72.812,19.299],[72.871,18.683],[72.994,18.098],[73.156,17.622],[73.239,17.199],[73.338,16.46],[73.476,16.054],[73.772,15.573],[73.932,15.397],[73.949,15.075],[74.382,14.495],[74.499,14.046],[74.671,13.668],[74.771,13.077],[74.946,12.565],[75.197,12.058],[75.525,11.703],[75.724,11.362],[75.923,10.784],[76.346,9.922],[76.459,9.536],[76.325,9.452],[76.553,8.903],[76.967,8.407],[77.301,8.145],[77.518,8.078],[78.06,8.385],[78.192,8.891],[78.421,9.105],[78.98,9.269],[78.919,9.453],[78.996,9.683],[79.258,10.035],[79.391,10.306],[79.838,10.323],[79.849,11.197],[79.754,11.575],[79.858,11.989],[80.143,12.452],[80.229,12.69],[80.342,13.361],[80.062,13.606],[80.244,13.773],[80.112,14.212],[80.165,14.578],[80.053,15.074],[80.101,15.324],[80.293,15.711],[80.647,15.895],[80.979,15.758],[81.132,15.962],[81.239,16.264],[81.402,16.365],[81.762,16.329],[82.259,16.56],[82.36,16.783],[82.282,16.936],[82.36,17.096],[82.593,17.274],[83.198,17.609],[83.654,18.07],[84.104,18.293],[84.463,18.69],[84.771,19.125],[85.226,19.508],[85.442,19.627],[85.249,19.758],[85.46,19.896],[85.575,19.693],[86.279,19.919],[86.499,20.172],[86.75,20.313],[86.975,20.7],[86.842,21.106],[86.86,21.237],[87.101,21.501],[87.678,21.654],[87.948,21.825],[88.254,21.622],[88.585,21.66],[89.052,21.654],[89.051,22.093],[89.05,22.275],[88.921,22.632],[88.851,23.041],[88.928,23.187],[88.724,23.255],[88.741,23.437],[88.567,23.674],[88.7,24.003],[88.734,24.231],[88.642,24.326],[88.146,24.486],[88.023,24.628],[88.15,24.915],[88.313,24.882],[88.456,25.188],[88.89,25.194],[88.769,25.49],[88.452,25.574],[88.085,25.888],[88.151,26.087],[88.44,26.369],[89.108,26.202],[89.289,26.038],[89.55,26.005],[89.71,26.171],[89.823,25.941],[89.814,25.305],[90.439,25.158],[91.293,25.178],[91.48,25.142],[92.05,25.169],[92.468,24.944],[92.251,24.895],[92.064,24.374],[91.877,24.195],[91.367,24.094],[91.232,23.92],[91.16,23.661],[91.315,23.104],[91.62,22.98],[91.774,23.106],[91.754,23.287],[91.938,23.505],[91.93,23.686],[92.246,23.684],[92.334,23.324],[92.362,22.929],[92.491,22.685],[92.575,21.978],[92.689,22.131],[92.965,22.004],[93.162,22.36],[93.079,22.718],[93.163,22.908],[93.366,23.133],[93.415,23.682],[93.307,24.022],[93.683,24.007],[94.128,23.876],[94.293,24.322],[94.584,24.767],[94.708,25.049],[94.554,25.243],[94.623,25.41],[94.992,25.77],[95.132,26.041],[95.06,26.474],[95.129,26.597],[95.464,26.756],[95.905,27.047],[96.061,27.217],[96.666,27.339],[96.88,27.178],[97.104,27.163],[96.902,27.44],[96.9,27.644],[97.335,27.938],[97.322,28.218],[97.075,28.369],[96.776,28.367],[96.603,28.46],[96.279,28.428],[96.581,28.764],[96.436,29.051],[96.162,28.91],[96.122,29.082],[96.235,29.246],[96.035,29.447],[95.516,29.206],[95.42,29.054],[94.769,29.176],[94.623,29.312],[94.293,29.145],[93.902,28.803],[93.665,28.69],[93.207,28.591],[93.119,28.402],[92.702,28.147],[92.664,27.949],[92.415,27.825],[92.101,27.808],[91.978,27.73],[91.632,27.76],[91.595,27.558],[91.743,27.443],[91.991,27.45],[92.083,27.291],[91.992,27.1],[91.998,26.855],[91.672,26.802],[91.427,26.867],[91.287,26.79],[90.74,26.772],[90.346,26.89],[90.123,26.755],[89.764,26.702],[89.332,26.849],[89.148,26.816],[88.858,26.961],[88.739,27.176],[88.891,27.316],[88.749,27.522],[88.849,27.869],[88.621,28.092],[88.109,27.933],[88.11,27.871],[88.147,27.749],[88.024,27.409],[87.984,27.134],[88.162,26.725],[88.055,26.43],[87.287,26.36],[87.016,26.555],[86.701,26.435],[86.366,26.574],[86.007,26.649],[85.737,26.64],[85.568,26.84],[85.293,26.741],[84.685,27.041],[84.61,27.299],[84.091,27.491],[83.829,27.378],[83.447,27.465],[83.29,27.371],[82.733,27.519],[82.677,27.673],[82.451,27.672],[81.988,27.914],[81.853,27.867],[81.311,28.176],[81.169,28.335],[80.587,28.65],[80.419,28.612],[80.071,28.83],[80.13,29.1],[80.402,29.73],[80.549,29.9],[80.908,30.172],[81.01,30.165],[80.682,30.415],[80.191,30.568],[80.194,30.759],[79.795,30.968],[79.565,30.949],[79.339,31.106],[79.107,31.403],[78.792,31.294],[78.693,31.74],[78.735,31.958],[78.496,32.216],[78.39,32.52],[78.701,32.597],[78.919,32.358],[79.219,32.501],[79.202,32.946],[79.113,33.226],[78.802,33.5],[78.753,34.088],[78.971,34.228],[78.936,34.352],[78.671,34.518],[78.282,34.654],[78.012,35.251],[78.047,35.449],[77.799,35.496],[77.049,35.11],[77.001,34.992],[76.594,34.736],[76.041,34.67],[75.709,34.503],[75.188,34.639],[74.952,34.646],[74.3,34.765],[73.961,34.653],[73.81,34.325],[73.979,34.191],[73.95,34.019],[74.246,33.99],[74.001,33.788],[74.15,33.507],[73.994,33.242],[74.304,32.992],[74.355,32.769],[74.663,32.758],[74.658,32.519],[74.987,32.462],[75.333,32.279],[75.254,32.14],[74.739,31.949],[74.51,31.713],[74.594,31.465],[74.518,31.186],[74.633,31.035],[74.216,30.769],[73.899,30.435],[73.933,30.222],[73.809,30.093],[73.382,29.934],[73.231,29.551],[72.903,29.029],[72.342,28.752],[72.179,28.422],[71.948,28.177],[71.87,27.963],[71.543,27.87],[71.185,27.832],[70.875,27.714],[70.737,27.729],[70.629,27.937],[70.404,28.025],[70.145,27.849],[69.896,27.474],[69.568,27.175],[69.47,26.804],[69.736,26.627],[70.059,26.579],[70.157,26.471],[70.078,26.072],[70.1,25.91],[70.265,25.707],[70.648,25.667],[70.652,25.423],[70.878,25.063],[71.048,24.688],[71.044,24.4],[70.716,24.238],[70.547,24.418],[70.098,24.288],[70.021,24.192],[69.716,24.173],[69.559,24.273],[68.728,24.266],[68.724,23.965],[68.283,23.928],[68.165,23.857]]],[[[93.89,6.831],[93.93,6.973],[93.859,7.207],[93.684,7.184],[93.709,7.001],[93.89,6.831]]],[[[92.723,11.536],[92.798,11.875],[92.748,11.993],[92.879,12.228],[92.864,12.436],[92.99,12.539],[92.965,12.85],[92.886,12.942],[93.074,13.252],[93.062,13.545],[92.857,13.358],[92.807,12.879],[92.74,12.78],[92.695,12.215],[92.534,11.873],[92.723,11.536]]]]}},{"type":"Feature","id":"ne50m:IOT","properties":{"boundaryId":"ne50m:IOT","nodeId":"geo:io","bounds":[72.446,-7.377,72.494,-7.22]},"geometry":{"type":"Polygon","coordinates":[[[72.492,-7.377],[72.494,-7.262],[72.446,-7.22],[72.474,-7.31],[72.467,-7.368],[72.492,-7.377]]]}},{"type":"Feature","id":"ne50m:IRL","properties":{"boundaryId":"ne50m:IRL","nodeId":"geo:ie","bounds":[-10.379,51.483,-6.027,55.353]},"geometry":{"type":"Polygon","coordinates":[[[-7.219,55.092],[-6.962,55.238],[-7.247,55.353],[-7.803,55.2],[-8.275,55.146],[-8.377,54.889],[-8.764,54.681],[-8.23,54.507],[-8.623,54.347],[-8.588,54.231],[-9.316,54.299],[-9.996,54.276],[-9.856,54.004],[-9.878,53.59],[-9.795,53.395],[-9.299,53.098],[-9.586,52.559],[-9.906,52.404],[-9.956,52.137],[-10.379,51.869],[-9.803,51.78],[-9.58,51.689],[-9.835,51.483],[-9.296,51.498],[-8.813,51.585],[-7.665,51.98],[-7.527,52.099],[-6.782,52.21],[-6.561,52.189],[-6.217,52.543],[-6.027,52.927],[-6.142,53.578],[-6.345,53.987],[-6.218,54.089],[-6.65,54.059],[-6.936,54.374],[-7.355,54.121],[-7.855,54.215],[-8.118,54.414],[-7.886,54.666],[-7.55,54.768],[-7.219,55.092]]]}},{"type":"Feature","id":"ne50m:IRN","properties":{"boundaryId":"ne50m:IRN","nodeId":"geo:ir","bounds":[44.023,25.102,63.25,39.769]},"geometry":{"type":"MultiPolygon","coordinates":[[[[56.188,26.921],[56.074,26.983],[55.763,26.812],[55.954,26.701],[56.188,26.921]]],[[[53.914,37.344],[54.017,36.952],[53.374,36.869],[52.19,36.622],[51.762,36.615],[51.119,36.743],[50.533,37.014],[50.338,37.149],[50.13,37.407],[49.47,37.497],[49.081,37.668],[48.96,37.89],[48.869,38.435],[48.593,38.411],[48.417,38.586],[48.023,38.819],[48.242,38.979],[48.136,39.312],[48.322,39.399],[47.996,39.684],[47.773,39.649],[46.853,39.148],[46.491,38.907],[46.114,38.878],[45.48,39.006],[45.141,39.254],[44.817,39.65],[44.587,39.769],[44.456,39.667],[44.389,39.422],[44.023,39.377],[44.178,39.145],[44.272,38.836],[44.291,38.42],[44.431,38.357],[44.211,37.908],[44.561,37.745],[44.574,37.435],[44.794,37.29],[44.765,37.142],[45.031,36.526],[45.241,36.356],[45.362,36.015],[45.723,35.837],[46.167,35.821],[45.971,35.524],[46.112,35.322],[46.134,35.128],[45.921,35.029],[45.678,34.798],[45.638,34.574],[45.438,34.415],[45.529,34.153],[45.397,33.971],[45.738,33.603],[45.879,33.61],[46.146,33.23],[46.113,32.958],[46.377,32.929],[47.121,32.467],[47.371,32.424],[47.512,32.151],[47.83,31.794],[47.679,31.401],[47.679,31.002],[48.011,30.99],[48.015,30.466],[48.331,30.285],[48.546,29.962],[48.919,30.121],[48.917,30.397],[49.555,30.029],[49.983,30.209],[50.169,29.921],[50.65,29.42],[50.675,29.147],[50.876,29.063],[50.867,28.87],[51.062,28.726],[51.094,28.512],[51.279,28.131],[51.666,27.845],[52.031,27.824],[52.476,27.617],[52.692,27.323],[52.983,27.142],[53.455,26.943],[53.706,26.726],[54.247,26.697],[54.645,26.509],[54.896,26.557],[55.294,26.786],[55.424,26.771],[55.65,26.978],[55.941,27.038],[56.356,27.2],[56.813,27.09],[56.982,26.905],[57.072,26.68],[57.104,26.371],[57.335,25.792],[57.733,25.725],[57.796,25.653],[58.314,25.581],[58.798,25.555],[59.046,25.417],[59.456,25.481],[59.616,25.403],[60.025,25.384],[60.664,25.282],[61.412,25.102],[61.588,25.202],[61.669,25.769],[61.754,25.843],[61.87,26.242],[62.239,26.357],[62.439,26.561],[62.787,26.644],[63.168,26.666],[63.25,26.879],[63.167,27.252],[62.763,27.25],[62.812,27.497],[62.74,28.002],[62.763,28.202],[62.565,28.235],[62.353,28.415],[61.89,28.547],[61.623,28.792],[61.338,29.265],[61.318,29.373],[60.843,29.859],[61.784,30.832],[61.814,31.073],[61.66,31.382],[60.854,31.483],[60.792,31.661],[60.829,32.249],[60.577,32.995],[60.561,33.138],[60.917,33.505],[60.511,33.639],[60.486,34.095],[60.726,34.518],[60.951,34.654],[61.08,34.856],[61.262,35.62],[61.252,35.868],[61.12,36.643],[60.341,36.638],[60.063,36.963],[59.562,37.179],[59.241,37.521],[58.815,37.683],[58.436,37.639],[57.711,37.905],[57.424,37.948],[57.194,38.216],[56.441,38.249],[56.229,38.073],[55.578,38.1],[55.076,37.902],[54.849,37.723],[54.745,37.502],[54.192,37.332],[53.914,37.344]]]]}},{"type":"Feature","id":"ne50m:IRQ","properties":{"boundaryId":"ne50m:IRQ","nodeId":"geo:iq","bounds":[38.774,29.064,48.546,37.372]},"geometry":{"type":"Polygon","coordinates":[[[42.359,37.109],[41.789,36.597],[41.417,36.515],[41.296,36.383],[41.246,36.073],[41.354,35.64],[41.216,35.288],[41.195,34.769],[40.987,34.429],[40.689,34.332],[38.774,33.372],[39.058,32.493],[39.041,32.306],[39.145,32.125],[40.369,31.939],[42.074,31.08],[42.858,30.495],[44.1,29.619],[44.691,29.202],[46.356,29.064],[46.531,29.096],[46.906,29.538],[47.114,29.961],[47.331,30.08],[47.673,30.096],[47.979,29.983],[48.142,30.041],[48.546,29.962],[48.331,30.285],[48.015,30.466],[48.011,30.99],[47.679,31.002],[47.679,31.401],[47.83,31.794],[47.512,32.151],[47.371,32.424],[47.121,32.467],[46.377,32.929],[46.113,32.958],[46.146,33.23],[45.879,33.61],[45.738,33.603],[45.397,33.971],[45.529,34.153],[45.438,34.415],[45.638,34.574],[45.678,34.798],[45.921,35.029],[46.134,35.128],[46.112,35.322],[45.971,35.524],[46.167,35.821],[45.723,35.837],[45.362,36.015],[45.241,36.356],[45.031,36.526],[44.765,37.142],[44.606,37.176],[44.282,36.978],[44.208,37.203],[44.013,37.314],[43.836,37.224],[43.516,37.245],[43.092,37.367],[42.775,37.372],[42.359,37.109]]]}},{"type":"Feature","id":"ne50m:ISL","properties":{"boundaryId":"ne50m:ISL","nodeId":"geo:is","bounds":[-24.224,63.407,-13.57,66.515]},"geometry":{"type":"Polygon","coordinates":[[[-15.543,66.229],[-15.985,66.515],[-16.541,66.447],[-16.428,66.278],[-16.748,66.132],[-17.153,66.203],[-17.582,65.971],[-17.907,66.143],[-18.778,66.169],[-19.383,66.076],[-19.594,65.779],[-20.026,66.049],[-20.357,66.033],[-20.357,65.719],[-20.74,65.658],[-21.23,65.421],[-21.466,65.635],[-21.303,65.876],[-21.625,66.09],[-22.426,66.43],[-22.972,66.324],[-22.622,66],[-23.528,66.164],[-23.737,66.069],[-23.909,65.766],[-24.224,65.487],[-23.9,65.408],[-22.902,65.58],[-22.006,65.493],[-21.907,65.4],[-22.473,65.227],[-21.892,65.049],[-22.684,65.026],[-24.026,64.863],[-23.879,64.751],[-23.347,64.824],[-22.467,64.795],[-22.284,64.587],[-21.95,64.515],[-21.833,64.205],[-22.057,64.071],[-22.51,63.991],[-22.607,63.837],[-21.449,63.858],[-21.246,63.935],[-20.198,63.556],[-18.654,63.407],[-17.947,63.536],[-17.816,63.713],[-16.64,63.865],[-16.06,64.111],[-15.495,64.258],[-15.022,64.296],[-14.547,64.446],[-14.465,64.636],[-14.135,64.715],[-13.57,65.068],[-13.805,65.355],[-13.616,65.487],[-14.758,65.756],[-14.74,66.051],[-15.543,66.229]]]}},{"type":"Feature","id":"ne50m:ISR","properties":{"boundaryId":"ne50m:ISR","nodeId":"geo:il","bounds":[34.245,29.477,35.888,33.416]},"geometry":{"type":"Polygon","coordinates":[[[35.841,33.416],[35.533,33.25],[35.411,33.076],[35.109,33.084],[34.678,31.896],[34.477,31.585],[34.526,31.526],[34.245,31.208],[34.659,30.191],[34.904,29.477],[34.973,29.555],[35.142,30.142],[35.174,30.524],[35.439,31.132],[35.451,31.479],[35.101,31.366],[34.873,31.397],[34.951,31.602],[35.198,31.776],[34.99,31.913],[34.956,32.161],[35.065,32.46],[35.193,32.534],[35.551,32.396],[35.573,32.641],[35.787,32.735],[35.888,32.944],[35.816,33.362],[35.841,33.416]]]}},{"type":"Feature","id":"ne50m:ITA","properties":{"boundaryId":"ne50m:ITA","nodeId":"geo:it","bounds":[6.628,36.688,18.486,46.986]},"geometry":{"type":"MultiPolygon","coordinates":[[[[7.021,45.926],[6.804,45.815],[7.153,45.401],[7.078,45.24],[6.628,45.118],[6.738,44.921],[7.031,44.717],[6.843,44.511],[6.967,44.28],[7.651,44.034],[7.493,43.767],[8.082,43.919],[8.552,44.346],[8.766,44.422],[9.289,44.319],[9.731,44.101],[10.048,44.02],[10.246,43.852],[10.321,43.513],[10.708,42.936],[11.168,42.535],[11.185,42.457],[11.637,42.288],[11.807,42.082],[12.075,41.941],[12.631,41.47],[13.089,41.244],[13.247,41.289],[13.733,41.236],[14.102,40.827],[14.309,40.813],[14.459,40.633],[14.766,40.668],[14.986,40.377],[14.951,40.239],[15.295,40.07],[15.693,39.99],[16.024,39.354],[16.197,38.759],[15.972,38.713],[15.822,38.303],[15.643,38.175],[15.725,37.939],[16.057,37.942],[16.282,38.25],[16.546,38.409],[16.559,38.715],[16.755,38.89],[17.175,38.998],[17.115,39.381],[16.824,39.578],[16.598,39.639],[16.53,39.86],[16.67,40.137],[16.928,40.458],[17.215,40.486],[17.476,40.315],[17.865,40.28],[18.078,39.937],[18.344,39.821],[18.486,40.105],[18.328,40.371],[17.955,40.655],[17.474,40.841],[17.103,41.062],[16.013,41.435],[15.914,41.621],[16.151,41.758],[15.964,41.939],[15.169,41.934],[14.866,42.053],[14.183,42.506],[14.01,42.69],[13.805,43.18],[13.564,43.571],[12.907,43.921],[12.691,43.995],[12.396,44.224],[12.248,44.723],[12.523,44.968],[12.226,45.242],[12.274,45.446],[12.498,45.462],[13.03,45.638],[13.206,45.771],[13.72,45.588],[13.486,46.04],[13.633,46.177],[13.4,46.318],[13.7,46.52],[13.169,46.573],[12.388,46.703],[12.154,46.935],[11.776,46.986],[11.244,46.976],[11.025,46.797],[10.453,46.865],[10.431,46.55],[10.087,46.6],[9.939,46.362],[9.639,46.296],[9.26,46.475],[9.251,46.287],[9.022,46.051],[8.954,45.83],[8.458,46.246],[8.371,46.445],[8.082,46.256],[7.993,46.016],[7.788,45.922],[7.539,45.978],[7.129,45.88],[7.021,45.926]],[[12.439,41.898],[12.431,41.898],[12.431,41.905],[12.438,41.906],[12.439,41.898]],[[12.485,43.901],[12.397,43.935],[12.441,43.982],[12.515,43.953],[12.485,43.901]]],[[[15.577,38.22],[15.499,38.291],[15.119,38.153],[14.846,38.172],[14.506,38.046],[13.682,38.001],[13.352,38.181],[13.16,38.19],[12.903,38.035],[12.734,38.183],[12.548,38.053],[12.436,37.82],[12.699,37.572],[12.924,37.571],[13.905,37.101],[14.143,37.104],[14.502,36.799],[14.776,36.71],[15.113,36.688],[15.142,36.892],[15.295,37.013],[15.1,37.459],[15.234,37.785],[15.577,38.22]]],[[[9.632,40.882],[9.615,41.017],[9.283,41.202],[8.998,41.11],[8.821,40.95],[8.468,40.834],[8.204,40.871],[8.19,40.652],[8.471,40.293],[8.408,39.917],[8.451,39.722],[8.418,39.206],[8.649,38.927],[8.881,38.913],[9.056,39.239],[9.563,39.166],[9.617,39.354],[9.701,40.092],[9.643,40.268],[9.805,40.5],[9.632,40.882]]]]}},{"type":"Feature","id":"ne50m:JAM","properties":{"boundaryId":"ne50m:JAM","nodeId":"geo:jm","bounds":[-78.294,17.715,-76.211,18.522]},"geometry":{"type":"Polygon","coordinates":[[[-77.261,18.457],[-77.873,18.522],[-78.217,18.448],[-78.294,18.218],[-78.074,18.191],[-77.768,17.877],[-77.361,17.834],[-77.205,17.715],[-77.071,17.901],[-76.853,17.974],[-76.525,17.866],[-76.211,17.914],[-76.35,18.152],[-76.701,18.257],[-76.908,18.39],[-77.261,18.457]]]}},{"type":"Feature","id":"ne50m:JEY","properties":{"boundaryId":"ne50m:JEY","nodeId":"geo:je","bounds":[-2.236,49.176,-2.019,49.266]},"geometry":{"type":"Polygon","coordinates":[[[-2.019,49.231],[-2.221,49.266],[-2.236,49.176],[-2.019,49.231]]]}},{"type":"Feature","id":"ne50m:JOR","properties":{"boundaryId":"ne50m:JOR","nodeId":"geo:jo","bounds":[34.951,29.19,39.145,33.372]},"geometry":{"type":"Polygon","coordinates":[[[35.787,32.735],[35.573,32.641],[35.551,32.396],[35.559,31.766],[35.451,31.479],[35.439,31.132],[35.174,30.524],[35.142,30.142],[34.973,29.555],[34.951,29.354],[36.015,29.19],[36.476,29.495],[36.755,29.866],[37.469,29.995],[37.634,30.313],[37.98,30.5],[36.959,31.492],[38.962,31.995],[39.145,32.125],[39.041,32.306],[39.058,32.493],[38.774,33.372],[36.818,32.317],[36.372,32.387],[36.059,32.534],[35.787,32.735]]]}},{"type":"Feature","id":"ne50m:JPN","properties":{"boundaryId":"ne50m:JPN","nodeId":"geo:jp","bounds":[129.58,31.015,145.352,45.51]},"geometry":{"type":"MultiPolygon","coordinates":[[[[138.344,37.822],[138.497,37.904],[138.461,38.291],[138.25,38.078],[138.344,37.822]]],[[[143.824,44.117],[143.289,44.397],[142.704,44.819],[142.416,45.125],[141.938,45.51],[141.668,45.401],[141.583,45.156],[141.782,44.716],[141.645,44.019],[141.398,43.643],[141.412,43.381],[141.296,43.2],[140.781,43.215],[140.487,43.338],[140.486,43.05],[140.224,42.796],[139.891,42.649],[139.821,42.388],[140.108,41.913],[139.995,41.576],[140.149,41.423],[140.385,41.519],[140.66,41.816],[141,41.737],[141.151,41.805],[140.734,42.116],[140.528,42.132],[140.315,42.334],[140.48,42.559],[140.71,42.556],[140.986,42.342],[141.407,42.547],[141.851,42.579],[142.508,42.258],[143.237,42],[143.429,42.419],[143.581,42.599],[143.969,42.881],[144.302,42.984],[144.631,42.947],[145.029,43.032],[145.347,43.177],[145.341,43.303],[145.101,43.765],[145.352,44.23],[144.799,43.94],[144.482,43.95],[144.101,44.102],[143.824,44.117]]],[[[131.175,33.603],[130.953,33.872],[130.716,33.928],[130.484,33.835],[130.365,33.634],[129.66,33.365],[129.58,33.236],[129.897,33.022],[129.827,32.725],[130.175,32.851],[130.127,33.105],[130.382,33.093],[130.641,32.619],[130.462,32.305],[130.194,32.091],[130.188,31.769],[130.322,31.601],[130.201,31.292],[130.589,31.179],[130.528,31.46],[130.655,31.718],[130.79,31.269],[130.686,31.015],[131.098,31.256],[131.14,31.442],[131.337,31.405],[131.46,31.671],[131.46,31.883],[131.732,32.593],[131.977,32.844],[131.897,33.255],[131.537,33.274],[131.711,33.502],[131.583,33.652],[131.175,33.603]]],[[[134.357,34.256],[134.076,34.358],[133.706,34.237],[133.582,34.017],[133.134,33.927],[132.99,34.088],[132.784,33.992],[132.643,33.69],[132.366,33.512],[132.511,33.293],[132.495,32.917],[132.977,32.842],[133.286,33.36],[133.632,33.511],[133.959,33.448],[134.182,33.247],[134.377,33.608],[134.739,33.821],[134.638,34.227],[134.357,34.256]]],[[[141.229,41.373],[140.937,41.506],[140.801,41.139],[141.2,41.244],[141.262,41.103],[141.119,40.882],[140.679,40.893],[140.628,41.195],[140.386,41.23],[140.281,40.846],[139.923,40.598],[140.014,40.315],[139.908,40.022],[140.055,39.749],[140.048,39.464],[139.802,38.882],[139.58,38.599],[139.401,38.143],[139.247,38.009],[138.885,37.844],[138.709,37.561],[138.32,37.218],[137.514,36.952],[137.343,36.77],[137.017,36.837],[136.924,37.172],[137.338,37.437],[136.843,37.382],[136.719,37.198],[136.698,36.742],[136.359,36.362],[136.156,36.223],[136.006,35.991],[136.095,35.768],[135.68,35.503],[135.327,35.526],[135.174,35.747],[134.882,35.663],[134.456,35.628],[134.214,35.539],[133.376,35.459],[133.267,35.557],[132.923,35.511],[131.856,34.726],[131.608,34.615],[131.354,34.413],[131.004,34.393],[130.889,34.262],[130.919,33.976],[131.233,33.948],[131.741,34.052],[132.09,33.855],[132.238,34.227],[132.421,34.353],[132.657,34.246],[133.142,34.302],[133.445,34.433],[133.968,34.527],[134.208,34.698],[134.74,34.765],[135.042,34.631],[135.355,34.654],[135.385,34.5],[135.1,34.288],[135.175,33.898],[135.453,33.553],[135.695,33.487],[135.916,33.562],[136.33,34.177],[136.854,34.324],[136.88,34.434],[136.533,34.678],[136.69,34.984],[136.885,34.806],[137.275,34.773],[137.543,34.664],[138.189,34.596],[138.577,35.086],[138.803,34.975],[138.761,34.699],[138.983,34.698],[139.086,34.839],[139.116,35.097],[139.249,35.278],[139.65,35.409],[139.835,35.658],[140.086,35.54],[139.826,35.297],[139.799,34.957],[140.059,35.038],[140.417,35.267],[140.457,35.51],[140.639,35.661],[140.874,35.725],[140.622,36.059],[140.574,36.231],[140.627,36.503],[140.792,36.847],[140.968,37.002],[141.036,37.467],[140.928,37.95],[141.108,38.338],[141.467,38.404],[141.546,38.763],[141.659,38.975],[141.901,39.111],[141.977,39.429],[141.978,39.844],[141.797,40.291],[141.463,40.611],[141.4,41.096],[141.455,41.405],[141.229,41.373]]]]}},{"type":"Feature","id":"ne50m:KAS","properties":{"boundaryId":"ne50m:KAS","nodeId":null,"bounds":[76.767,35.11,77.799,35.662]},"geometry":{"type":"Polygon","coordinates":[[[77.049,35.11],[77.799,35.496],[77.446,35.476],[76.767,35.662],[77.049,35.11]]]}},{"type":"Feature","id":"ne50m:KAZ","properties":{"boundaryId":"ne50m:KAZ","nodeId":"geo:kz","bounds":[46.661,40.656,87.323,55.39]},"geometry":{"type":"Polygon","coordinates":[[[70.947,42.249],[71.023,42.535],[71.257,42.734],[71.817,42.822],[72.753,42.638],[72.855,42.561],[73.283,42.504],[73.422,42.594],[73.556,43.003],[74.209,43.24],[75.048,42.904],[75.636,42.815],[75.79,42.933],[76.509,42.919],[77.057,42.971],[77.236,42.913],[78.023,42.858],[78.524,42.865],[79.165,42.759],[79.49,42.458],[79.921,42.413],[80.209,42.19],[80.165,42.666],[80.25,42.797],[80.544,42.912],[80.39,43.043],[80.786,43.162],[80.496,43.892],[80.355,44.097],[80.336,44.438],[80.455,44.746],[79.997,44.797],[80.059,45.006],[80.853,45.129],[81.602,45.311],[81.989,45.162],[82.267,45.219],[82.479,45.124],[82.621,45.293],[82.583,45.443],[82.327,45.52],[82.555,46.159],[83.004,47.033],[83.193,47.187],[84.016,46.971],[84.667,46.972],[84.786,46.831],[85.233,47.036],[85.485,47.064],[85.657,47.255],[85.526,47.916],[85.749,48.385],[86.549,48.529],[86.718,48.697],[86.753,49.009],[86.886,49.091],[87.323,49.086],[86.953,49.322],[86.614,49.61],[86.181,49.499],[85.21,49.665],[85.001,49.894],[84.989,50.061],[84.258,50.288],[84.176,50.521],[83.945,50.775],[83.357,50.995],[82.761,50.893],[82.494,50.728],[81.934,50.766],[81.466,50.74],[81.388,50.956],[81.125,50.946],[81.127,51.191],[80.877,51.281],[80.448,51.183],[80.424,50.946],[79.986,50.775],[79.469,51.493],[78.475,52.638],[77.704,53.379],[76.576,53.943],[76.789,54.322],[76.267,54.312],[75.657,54.106],[75.052,53.827],[74.834,53.826],[74.452,53.647],[73.286,53.598],[73.399,53.811],[72.914,54.107],[72.387,54.123],[72.004,54.206],[71.336,54.158],[71.093,54.212],[71.186,54.599],[70.91,55.128],[70.738,55.305],[70.182,55.162],[69.493,55.357],[68.977,55.39],[68.525,55.205],[68.206,55.161],[68.074,54.96],[67.693,54.872],[66.223,54.667],[65.477,54.623],[65.158,54.364],[64.461,54.384],[64.004,54.267],[63.191,54.171],[63.074,54.105],[61.929,53.946],[61.334,54.049],[61.144,53.964],[60.979,53.622],[61.248,53.551],[61.199,53.287],[61.66,53.228],[62.015,53.108],[61.974,52.944],[61.401,52.996],[61.047,52.972],[60.802,52.745],[60.938,52.281],[60.066,51.976],[60.465,51.651],[61.363,51.442],[61.585,51.23],[61.389,50.861],[60.942,50.696],[60.638,50.664],[59.955,50.799],[59.812,50.582],[58.884,50.694],[58.359,51.064],[57.839,51.092],[57.442,50.889],[57.012,51.065],[56.491,51.02],[55.798,50.602],[55.542,50.602],[54.727,50.998],[54.421,50.78],[54.042,51.115],[53.688,51.252],[53.338,51.482],[52.571,51.482],[52.331,51.681],[52.007,51.673],[51.609,51.484],[51.345,51.475],[51.163,51.647],[50.794,51.729],[50.247,51.29],[49.822,51.132],[49.498,51.084],[49.323,50.852],[48.808,50.601],[48.7,50.354],[48.843,50.013],[48.434,49.829],[48.225,49.932],[47.706,50.378],[47.326,50.274],[47.295,50.058],[46.992,49.853],[46.802,49.367],[47.014,49.098],[46.703,48.806],[46.661,48.412],[47.004,48.284],[47.093,47.948],[47.292,47.741],[47.482,47.804],[48.11,47.745],[48.553,47.321],[48.959,46.775],[48.61,46.566],[49.232,46.337],[49.347,46.519],[50,46.634],[50.419,46.879],[50.583,46.882],[51.178,47.11],[51.65,47.018],[51.745,46.934],[52.189,46.84],[52.483,46.991],[52.916,46.954],[53.17,46.669],[53.079,46.547],[53.135,46.192],[52.774,45.573],[53.086,45.407],[53.079,45.308],[52.531,45.399],[51.733,45.399],[51.416,45.358],[51.25,45.122],[51.04,44.98],[51.058,44.812],[51.377,44.541],[51.177,44.501],[50.86,44.629],[50.409,44.624],[50.331,44.325],[50.831,44.193],[51.14,43.649],[51.302,43.482],[51.295,43.174],[51.616,43.158],[51.844,42.91],[52.597,42.76],[52.618,42.428],[52.462,42.101],[52.494,41.78],[52.871,42.061],[53.25,42.206],[54.121,42.335],[54.678,42.078],[54.904,41.919],[55.25,41.458],[55.545,41.263],[55.977,41.322],[55.977,42.47],[55.976,43.618],[55.976,44.995],[57.477,45.337],[58.555,45.555],[60.188,44.784],[61.008,44.394],[61.161,44.169],[61.99,43.492],[63.207,43.628],[64.443,43.551],[64.905,43.715],[65.271,43.418],[65.496,43.311],[65.803,42.877],[66.1,42.991],[66.01,42.005],[66.499,41.995],[66.669,41.271],[66.814,41.142],[67.936,41.197],[68.113,41.029],[68.048,40.809],[68.292,40.656],[68.601,40.66],[68.584,40.876],[68.987,41.205],[69.065,41.367],[69.664,41.672],[70.096,41.821],[70.416,42.079],[70.613,42.055],[70.947,42.249]]]}},{"type":"Feature","id":"ne50m:KEN","properties":{"boundaryId":"ne50m:KEN","nodeId":"geo:ke","bounds":[33.903,-4.692,41.884,5.492]},"geometry":{"type":"Polygon","coordinates":[[[33.903,-1.002],[33.979,-1.002],[34.984,-1.561],[35.837,-2.037],[36.903,-2.632],[37.644,-3.045],[37.688,-3.246],[37.609,-3.46],[37.797,-3.674],[39.222,-4.692],[39.491,-4.478],[39.819,-3.786],[39.861,-3.577],[40.115,-3.251],[40.195,-3.019],[40.222,-2.688],[40.404,-2.556],[40.644,-2.539],[40.898,-2.27],[40.996,-1.951],[41.107,-1.982],[41.387,-1.867],[41.533,-1.695],[41.522,-1.572],[40.979,-0.87],[40.973,0.535],[40.97,1.378],[40.964,2.815],[41.342,3.202],[41.884,3.978],[41.221,3.944],[41.087,3.992],[40.765,4.273],[39.842,3.851],[39.658,3.578],[39.494,3.456],[39.225,3.479],[38.608,3.6],[38.086,3.649],[36.906,4.411],[36.082,4.45],[35.979,4.504],[35.763,4.808],[35.8,5.157],[35.745,5.344],[35.268,5.492],[33.976,4.22],[34.165,3.813],[34.393,3.692],[34.448,3.163],[34.589,2.925],[34.742,2.818],[34.883,2.418],[34.964,2.062],[34.965,1.643],[34.784,1.381],[34.788,1.231],[34.482,1.042],[34.411,0.867],[34.161,0.605],[33.943,0.174],[33.903,-1.002]]]}},{"type":"Feature","id":"ne50m:KGZ","properties":{"boundaryId":"ne50m:KGZ","nodeId":"geo:kg","bounds":[69.229,39.208,80.216,43.24]},"geometry":{"type":"Polygon","coordinates":[[[70.958,40.239],[70.451,40.049],[69.967,40.202],[69.53,40.097],[69.432,39.91],[69.229,39.761],[69.298,39.525],[69.599,39.574],[70.245,39.543],[70.608,39.564],[70.733,39.413],[71.404,39.598],[71.732,39.423],[71.806,39.276],[72.043,39.352],[72.23,39.208],[72.358,39.337],[72.64,39.386],[73.235,39.375],[73.632,39.449],[73.915,39.606],[73.835,39.8],[73.992,40.043],[74.412,40.137],[75.004,40.45],[75.583,40.605],[75.656,40.329],[75.872,40.303],[76.48,40.45],[76.824,40.982],[76.987,41.039],[77.582,40.993],[78.123,41.076],[78.362,41.372],[79.294,41.783],[79.766,41.899],[79.84,41.996],[80.216,42.032],[80.209,42.19],[79.921,42.413],[79.49,42.458],[79.165,42.759],[78.524,42.865],[78.023,42.858],[77.236,42.913],[77.057,42.971],[76.509,42.919],[75.79,42.933],[75.636,42.815],[75.048,42.904],[74.209,43.24],[73.556,43.003],[73.422,42.594],[73.283,42.504],[72.855,42.561],[72.753,42.638],[71.817,42.822],[71.257,42.734],[71.023,42.535],[70.947,42.249],[71.229,42.163],[70.842,42.02],[70.181,41.571],[70.471,41.413],[70.646,41.46],[70.782,41.263],[71.111,41.153],[71.408,41.136],[71.421,41.342],[71.792,41.413],[71.879,41.195],[72.164,41.174],[72.62,40.884],[73.113,40.786],[72.358,40.402],[72.131,40.439],[71.956,40.259],[71.692,40.152],[71.305,40.287],[70.958,40.239]]]}},{"type":"Feature","id":"ne50m:KHM","properties":{"boundaryId":"ne50m:KHM","nodeId":"geo:kh","bounds":[102.32,10.411,107.605,14.705]},"geometry":{"type":"Polygon","coordinates":[[[107.519,14.705],[107.293,14.592],[107.109,14.417],[106.82,14.315],[106.501,14.578],[106.355,14.455],[105.979,14.343],[106.125,14.049],[105.904,13.925],[105.74,14.085],[105.532,14.156],[105.35,14.11],[105.183,14.346],[104.779,14.428],[104.412,14.37],[103.818,14.362],[103.6,14.421],[103.199,14.333],[102.909,14.137],[102.729,13.842],[102.545,13.66],[102.32,13.54],[102.331,13.288],[102.462,13.015],[102.5,12.67],[102.756,12.426],[102.737,12.09],[102.934,11.707],[103.125,11.461],[103.091,11.211],[103.153,10.914],[103.354,10.922],[103.532,11.147],[103.722,10.89],[103.532,10.605],[103.662,10.509],[103.937,10.587],[104.262,10.541],[104.426,10.411],[104.564,10.516],[104.851,10.534],[105.061,10.734],[105.022,10.887],[105.315,10.845],[105.387,10.94],[105.755,10.99],[106.099,10.797],[106.168,11.012],[105.856,11.294],[105.851,11.635],[106.006,11.758],[106.34,11.682],[106.414,11.948],[106.7,11.979],[106.931,12.077],[107.159,12.277],[107.506,12.365],[107.555,12.54],[107.475,13.03],[107.605,13.438],[107.331,14.127],[107.364,14.369],[107.519,14.705]]]}},{"type":"Feature","id":"ne50m:KIR","properties":{"boundaryId":"ne50m:KIR","nodeId":"geo:ki","bounds":[-157.42,1.732,-157.246,1.856]},"geometry":{"type":"Polygon","coordinates":[[[-157.342,1.856],[-157.42,1.788],[-157.246,1.732],[-157.342,1.856]]]}},{"type":"Feature","id":"ne50m:KNA","properties":{"boundaryId":"ne50m:KNA","nodeId":"geo:kn","bounds":[-62.839,17.24,-62.631,17.403]},"geometry":{"type":"Polygon","coordinates":[[[-62.631,17.24],[-62.714,17.353],[-62.795,17.403],[-62.839,17.339],[-62.631,17.24]]]}},{"type":"Feature","id":"ne50m:KOR","properties":{"boundaryId":"ne50m:KOR","nodeId":"geo:kr","bounds":[126.181,33.224,129.562,38.623]},"geometry":{"type":"MultiPolygon","coordinates":[[[[126.634,37.782],[126.563,37.717],[126.746,37.194],[126.578,37.02],[126.217,36.871],[126.181,36.692],[126.389,36.651],[126.548,36.478],[126.54,36.166],[126.693,36.014],[126.717,35.769],[126.488,35.647],[126.493,35.501],[126.291,35.154],[126.398,34.933],[126.508,34.351],[127.031,34.607],[127.325,34.463],[127.479,34.625],[127.39,34.743],[127.715,34.955],[128.036,35.022],[128.095,34.934],[128.444,34.87],[128.511,35.101],[128.98,35.102],[129.214,35.182],[129.419,35.498],[129.562,35.948],[129.404,36.052],[129.393,36.323],[129.473,36.742],[129.335,37.275],[129.052,37.678],[128.619,38.176],[128.375,38.623],[128.169,38.359],[128.039,38.309],[127.17,38.305],[127.01,38.241],[126.667,37.917],[126.634,37.782]]],[[[126.327,33.224],[126.582,33.238],[126.873,33.341],[126.901,33.515],[126.696,33.549],[126.338,33.46],[126.327,33.224]]]]}},{"type":"Feature","id":"ne50m:KOS","properties":{"boundaryId":"ne50m:KOS","nodeId":null,"bounds":[20.029,41.874,21.753,43.199]},"geometry":{"type":"Polygon","coordinates":[[[20.344,42.828],[20.029,42.732],[20.064,42.547],[20.241,42.339],[20.485,42.223],[20.566,41.874],[20.778,42.071],[21.06,42.171],[21.256,42.1],[21.563,42.248],[21.753,42.67],[21.391,42.751],[21.057,43.092],[20.623,43.199],[20.624,43.034],[20.344,42.828]]]}},{"type":"Feature","id":"ne50m:KWT","properties":{"boundaryId":"ne50m:KWT","nodeId":"geo:kw","bounds":[46.531,28.533,48.442,30.096]},"geometry":{"type":"Polygon","coordinates":[[[48.442,28.543],[48.184,28.979],[48.051,29.355],[47.725,29.417],[47.97,29.617],[48.136,29.618],[47.979,29.983],[47.673,30.096],[47.331,30.08],[47.114,29.961],[46.906,29.538],[46.531,29.096],[47.433,28.99],[47.671,28.533],[48.442,28.543]]]}},{"type":"Feature","id":"ne50m:LAO","properties":{"boundaryId":"ne50m:LAO","nodeId":"geo:la","bounds":[100.122,13.925,107.653,22.462]},"geometry":{"type":"Polygon","coordinates":[[[102.127,22.379],[101.842,22.388],[101.671,22.462],[101.525,22.254],[101.603,21.99],[101.737,21.827],[101.705,21.15],[101.542,21.234],[101.224,21.224],[101.139,21.567],[100.928,21.366],[100.757,21.313],[100.536,20.992],[100.565,20.825],[100.249,20.73],[100.122,20.317],[100.318,20.386],[100.543,20.089],[100.398,19.756],[100.625,19.5],[100.967,19.611],[101.155,19.579],[101.286,18.977],[101.051,18.407],[101.138,18.287],[101.113,18.034],[100.908,17.584],[101.105,17.48],[101.688,17.889],[101.775,18.033],[102.101,18.211],[102.352,18.046],[102.718,17.892],[103.051,18.029],[103.149,18.222],[103.367,18.423],[103.95,18.319],[104.428,17.699],[104.74,17.462],[104.816,17.3],[104.759,17.077],[104.751,16.648],[104.819,16.466],[105.047,16.16],[105.406,15.987],[105.373,15.89],[105.622,15.7],[105.616,15.488],[105.513,15.361],[105.547,14.932],[105.476,14.53],[105.183,14.346],[105.35,14.11],[105.532,14.156],[105.74,14.085],[105.904,13.925],[106.125,14.049],[105.979,14.343],[106.355,14.455],[106.501,14.578],[106.82,14.315],[107.109,14.417],[107.293,14.592],[107.519,14.705],[107.48,14.98],[107.653,15.255],[107.19,15.747],[107.396,16.043],[106.931,16.353],[106.832,16.526],[106.696,16.459],[106.546,16.651],[106.502,16.954],[106.27,17.217],[106.006,17.415],[105.691,17.738],[105.458,18.154],[105.333,18.19],[105.086,18.45],[105.115,18.679],[104.717,18.803],[103.896,19.34],[104.063,19.483],[104.032,19.675],[104.26,19.685],[104.546,19.611],[104.743,19.755],[104.928,20.018],[104.889,20.169],[104.699,20.205],[104.619,20.375],[104.392,20.425],[104.583,20.647],[104.195,20.914],[104.052,20.941],[103.635,20.697],[103.104,20.892],[102.851,21.266],[102.949,21.57],[102.845,21.735],[102.695,21.662],[102.583,21.904],[102.127,22.379]]]}},{"type":"Feature","id":"ne50m:LBN","properties":{"boundaryId":"ne50m:LBN","nodeId":"geo:lb","bounds":[35.109,33.076,36.585,34.629]},"geometry":{"type":"Polygon","coordinates":[[[35.976,34.629],[35.648,34.248],[35.612,34.032],[35.109,33.084],[35.411,33.076],[35.533,33.25],[35.841,33.416],[35.869,33.432],[35.942,33.668],[36.282,33.894],[36.585,34.221],[36.433,34.613],[35.976,34.629]]]}},{"type":"Feature","id":"ne50m:LBR","properties":{"boundaryId":"ne50m:LBR","nodeId":"geo:lr","bounds":[-11.508,4.351,-7.4,8.535]},"geometry":{"type":"Polygon","coordinates":[[[-11.508,6.907],[-11.292,6.688],[-10.849,6.465],[-10.786,6.31],[-10.276,6.078],[-9.132,5.055],[-8.259,4.59],[-7.545,4.351],[-7.591,4.822],[-7.569,5.081],[-7.43,5.325],[-7.4,5.551],[-7.454,5.841],[-7.797,5.975],[-7.889,6.235],[-8.204,6.291],[-8.604,6.508],[-8.333,6.802],[-8.297,7.074],[-8.486,7.558],[-8.708,7.659],[-8.89,7.263],[-9.118,7.216],[-9.263,7.378],[-9.46,7.443],[-9.369,7.64],[-9.518,8.346],[-9.768,8.535],[-10.064,8.43],[-10.283,8.485],[-10.39,8.158],[-10.571,8.071],[-10.647,7.759],[-11.268,7.233],[-11.508,6.907]]]}},{"type":"Feature","id":"ne50m:LBY","properties":{"boundaryId":"ne50m:LBY","nodeId":"geo:ly","bounds":[9.31,19.497,25.15,33.182]},"geometry":{"type":"Polygon","coordinates":[[[9.519,30.229],[9.31,30.115],[9.673,29.567],[9.843,28.967],[9.816,28.56],[9.916,27.786],[9.748,27.331],[9.894,26.848],[9.859,26.552],[9.491,26.334],[9.448,26.067],[10.001,25.332],[10.028,25.051],[10.256,24.591],[10.439,24.48],[10.686,24.551],[11.537,24.291],[11.968,23.518],[13.481,23.18],[13.599,23.12],[14.231,22.618],[14.979,22.996],[15.984,23.445],[16.794,23.045],[18.231,22.336],[19.669,21.626],[20.627,21.153],[21.585,20.679],[23.022,19.97],[23.98,19.497],[23.98,19.996],[24.979,20.003],[24.98,20.999],[24.98,21.996],[24.98,23.568],[24.98,24.691],[24.98,26.038],[24.98,27.61],[24.98,29.182],[24.726,30.251],[24.878,30.458],[24.974,30.777],[24.853,31.335],[25.15,31.655],[25.025,31.883],[24.684,32.016],[24.13,32.009],[23.798,32.159],[23.286,32.214],[23.106,32.331],[23.091,32.619],[22.187,32.918],[21.636,32.937],[21.425,32.799],[21.062,32.776],[20.621,32.58],[20.121,32.219],[19.926,31.818],[19.961,31.556],[20.151,31.079],[20.013,30.801],[19.713,30.488],[19.292,30.288],[18.936,30.29],[18.67,30.416],[18.19,30.777],[17.349,31.081],[16.782,31.215],[16.123,31.264],[15.706,31.426],[15.496,31.657],[15.363,31.971],[15.359,32.16],[15.177,32.391],[14.513,32.511],[14.237,32.681],[13.648,32.799],[13.283,32.915],[12.754,32.801],[12.28,32.859],[11.813,33.094],[11.505,33.182],[11.454,32.643],[11.505,32.414],[10.826,32.081],[10.609,31.93],[10.476,31.736],[10.306,31.705],[10.115,31.464],[10.243,31.032],[10.216,30.783],[9.895,30.387],[9.519,30.229]]]}},{"type":"Feature","id":"ne50m:LCA","properties":{"boundaryId":"ne50m:LCA","nodeId":"geo:lc","bounds":[-61.064,13.822,-60.887,14.011]},"geometry":{"type":"Polygon","coordinates":[[[-60.895,13.822],[-60.887,14.011],[-61.064,13.916],[-60.895,13.822]]]}},{"type":"Feature","id":"ne50m:LIE","properties":{"boundaryId":"ne50m:LIE","nodeId":"geo:li","bounds":[9.488,47.057,9.58,47.271]},"geometry":{"type":"Polygon","coordinates":[[[9.58,47.057],[9.528,47.271],[9.488,47.062],[9.58,47.057]]]}},{"type":"Feature","id":"ne50m:LKA","properties":{"boundaryId":"ne50m:LKA","nodeId":"geo:lk","bounds":[79.708,5.949,81.874,9.813]},"geometry":{"type":"Polygon","coordinates":[[[79.982,9.813],[80.086,9.578],[80.118,9.327],[80.065,9.096],[79.929,8.899],[79.942,8.692],[79.851,8.412],[79.809,8.05],[79.708,8.066],[79.792,7.585],[79.859,6.829],[80.095,6.153],[80.267,6.01],[80.496,5.949],[80.724,5.979],[81.38,6.241],[81.637,6.425],[81.768,6.614],[81.861,6.901],[81.874,7.288],[81.665,7.782],[81.436,8.119],[81.373,8.431],[80.711,9.366],[80.376,9.642],[80.253,9.796],[79.982,9.813]]]}},{"type":"Feature","id":"ne50m:LSO","properties":{"boundaryId":"ne50m:LSO","nodeId":"geo:ls","bounds":[27.052,-30.642,29.391,-28.582]},"geometry":{"type":"Polygon","coordinates":[[[28.737,-30.102],[29.098,-29.919],[29.142,-29.701],[29.294,-29.567],[29.391,-29.27],[29.301,-29.09],[28.954,-28.881],[28.626,-28.582],[28.233,-28.701],[27.96,-28.873],[27.736,-28.94],[27.295,-29.519],[27.052,-29.664],[27.355,-30.159],[27.388,-30.316],[27.753,-30.6],[28.018,-30.642],[28.392,-30.148],[28.737,-30.102]]]}},{"type":"Feature","id":"ne50m:LTU","properties":{"boundaryId":"ne50m:LTU","nodeId":"geo:lt","bounds":[21.046,53.893,26.594,56.407]},"geometry":{"type":"Polygon","coordinates":[[[22.766,54.357],[23.016,54.348],[23.454,54.143],[23.485,53.94],[24.191,53.95],[24.318,53.893],[24.768,53.975],[25.547,54.332],[25.725,54.564],[25.859,54.919],[26.175,55.003],[26.458,55.342],[26.594,55.668],[26.281,55.75],[25.586,56.13],[25.07,56.2],[24.903,56.398],[24.121,56.264],[23.813,56.329],[22.085,56.407],[21.654,56.315],[21.046,56.07],[21.062,55.813],[21.238,55.455],[21.236,55.264],[22.072,55.064],[22.567,55.059],[22.831,54.838],[22.68,54.493],[22.766,54.357]]]}},{"type":"Feature","id":"ne50m:LUX","properties":{"boundaryId":"ne50m:LUX","nodeId":"geo:lu","bounds":[5.744,49.453,6.487,50.167]},"geometry":{"type":"Polygon","coordinates":[[[6.117,50.121],[5.976,50.167],[5.744,49.92],[5.88,49.645],[5.79,49.538],[5.959,49.455],[6.344,49.453],[6.487,49.798],[6.256,49.872],[6.117,50.121]]]}},{"type":"Feature","id":"ne50m:LVA","properties":{"boundaryId":"ne50m:LVA","nodeId":"geo:lv","bounds":[21.046,55.668,28.148,58.063]},"geometry":{"type":"Polygon","coordinates":[[[26.594,55.668],[27.053,55.831],[27.577,55.799],[27.896,56.076],[28.148,56.143],[28.103,56.546],[27.806,56.867],[27.797,57.317],[27.352,57.528],[26.9,57.609],[26.533,57.531],[26.298,57.601],[25.991,57.838],[25.111,58.063],[24.323,57.871],[24.403,57.325],[24.281,57.172],[23.931,57.008],[23.648,56.971],[23.287,57.09],[23.137,57.324],[22.649,57.595],[22.555,57.724],[21.729,57.571],[21.459,57.322],[21.351,57.018],[21.071,56.824],[21.046,56.07],[21.654,56.315],[22.085,56.407],[23.813,56.329],[24.121,56.264],[24.903,56.398],[25.07,56.2],[25.586,56.13],[26.281,55.75],[26.594,55.668]]]}},{"type":"Feature","id":"ne50m:MAC","properties":{"boundaryId":"ne50m:MAC","nodeId":"geo:mo","navigationNodeId":"geo:cn","parentNodeId":"geo:cn","bounds":[113.479,22.196,113.527,22.246]},"geometry":{"type":"Polygon","coordinates":[[[113.479,22.196],[113.527,22.246],[113.494,22.242],[113.479,22.196]]]}},{"type":"Feature","id":"ne50m:MAF","properties":{"boundaryId":"ne50m:MAF","nodeId":"geo:mf","bounds":[-63.123,18.069,-63.011,18.115]},"geometry":{"type":"Polygon","coordinates":[[[-63.011,18.069],[-63.063,18.115],[-63.123,18.069],[-63.011,18.069]]]}},{"type":"Feature","id":"ne50m:MAR","properties":{"boundaryId":"ne50m:MAR","nodeId":"geo:ma","bounds":[-17.003,21.421,-1.066,35.93]},"geometry":{"type":"Polygon","coordinates":[[[-2.22,35.104],[-2.84,35.128],[-2.972,35.407],[-3.206,35.239],[-3.693,35.28],[-4.33,35.161],[-4.837,35.281],[-5.105,35.468],[-5.338,35.745],[-5.397,35.93],[-5.925,35.786],[-6.353,34.776],[-6.756,34.133],[-6.901,33.969],[-7.562,33.64],[-8.301,33.374],[-8.596,33.187],[-8.836,32.92],[-9.246,32.572],[-9.347,32.086],[-9.675,31.711],[-9.809,31.425],[-9.832,30.847],[-9.875,30.718],[-9.653,30.448],[-9.667,30.109],[-9.853,29.809],[-10.486,29.065],[-11.081,28.714],[-11.43,28.382],[-11.986,28.129],[-12.949,27.914],[-13.176,27.656],[-13.576,26.735],[-13.952,26.489],[-14.414,26.254],[-14.523,25.925],[-14.795,25.404],[-14.856,24.872],[-15.039,24.549],[-15.189,24.479],[-15.586,24.073],[-15.899,23.844],[-15.806,23.75],[-16.21,23.098],[-16.359,22.595],[-16.514,22.333],[-16.793,22.16],[-16.931,21.9],[-17.003,21.421],[-16.731,21.47],[-15.751,21.491],[-15.461,21.451],[-14.841,21.451],[-14.671,21.6],[-14.631,21.861],[-14.221,22.31],[-14.171,22.76],[-14.021,23.411],[-13.891,23.691],[-13.771,23.791],[-13.311,23.981],[-13.061,24.401],[-12.431,24.831],[-12.311,25.111],[-12.031,26.031],[-11.718,26.104],[-11.637,26.296],[-11.338,26.633],[-11.393,26.883],[-10.923,27.01],[-10.551,26.991],[-10.251,26.861],[-10.033,26.911],[-9.735,26.861],[-9.413,27.088],[-9.002,27.09],[-8.754,27.191],[-8.818,27.656],[-8.683,27.656],[-8.683,28.621],[-8.66,28.719],[-7.685,29.35],[-7.486,29.392],[-7.095,29.625],[-6.635,29.569],[-6.501,29.809],[-5.775,29.869],[-5.449,29.957],[-5.18,30.166],[-4.968,30.465],[-4.323,30.699],[-3.985,30.914],[-3.702,30.944],[-3.673,31.111],[-3.833,31.198],[-3.827,31.662],[-3.44,31.705],[-3.017,31.834],[-2.931,32.043],[-2.448,32.13],[-1.275,32.089],[-1.24,32.338],[-1.066,32.468],[-1.51,32.878],[-1.679,33.319],[-1.631,33.567],[-1.703,33.717],[-1.707,34.176],[-1.85,34.607],[-1.796,34.752],[-2.132,34.971],[-2.22,35.104]]]}},{"type":"Feature","id":"ne50m:MCO","properties":{"boundaryId":"ne50m:MCO","nodeId":"geo:mc","bounds":[7.378,43.732,7.439,43.771]},"geometry":{"type":"Polygon","coordinates":[[[7.439,43.75],[7.414,43.771],[7.378,43.732],[7.439,43.75]]]}},{"type":"Feature","id":"ne50m:MDA","properties":{"boundaryId":"ne50m:MDA","nodeId":"geo:md","bounds":[26.619,45.45,29.924,48.478]},"geometry":{"type":"Polygon","coordinates":[[[26.619,48.26],[26.981,48.155],[27.337,47.64],[27.854,47.115],[28.072,46.978],[28.239,46.641],[28.244,46.451],[28.1,45.973],[28.213,45.45],[28.471,45.507],[28.492,45.666],[28.948,46.05],[28.927,46.424],[29.146,46.527],[29.838,46.351],[29.924,46.539],[29.878,46.829],[29.572,46.964],[29.549,47.247],[29.16,47.456],[29.195,47.882],[28.973,47.933],[28.774,48.12],[28.327,48.161],[27.82,48.416],[27.549,48.478],[27.229,48.371],[26.847,48.387],[26.619,48.26]]]}},{"type":"Feature","id":"ne50m:MDG","properties":{"boundaryId":"ne50m:MDG","nodeId":"geo:mg","bounds":[43.265,-25.563,50.483,-12.08]},"geometry":{"type":"Polygon","coordinates":[[[49.538,-12.432],[49.207,-12.08],[48.9,-12.458],[48.91,-12.936],[48.796,-13.267],[48.405,-13.538],[48.255,-13.719],[48.04,-13.596],[47.896,-13.731],[47.996,-13.96],[47.773,-14.37],[47.812,-14.545],[47.496,-14.818],[47.28,-14.943],[46.993,-15.243],[46.882,-15.23],[46.475,-15.513],[46.331,-15.714],[45.7,-15.814],[45.598,-15.993],[45.342,-16.037],[45.167,-15.983],[44.909,-16.175],[44.476,-16.217],[44.427,-16.289],[44.421,-16.703],[43.979,-17.392],[44.04,-18.288],[44.233,-18.741],[44.239,-19.075],[44.449,-19.429],[44.405,-19.922],[44.24,-20.38],[43.911,-20.866],[43.8,-21.179],[43.502,-21.356],[43.438,-21.647],[43.267,-22.049],[43.265,-22.384],[43.398,-22.886],[43.57,-23.08],[43.722,-23.53],[43.646,-23.742],[43.688,-24.358],[43.852,-24.538],[44.035,-24.996],[44.346,-25.226],[44.813,-25.334],[45.115,-25.543],[45.508,-25.563],[46.159,-25.23],[46.729,-25.15],[47.035,-24.979],[47.177,-24.787],[47.373,-24.218],[47.558,-23.875],[47.739,-23.233],[47.908,-22.466],[48.176,-21.843],[48.351,-21.349],[48.607,-20.458],[48.797,-19.953],[49.06,-19.12],[49.363,-18.336],[49.478,-17.899],[49.437,-17.347],[49.54,-17.033],[49.767,-16.815],[49.839,-16.487],[49.831,-16.256],[49.713,-16.077],[49.65,-15.567],[49.893,-15.458],[50.02,-15.802],[50.209,-15.96],[50.405,-15.629],[50.483,-15.386],[50.441,-15.149],[50.235,-14.732],[50.174,-14.04],[49.938,-13.072],[49.638,-12.637],[49.538,-12.432]]]}},{"type":"Feature","id":"ne50m:MDV","properties":{"boundaryId":"ne50m:MDV","nodeId":"geo:mv","bounds":[73.473,4.165,73.528,4.243]},"geometry":{"type":"Polygon","coordinates":[[[73.512,4.165],[73.528,4.243],[73.504,4.235],[73.473,4.171],[73.512,4.165]]]}},{"type":"Feature","id":"ne50m:MEX","properties":{"boundaryId":"ne50m:MEX","nodeId":"geo:mx","bounds":[-117.128,14.545,-86.772,32.715]},"geometry":{"type":"MultiPolygon","coordinates":[[[[-117.128,32.533],[-116.914,32.199],[-116.848,31.997],[-116.621,31.851],[-116.662,31.565],[-116.333,31.203],[-116.296,30.971],[-116.062,30.804],[-115.996,30.414],[-115.816,30.304],[-115.674,29.756],[-115.166,29.427],[-114.994,29.384],[-114.146,28.605],[-114.048,28.426],[-114.185,28.013],[-114.301,27.873],[-114.57,27.784],[-114.994,27.736],[-114.54,27.431],[-114.445,27.218],[-113.841,26.967],[-113.599,26.721],[-113.206,26.857],[-113.021,26.583],[-112.658,26.317],[-112.377,26.214],[-112.174,25.913],[-112.056,25.488],[-112.129,25.043],[-112.073,24.84],[-111.419,24.329],[-111.036,24.105],[-110.63,23.737],[-110.363,23.605],[-110.181,23.342],[-110.086,23.005],[-109.923,22.886],[-109.728,22.982],[-109.458,23.215],[-109.421,23.48],[-109.677,23.662],[-109.711,23.804],[-110.023,24.175],[-110.547,24.214],[-110.735,24.59],[-110.677,24.789],[-110.894,25.144],[-111.034,25.527],[-111.292,25.79],[-111.332,26.125],[-111.57,26.708],[-112.009,26.967],[-112.191,27.187],[-112.329,27.523],[-112.734,27.826],[-112.871,28.424],[-113.094,28.512],[-113.206,28.799],[-113.5,28.927],[-113.545,29.102],[-113.755,29.367],[-114.179,29.734],[-114.373,29.83],[-114.65,30.238],[-114.633,30.507],[-114.761,30.959],[-114.882,31.156],[-114.84,31.799],[-114.549,31.734],[-114.149,31.507],[-113.948,31.629],[-113.633,31.468],[-113.623,31.346],[-113.047,31.179],[-113.11,30.793],[-112.825,30.3],[-112.738,29.985],[-112.415,29.536],[-112.378,29.348],[-112.223,29.269],[-112.162,29.019],[-111.941,28.823],[-111.68,28.471],[-111.472,28.384],[-111.121,27.967],[-110.921,27.889],[-110.53,27.864],[-110.615,27.654],[-110.478,27.323],[-110.277,27.162],[-109.944,27.079],[-109.755,26.703],[-109.483,26.71],[-109.276,26.534],[-109.2,26.305],[-109.426,26.033],[-109.385,25.727],[-109.029,25.48],[-108.751,25.424],[-108.374,25.194],[-108.093,25.094],[-108.208,24.975],[-108.015,24.783],[-107.951,24.615],[-107.512,24.489],[-107.527,24.36],[-106.935,23.881],[-106.567,23.449],[-106.402,23.196],[-105.792,22.627],[-105.646,22.327],[-105.649,21.988],[-105.431,21.618],[-105.209,21.491],[-105.237,21.119],[-105.492,20.777],[-105.327,20.753],[-105.26,20.579],[-105.543,20.498],[-105.669,20.386],[-105.482,19.976],[-105.286,19.706],[-105.108,19.562],[-104.938,19.309],[-104.405,19.091],[-103.912,18.828],[-103.442,18.325],[-102.7,18.063],[-102.217,17.957],[-101.847,17.922],[-101.6,17.652],[-100.848,17.2],[-100.025,16.921],[-99.691,16.72],[-98.762,16.535],[-98.52,16.305],[-98.139,16.206],[-97.755,15.967],[-97.185,15.909],[-96.808,15.726],[-96.511,15.652],[-96.214,15.693],[-95.772,15.888],[-95.464,15.975],[-95.134,16.177],[-94.9,16.417],[-94.662,16.202],[-94.374,16.285],[-93.916,16.054],[-92.809,15.139],[-92.235,14.545],[-92.075,15.074],[-92.187,15.321],[-91.737,16.07],[-90.447,16.073],[-90.417,16.391],[-90.634,16.511],[-90.711,16.708],[-90.976,16.868],[-91.41,17.256],[-90.993,17.252],[-90.989,17.816],[-89.161,17.815],[-89.05,18],[-88.806,17.966],[-88.523,18.446],[-88.296,18.472],[-88.197,18.72],[-87.853,18.269],[-87.762,18.446],[-87.425,19.583],[-87.688,19.637],[-87.432,19.898],[-87.467,20.102],[-87.221,20.507],[-86.865,20.885],[-86.772,21.151],[-86.824,21.422],[-87.035,21.592],[-87.251,21.447],[-88.132,21.616],[-88.467,21.569],[-88.879,21.414],[-89.82,21.275],[-90.353,21.009],[-90.484,20.556],[-90.507,19.912],[-90.693,19.73],[-90.739,19.352],[-90.955,19.152],[-91.343,18.901],[-91.275,18.624],[-91.534,18.457],[-91.803,18.471],[-91.974,18.716],[-92.441,18.675],[-92.71,18.612],[-92.885,18.469],[-93.127,18.423],[-93.552,18.43],[-94.189,18.195],[-94.546,18.175],[-94.798,18.515],[-95.015,18.571],[-95.182,18.701],[-95.821,18.755],[-95.985,19.054],[-96.29,19.344],[-96.456,19.87],[-96.709,20.188],[-97.121,20.615],[-97.501,21.398],[-97.638,21.604],[-97.754,22.027],[-97.858,22.625],[-97.745,22.942],[-97.766,23.306],[-97.668,24.39],[-97.507,25.015],[-97.225,25.585],[-97.146,25.961],[-97.358,25.871],[-97.801,26.042],[-98.083,26.064],[-98.598,26.238],[-99.108,26.447],[-99.23,26.762],[-99.444,27.037],[-99.505,27.548],[-99.754,27.73],[-100.001,28.048],[-100.296,28.328],[-100.332,28.503],[-100.659,29.069],[-101.44,29.777],[-101.991,29.796],[-102.269,29.871],[-102.615,29.752],[-102.734,29.644],[-102.892,29.216],[-103.09,29.042],[-103.258,29.001],[-103.853,29.291],[-103.99,29.323],[-104.401,29.574],[-104.681,29.991],[-104.681,30.134],[-104.979,30.646],[-105.276,30.807],[-105.813,31.241],[-106.256,31.545],[-106.453,31.77],[-108.212,31.779],[-108.214,31.329],[-109.275,31.327],[-111.042,31.324],[-112.939,31.916],[-114.836,32.508],[-114.725,32.715],[-116.27,32.598],[-117.128,32.533]]],[[[-112.203,29.005],[-112.285,29.24],[-112.47,29.168],[-112.514,28.848],[-112.278,28.769],[-112.203,29.005]]]]}},{"type":"Feature","id":"ne50m:MHL","properties":{"boundaryId":"ne50m:MHL","nodeId":"geo:mh","bounds":[171.096,7.074,171.227,7.138]},"geometry":{"type":"Polygon","coordinates":[[[171.102,7.138],[171.096,7.109],[171.202,7.074],[171.227,7.087],[171.102,7.138]]]}},{"type":"Feature","id":"ne50m:MKD","properties":{"boundaryId":"ne50m:MKD","nodeId":"geo:mk","bounds":[20.449,40.85,23.006,42.358]},"geometry":{"type":"Polygon","coordinates":[[[21.563,42.248],[21.256,42.1],[21.06,42.171],[20.778,42.071],[20.566,41.874],[20.449,41.521],[20.489,41.273],[20.741,40.905],[20.964,40.85],[21.576,40.869],[21.929,41.107],[22.494,41.119],[22.725,41.179],[22.916,41.336],[23.006,41.717],[22.837,41.994],[22.583,42.105],[22.344,42.314],[22.24,42.358],[21.563,42.248]]]}},{"type":"Feature","id":"ne50m:MLI","properties":{"boundaryId":"ne50m:MLI","nodeId":"geo:ml","bounds":[-12.281,10.163,4.235,24.996]},"geometry":{"type":"Polygon","coordinates":[[[-11.389,12.404],[-11.502,12.199],[-11.305,12.015],[-10.933,12.205],[-10.677,11.899],[-10.466,12.139],[-10.275,12.213],[-9.821,12.042],[-9.358,12.255],[-9.365,12.479],[-9.043,12.402],[-8.818,11.923],[-8.822,11.673],[-8.665,11.515],[-8.407,11.386],[-8.664,11.036],[-8.337,10.991],[-8.324,10.75],[-8.231,10.438],[-8.007,10.322],[-7.991,10.163],[-7.814,10.237],[-7.661,10.427],[-7.498,10.44],[-7.363,10.259],[-7.105,10.204],[-6.95,10.342],[-6.693,10.349],[-6.565,10.586],[-6.261,10.724],[-6.191,10.4],[-6.035,10.195],[-5.844,10.39],[-5.524,10.426],[-5.457,10.771],[-5.49,11.042],[-5.3,11.206],[-5.229,11.522],[-5.288,11.828],[-5.106,11.968],[-4.798,12.032],[-4.587,12.155],[-4.429,12.338],[-4.481,12.672],[-4.227,12.794],[-4.329,13.119],[-4.051,13.382],[-3.853,13.374],[-3.576,13.194],[-3.302,13.281],[-3.198,13.673],[-2.917,13.679],[-2.874,13.951],[-2.587,14.228],[-2.457,14.274],[-2.113,14.168],[-1.973,14.457],[-1.768,14.486],[-1.05,14.82],[-0.76,15.048],[-0.236,15.059],[0.217,14.911],[0.286,14.98],[0.719,14.955],[0.96,14.987],[1.3,15.272],[3.001,15.341],[3.06,15.427],[3.504,15.356],[3.521,15.483],[3.877,15.755],[4.015,16.193],[4.121,16.358],[4.235,16.996],[4.232,17.831],[4.228,19.143],[3.401,18.988],[3.106,19.15],[3.256,19.411],[3.204,19.79],[2.866,19.956],[2.406,20.064],[2.219,20.248],[1.929,20.273],[1.685,20.378],[1.611,20.556],[1.166,20.817],[1.146,21.102],[-0.311,22.054],[-1.293,22.697],[-2.275,23.339],[-3.258,23.981],[-4.823,24.996],[-6.594,24.995],[-6.368,23.026],[-6.197,21.534],[-6.083,20.54],[-5.884,18.799],[-5.742,17.556],[-5.629,16.569],[-5.36,16.283],[-5.512,15.496],[-7.559,15.496],[-9.177,15.496],[-9.941,15.374],[-10.412,15.438],[-10.697,15.423],[-10.896,15.15],[-11.503,15.637],[-11.76,15.426],[-11.873,14.995],[-12.105,14.745],[-12.281,14.809],[-12.187,14.648],[-12.228,14.459],[-12.019,14.206],[-11.961,13.875],[-12.054,13.633],[-11.895,13.444],[-11.635,13.37],[-11.39,12.942],[-11.449,12.532],[-11.389,12.404]]]}},{"type":"Feature","id":"ne50m:MLT","properties":{"boundaryId":"ne50m:MLT","nodeId":"geo:mt","bounds":[14.352,35.822,14.566,35.957]},"geometry":{"type":"Polygon","coordinates":[[[14.566,35.853],[14.448,35.957],[14.352,35.872],[14.436,35.822],[14.566,35.853]]]}},{"type":"Feature","id":"ne50m:MMR","properties":{"boundaryId":"ne50m:MMR","nodeId":"geo:mm","bounds":[92.18,10.183,101.139,28.51]},"geometry":{"type":"MultiPolygon","coordinates":[[[[100.122,20.317],[100.249,20.73],[100.565,20.825],[100.536,20.992],[100.757,21.313],[100.928,21.366],[101.139,21.567],[101.121,21.746],[100.835,21.655],[100.531,21.458],[100.215,21.463],[99.926,21.821],[99.918,22.028],[99.193,22.126],[99.338,22.498],[99.385,22.825],[99.507,22.959],[99.341,23.096],[98.864,23.191],[98.832,23.624],[98.681,23.842],[98.764,24.116],[98.213,24.111],[97.686,23.898],[97.667,24.38],[97.531,24.492],[97.583,24.775],[97.724,24.842],[97.715,25.034],[97.82,25.252],[98.011,25.293],[98.173,25.595],[98.334,25.587],[98.466,25.789],[98.655,25.918],[98.732,26.583],[98.717,27.045],[98.651,27.572],[98.504,27.648],[98.299,27.55],[98.099,28.142],[97.865,28.364],[97.538,28.51],[97.322,28.218],[97.335,27.938],[96.9,27.644],[96.902,27.44],[97.104,27.163],[96.88,27.178],[96.666,27.339],[96.061,27.217],[95.905,27.047],[95.464,26.756],[95.129,26.597],[95.06,26.474],[95.132,26.041],[94.992,25.77],[94.623,25.41],[94.554,25.243],[94.708,25.049],[94.584,24.767],[94.293,24.322],[94.128,23.876],[93.683,24.007],[93.307,24.022],[93.415,23.682],[93.366,23.133],[93.163,22.908],[93.079,22.718],[93.162,22.36],[92.965,22.004],[92.689,22.131],[92.575,21.978],[92.593,21.467],[92.539,21.32],[92.331,21.44],[92.18,21.293],[92.324,20.792],[92.608,20.47],[92.736,20.563],[92.891,20.34],[92.791,20.211],[93.002,20.075],[93.362,20.058],[93.582,19.91],[93.612,19.776],[93.998,19.441],[93.825,19.238],[93.493,19.369],[93.705,19.027],[94.07,18.893],[94.252,18.609],[94.431,18.202],[94.494,17.825],[94.589,17.569],[94.564,17.309],[94.473,17.135],[94.353,16.64],[94.271,16.517],[94.214,16.127],[94.299,16.008],[94.588,16.289],[94.681,16.133],[94.662,15.904],[94.891,15.979],[94.943,15.818],[95.177,15.826],[95.39,15.723],[95.679,15.977],[95.763,16.169],[96.012,16.254],[96.324,16.444],[96.622,16.564],[96.811,16.778],[96.909,17.031],[96.851,17.203],[96.97,17.317],[97.178,17.062],[97.376,16.523],[97.62,16.537],[97.641,16.254],[97.584,16.02],[97.71,15.876],[97.8,15.185],[97.812,14.859],[97.998,14.335],[98.1,14.162],[98.111,13.713],[98.245,13.733],[98.421,13.484],[98.576,13.162],[98.696,12.225],[98.636,11.738],[98.741,11.592],[98.745,11.24],[98.676,10.987],[98.465,10.676],[98.523,10.353],[98.497,10.183],[98.703,10.19],[98.757,10.661],[99.19,11.105],[99.478,11.613],[99.615,11.781],[99.463,12.19],[99.405,12.548],[99.22,12.74],[99.107,13.104],[99.176,13.233],[99.137,13.717],[98.934,14.05],[98.57,14.36],[98.246,14.815],[98.191,15.204],[98.565,15.404],[98.592,16.051],[98.818,16.181],[98.689,16.305],[98.478,16.732],[98.439,16.976],[98.257,17.148],[97.793,17.681],[97.699,17.834],[97.72,18.037],[97.485,18.494],[97.754,18.621],[97.706,18.932],[97.804,19.13],[97.817,19.46],[98.111,19.762],[98.239,19.691],[98.917,19.773],[99.021,20.042],[99.338,20.079],[99.639,20.32],[99.89,20.424],[100.122,20.317]]],[[[93.715,19.558],[93.756,19.326],[93.946,19.429],[93.715,19.558]]]]}},{"type":"Feature","id":"ne50m:MNE","properties":{"boundaryId":"ne50m:MNE","nodeId":"geo:me","bounds":[18.436,41.869,20.344,43.533]},"geometry":{"type":"Polygon","coordinates":[[[19.194,43.533],[18.94,43.497],[18.674,43.231],[18.624,43.028],[18.444,42.968],[18.543,42.674],[18.436,42.56],[18.517,42.433],[18.894,42.249],[19.342,41.869],[19.281,42.173],[19.654,42.629],[19.788,42.476],[20.064,42.547],[20.029,42.732],[20.344,42.828],[19.944,43.082],[19.552,43.212],[19.194,43.533]]]}},{"type":"Feature","id":"ne50m:MNG","properties":{"boundaryId":"ne50m:MNG","nodeId":"geo:mn","bounds":[87.743,41.616,119.898,52.07]},"geometry":{"type":"Polygon","coordinates":[[[87.814,49.162],[87.743,48.882],[88.028,48.736],[87.98,48.555],[88.517,48.384],[88.576,48.22],[89.048,48.003],[89.561,48.004],[89.778,47.827],[90.028,47.878],[90.313,47.676],[90.496,47.285],[90.716,47.004],[90.87,46.954],[91.034,46.529],[90.912,46.271],[91.002,46.036],[90.71,45.731],[90.662,45.525],[90.877,45.196],[91.05,45.217],[91.584,45.077],[92.424,45.009],[92.788,45.036],[93.656,44.901],[93.958,44.675],[94.199,44.645],[94.712,44.351],[95.05,44.259],[95.35,44.278],[95.356,44.006],[95.526,43.954],[95.913,43.206],[96.3,42.929],[96.385,42.72],[97.206,42.79],[99.468,42.568],[99.984,42.677],[101.092,42.551],[101.495,42.539],[101.714,42.466],[101.973,42.216],[102.157,42.158],[103.073,42.006],[103.711,41.751],[104.498,41.877],[104.498,41.659],[105.051,41.616],[105.197,41.738],[105.868,41.994],[106.77,42.289],[108.171,42.447],[108.687,42.416],[109.443,42.456],[110.4,42.774],[111.007,43.341],[111.547,43.496],[111.933,43.711],[111.837,43.935],[111.52,44.192],[111.402,44.367],[111.621,44.827],[111.898,45.064],[112.411,45.058],[112.597,44.918],[113.049,44.81],[113.587,44.746],[114.03,44.943],[114.419,45.203],[114.517,45.365],[115.681,45.458],[116.241,45.796],[116.213,45.887],[116.563,46.29],[116.859,46.388],[117.333,46.362],[117.406,46.571],[117.671,46.522],[118.309,46.717],[118.723,46.692],[118.844,46.76],[119.162,46.639],[119.707,46.606],[119.898,46.858],[119.711,47.15],[119.123,47.558],[118.76,47.758],[118.498,47.984],[118.147,48.029],[117.768,47.988],[117.351,47.652],[117.07,47.806],[116.761,47.87],[116.231,47.858],[115.898,47.687],[115.558,47.945],[115.525,48.131],[115.786,48.248],[115.821,48.577],[115.954,48.689],[116.683,49.824],[116.135,50.011],[115.718,49.881],[115.275,49.949],[114.743,50.234],[114.297,50.274],[113.574,50.007],[113.164,49.797],[113.056,49.616],[112.806,49.524],[112.495,49.532],[112.08,49.424],[111.337,49.356],[110.828,49.166],[110.428,49.22],[110.2,49.17],[109.237,49.335],[108.614,49.323],[108.034,49.594],[107.948,49.925],[107.233,49.989],[106.711,50.313],[106.218,50.305],[105.384,50.474],[105.095,50.39],[104.466,50.306],[104.18,50.169],[103.633,50.139],[102.683,50.387],[102.288,50.585],[102.112,51.353],[101.571,51.467],[101.381,51.453],[100.536,51.713],[99.922,51.756],[99.719,51.872],[98.849,52.07],[98.641,51.801],[98.353,51.718],[98.22,51.506],[97.947,51.348],[97.825,50.985],[98.03,50.645],[98.279,50.533],[98.25,50.302],[98.103,50.078],[97.589,49.911],[97.209,49.731],[96.986,49.883],[96.315,49.901],[95.852,50.013],[95.523,49.911],[94.615,50.024],[94.355,50.222],[94.251,50.556],[93.103,50.604],[92.941,50.778],[92.627,50.688],[92.355,50.864],[92.192,50.701],[91.804,50.694],[91.341,50.47],[91.022,50.415],[90.517,50.213],[90.005,50.069],[89.644,49.903],[89.654,49.717],[88.832,49.448],[88.193,49.452],[88.116,49.256],[87.814,49.162]]]}},{"type":"Feature","id":"ne50m:MNP","properties":{"boundaryId":"ne50m:MNP","nodeId":"geo:mp","bounds":[145.684,15.125,145.782,15.215]},"geometry":{"type":"Polygon","coordinates":[[[145.752,15.133],[145.782,15.175],[145.713,15.215],[145.684,15.125],[145.752,15.133]]]}},{"type":"Feature","id":"ne50m:MOZ","properties":{"boundaryId":"ne50m:MOZ","nodeId":"geo:mz","bounds":[30.232,-26.849,40.835,-10.464]},"geometry":{"type":"Polygon","coordinates":[[[31.288,-22.402],[31.532,-23.279],[31.546,-23.482],[31.8,-23.892],[31.986,-24.461],[31.985,-25.632],[31.948,-25.958],[32.061,-26.018],[32.041,-26.281],[32.113,-26.839],[32.886,-26.849],[32.934,-26.252],[32.704,-26.158],[32.59,-26.004],[32.792,-25.644],[32.961,-25.49],[33.347,-25.261],[33.836,-25.068],[34.607,-24.821],[35.156,-24.541],[35.438,-24.171],[35.542,-23.824],[35.37,-23.798],[35.494,-23.185],[35.575,-22.963],[35.49,-22.658],[35.542,-22.377],[35.316,-22.397],[35.329,-22.037],[35.268,-21.651],[35.128,-21.395],[35.118,-21.195],[34.982,-20.806],[34.698,-20.404],[34.756,-19.822],[34.948,-19.813],[35.365,-19.494],[35.651,-19.164],[36.125,-18.842],[36.404,-18.77],[36.54,-18.518],[36.9,-18.129],[36.939,-17.993],[37.245,-17.74],[38.145,-17.243],[38.633,-17.078],[39.084,-16.973],[39.242,-16.793],[39.845,-16.436],[39.791,-16.295],[39.984,-16.225],[40.109,-15.979],[40.559,-15.473],[40.651,-15.261],[40.618,-15.116],[40.835,-14.792],[40.818,-14.468],[40.64,-14.39],[40.545,-13.463],[40.583,-13.374],[40.553,-12.825],[40.581,-12.636],[40.501,-12.119],[40.532,-12.005],[40.433,-11.657],[40.403,-11.332],[40.545,-11.066],[40.487,-10.765],[40.612,-10.662],[40.464,-10.464],[39.989,-10.821],[39.563,-10.979],[39.322,-11.123],[38.795,-11.229],[38.492,-11.413],[38.177,-11.279],[37.92,-11.295],[37.829,-11.482],[37.542,-11.675],[37.218,-11.687],[36.979,-11.567],[36.519,-11.716],[36.191,-11.671],[36.082,-11.537],[35.785,-11.453],[35.631,-11.582],[34.959,-11.578],[34.66,-11.589],[34.361,-12.211],[34.483,-12.667],[34.564,-13.36],[34.662,-13.487],[34.85,-13.516],[35.247,-13.897],[35.847,-14.671],[35.867,-14.864],[35.805,-15.266],[35.83,-15.419],[35.755,-16.058],[35.358,-16.161],[35.167,-16.56],[35.281,-16.808],[35.29,-17.097],[35.125,-17.127],[35.112,-16.899],[34.933,-16.76],[34.396,-16.199],[34.376,-16.024],[34.248,-15.887],[34.541,-15.297],[34.551,-14.922],[34.505,-14.598],[34.333,-14.409],[33.636,-14.568],[33.202,-14.013],[31.729,-14.496],[31.538,-14.577],[30.673,-14.819],[30.232,-14.99],[30.351,-15.35],[30.396,-15.643],[30.438,-15.995],[31.236,-16.024],[31.49,-16.18],[31.688,-16.214],[31.94,-16.429],[32.243,-16.449],[32.948,-16.712],[32.876,-16.884],[32.969,-17.252],[32.956,-18.083],[32.993,-18.36],[32.854,-18.764],[32.717,-19.002],[32.85,-19.104],[32.778,-19.389],[33.007,-19.874],[32.993,-19.985],[32.673,-20.516],[32.478,-20.713],[32.476,-20.95],[32.354,-21.137],[32.371,-21.335],[31.429,-22.299],[31.288,-22.402]]]}},{"type":"Feature","id":"ne50m:MRT","properties":{"boundaryId":"ne50m:MRT","nodeId":"geo:mr","bounds":[-17.048,14.745,-4.823,27.286]},"geometry":{"type":"Polygon","coordinates":[[[-12.281,14.809],[-12.105,14.745],[-11.873,14.995],[-11.76,15.426],[-11.503,15.637],[-10.896,15.15],[-10.697,15.423],[-10.412,15.438],[-9.941,15.374],[-9.177,15.496],[-7.559,15.496],[-5.512,15.496],[-5.36,16.283],[-5.629,16.569],[-5.742,17.556],[-5.884,18.799],[-6.083,20.54],[-6.197,21.534],[-6.368,23.026],[-6.594,24.995],[-4.823,24.996],[-6.239,25.848],[-7.367,26.512],[-8.683,27.286],[-8.682,25.996],[-10.376,25.995],[-12.016,25.995],[-12.016,24.651],[-12.023,23.468],[-12.373,23.318],[-12.62,23.271],[-13.031,23],[-13.167,22.753],[-13.094,22.496],[-13.016,21.334],[-13.855,21.333],[-15.231,21.331],[-16.965,21.329],[-17.048,20.806],[-16.998,21.04],[-16.876,21.086],[-16.623,20.634],[-16.43,20.652],[-16.21,20.228],[-16.283,19.787],[-16.514,19.362],[-16.213,19.003],[-16.085,18.521],[-16.03,17.888],[-16.079,17.546],[-16.347,16.926],[-16.536,16.287],[-16.535,15.838],[-16.441,16.205],[-16.302,16.451],[-16.168,16.547],[-15.959,16.492],[-15.621,16.507],[-15.113,16.645],[-14.534,16.656],[-14.3,16.58],[-13.975,16.311],[-13.868,16.148],[-13.556,16.144],[-13.41,16.059],[-13.258,15.7],[-12.994,15.505],[-12.858,15.243],[-12.544,15.039],[-12.281,14.809]]]}},{"type":"Feature","id":"ne50m:MSR","properties":{"boundaryId":"ne50m:MSR","nodeId":"geo:ms","bounds":[-62.223,16.681,-62.148,16.752]},"geometry":{"type":"Polygon","coordinates":[[[-62.148,16.74],[-62.223,16.752],[-62.222,16.7],[-62.154,16.681],[-62.148,16.74]]]}},{"type":"Feature","id":"ne50m:MTQ","properties":{"boundaryId":"ne50m:MTQ","nodeId":"geo:mq","bounds":[-61.22,14.467,-60.826,14.875]},"geometry":{"type":"Polygon","coordinates":[[[-60.826,14.494],[-60.919,14.735],[-61.127,14.875],[-61.22,14.804],[-61.064,14.467],[-60.826,14.494]]]}},{"type":"Feature","id":"ne50m:MUS","properties":{"boundaryId":"ne50m:MUS","nodeId":"geo:mu","bounds":[57.383,-20.504,57.792,-19.997]},"geometry":{"type":"Polygon","coordinates":[[[57.651,-20.485],[57.792,-20.213],[57.576,-19.997],[57.386,-20.229],[57.383,-20.504],[57.651,-20.485]]]}},{"type":"Feature","id":"ne50m:MWI","properties":{"boundaryId":"ne50m:MWI","nodeId":"geo:mw","bounds":[32.672,-17.127,35.867,-9.407]},"geometry":{"type":"Polygon","coordinates":[[[33.202,-14.013],[33.636,-14.568],[34.333,-14.409],[34.505,-14.598],[34.551,-14.922],[34.541,-15.297],[34.248,-15.887],[34.376,-16.024],[34.396,-16.199],[34.933,-16.76],[35.112,-16.899],[35.125,-17.127],[35.29,-17.097],[35.281,-16.808],[35.167,-16.56],[35.358,-16.161],[35.755,-16.058],[35.83,-15.419],[35.805,-15.266],[35.867,-14.864],[35.847,-14.671],[35.247,-13.897],[34.85,-13.516],[34.662,-13.487],[34.564,-13.36],[34.483,-12.667],[34.361,-12.211],[34.66,-11.589],[34.959,-11.578],[34.598,-11.037],[34.662,-10.71],[34.584,-10.525],[34.524,-10.03],[34.321,-9.732],[33.996,-9.495],[33.944,-9.672],[33.698,-9.598],[33.421,-9.608],[33.331,-9.519],[32.92,-9.407],[32.996,-9.623],[33.196,-9.626],[33.351,-9.862],[33.312,-10.038],[33.529,-10.235],[33.659,-10.591],[33.261,-10.893],[33.38,-11.158],[33.226,-11.535],[33.301,-11.888],[33.252,-12.113],[33.398,-12.49],[33.022,-12.63],[32.968,-13.225],[32.852,-13.457],[32.672,-13.61],[32.992,-14.022],[33.202,-14.013]]]}},{"type":"Feature","id":"ne50m:MYS","properties":{"boundaryId":"ne50m:MYS","nodeId":"geo:my","bounds":[100.119,0.862,119.25,6.977]},"geometry":{"type":"MultiPolygon","coordinates":[[[[100.119,6.442],[100.343,5.984],[100.353,5.588],[100.473,5.044],[100.615,4.652],[100.615,4.373],[100.796,4.023],[100.715,3.966],[101.025,3.625],[101.3,3.253],[101.354,3.011],[101.296,2.885],[101.52,2.684],[101.781,2.574],[102.146,2.248],[102.548,2.042],[102.727,1.856],[103.357,1.546],[103.48,1.329],[103.695,1.45],[103.992,1.455],[104.176,1.365],[104.288,1.481],[104.219,1.723],[103.812,2.58],[103.537,2.775],[103.439,2.933],[103.454,3.521],[103.362,3.769],[103.469,4.393],[103.416,4.85],[103.197,5.262],[102.982,5.525],[102.534,5.863],[102.34,6.172],[102.101,6.242],[101.874,5.825],[101.65,5.796],[101.556,5.908],[101.257,5.789],[101.114,5.637],[100.982,5.771],[101.076,5.956],[101.054,6.243],[100.874,6.245],[100.794,6.426],[100.345,6.55],[100.177,6.672],[100.119,6.442]]],[[[117.574,4.171],[117.741,4.338],[118.008,4.25],[118.498,4.362],[118.563,4.502],[118.185,4.829],[118.382,5.019],[118.672,4.964],[119.132,5.1],[119.25,5.199],[119.223,5.413],[118.957,5.429],[118.595,5.592],[118.456,5.763],[118.116,5.863],[118.004,6.053],[117.818,5.94],[117.617,5.941],[117.646,6.474],[117.294,6.677],[117.252,6.919],[117.129,6.969],[116.913,6.66],[116.808,6.691],[116.75,6.977],[116.495,6.522],[116.138,6.13],[116.06,5.882],[115.797,5.536],[115.556,5.567],[115.419,5.413],[115.52,5.049],[115.375,4.933],[115.14,4.9],[115.267,4.634],[115.247,4.347],[115.107,4.39],[115.027,4.9],[114.747,4.718],[114.84,4.393],[114.776,4.169],[114.608,4.024],[114.224,4.478],[114.064,4.593],[113.924,4.243],[113.446,3.741],[113.045,3.205],[112.737,3.07],[112.119,2.915],[111.728,2.854],[111.443,2.634],[111.444,2.382],[111.242,2.436],[111.268,2.14],[111.154,1.739],[110.94,1.517],[110.675,1.548],[110.349,1.72],[109.985,1.718],[109.72,1.858],[109.629,2.028],[109.539,1.896],[109.654,1.615],[110.315,0.996],[110.506,0.862],[110.938,1.017],[111.287,1.043],[111.77,0.999],[112.079,1.143],[112.186,1.439],[112.476,1.559],[112.943,1.567],[113.007,1.434],[113.622,1.236],[113.902,1.434],[114.387,1.5],[114.546,1.467],[114.704,1.851],[114.831,1.98],[114.786,2.25],[115.179,2.523],[115.081,2.634],[115.086,2.841],[115.247,3.026],[115.454,3.034],[115.566,3.446],[115.568,3.939],[115.679,4.193],[115.896,4.349],[116.415,4.308],[116.515,4.371],[117.101,4.337],[117.574,4.171]]]]}},{"type":"Feature","id":"ne50m:MYT","properties":{"boundaryId":"ne50m:MYT","nodeId":"geo:yt","bounds":[45.069,-12.977,45.223,-12.709]},"geometry":{"type":"Polygon","coordinates":[[[45.18,-12.977],[45.223,-12.752],[45.135,-12.709],[45.069,-12.896],[45.18,-12.977]]]}},{"type":"Feature","id":"ne50m:NAM","properties":{"boundaryId":"ne50m:NAM","nodeId":"geo:na","bounds":[11.733,-28.928,25.259,-16.968]},"geometry":{"type":"Polygon","coordinates":[[[23.381,-17.641],[21.417,-18.001],[21.113,-17.956],[20.625,-17.997],[20.393,-17.887],[19.639,-17.869],[19.076,-17.818],[18.718,-17.703],[18.396,-17.399],[16.531,-17.391],[15.766,-17.39],[13.938,-17.389],[13.404,-17.008],[13.101,-16.968],[12.548,-17.213],[12.014,-17.169],[11.743,-17.249],[11.733,-17.751],[11.776,-18.002],[12.096,-18.541],[12.458,-18.927],[13.042,-20.028],[13.168,-20.185],[13.451,-20.917],[13.839,-21.473],[13.973,-21.768],[14.322,-22.19],[14.463,-22.449],[14.526,-22.703],[14.403,-22.968],[14.474,-23.281],[14.502,-24.202],[14.837,-25.033],[14.845,-25.726],[14.931,-25.958],[14.968,-26.318],[15.163,-26.6],[15.133,-26.788],[15.342,-27.387],[15.719,-27.966],[16.448,-28.618],[16.756,-28.452],[16.933,-28.07],[17.056,-28.031],[17.386,-28.353],[17.348,-28.501],[17.448,-28.698],[18.311,-28.886],[18.6,-28.855],[19.026,-28.928],[19.671,-28.504],[19.98,-28.451],[19.98,-26.531],[19.98,-24.777],[19.979,-23.103],[19.977,-22],[20.971,-22],[20.978,-20.968],[20.976,-19.744],[20.974,-18.319],[22.011,-18.199],[23.1,-18.01],[23.299,-18.027],[23.581,-18.453],[23.898,-18.229],[24.359,-17.978],[24.531,-18.053],[24.909,-17.821],[25.259,-17.794],[24.932,-17.543],[24.275,-17.481],[23.381,-17.641]]]}},{"type":"Feature","id":"ne50m:NCL","properties":{"boundaryId":"ne50m:NCL","nodeId":"geo:nc","bounds":[164.17,-22.376,167.401,-20.246]},"geometry":{"type":"MultiPolygon","coordinates":[[[[164.202,-20.246],[164.17,-20.48],[164.455,-20.829],[164.927,-21.29],[165.242,-21.525],[166.096,-21.957],[166.177,-22.089],[166.774,-22.376],[166.97,-22.323],[166.942,-22.09],[166.69,-21.953],[166.303,-21.637],[165.663,-21.267],[165.447,-21.081],[165.192,-20.769],[164.976,-20.681],[164.436,-20.282],[164.202,-20.246]]],[[[167.401,-21.161],[167.293,-20.892],[167.134,-21.061],[167.401,-21.161]]]]}},{"type":"Feature","id":"ne50m:NER","properties":{"boundaryId":"ne50m:NER","nodeId":"geo:ne","bounds":[0.164,11.696,15.949,23.518]},"geometry":{"type":"Polygon","coordinates":[[[13.606,13.705],[13.448,14.381],[13.642,14.631],[13.807,14.966],[14.368,15.75],[15.474,16.908],[15.638,18.811],[15.735,19.904],[15.949,20.303],[15.929,20.4],[15.587,20.733],[15.607,20.954],[15.182,21.523],[15.172,21.922],[14.979,22.996],[14.231,22.618],[13.599,23.12],[13.481,23.18],[11.968,23.518],[10.932,22.907],[9.379,21.991],[8.343,21.381],[7.482,20.873],[6.989,20.471],[5.837,19.479],[5.748,19.434],[4.228,19.143],[4.232,17.831],[4.235,16.996],[4.121,16.358],[4.015,16.193],[3.877,15.755],[3.521,15.483],[3.504,15.356],[3.06,15.427],[3.001,15.341],[1.3,15.272],[0.96,14.987],[0.719,14.955],[0.286,14.98],[0.217,14.911],[0.164,14.497],[0.383,14.246],[0.429,13.972],[0.618,13.703],[0.978,13.552],[1.018,13.468],[0.987,13.042],[1.097,13.001],[1.565,12.635],[1.79,12.613],[2.074,12.714],[2.212,12.538],[2.091,12.278],[2.389,11.897],[2.366,12.222],[2.878,12.368],[3.36,11.88],[3.595,11.696],[3.647,12.53],[3.948,12.775],[4.087,13.055],[4.148,13.458],[4.421,13.648],[4.823,13.76],[5.242,13.757],[5.492,13.873],[6.386,13.604],[6.627,13.364],[6.804,13.108],[7.057,13],[7.358,13.107],[7.789,13.338],[8.095,13.291],[8.751,12.908],[9.202,12.821],[9.616,12.811],[9.929,13.135],[10.185,13.27],[10.959,13.372],[11.412,13.354],[11.99,13.192],[12.118,13.09],[12.463,13.094],[12.655,13.327],[13.324,13.671],[13.606,13.705]]]}},{"type":"Feature","id":"ne50m:NFK","properties":{"boundaryId":"ne50m:NFK","nodeId":"geo:nf","bounds":[167.92,-29.083,167.979,-29.018]},"geometry":{"type":"Polygon","coordinates":[[[167.939,-29.018],[167.92,-29.083],[167.979,-29.076],[167.939,-29.018]]]}},{"type":"Feature","id":"ne50m:NGA","properties":{"boundaryId":"ne50m:NGA","nodeId":"geo:ng","bounds":[2.686,4.291,14.627,13.873]},"geometry":{"type":"Polygon","coordinates":[[[13.606,13.705],[13.324,13.671],[12.655,13.327],[12.463,13.094],[12.118,13.09],[11.99,13.192],[11.412,13.354],[10.959,13.372],[10.185,13.27],[9.929,13.135],[9.616,12.811],[9.202,12.821],[8.751,12.908],[8.095,13.291],[7.789,13.338],[7.358,13.107],[7.057,13],[6.804,13.108],[6.627,13.364],[6.386,13.604],[5.492,13.873],[5.242,13.757],[4.823,13.76],[4.421,13.648],[4.148,13.458],[4.087,13.055],[3.948,12.775],[3.647,12.53],[3.595,11.696],[3.488,11.395],[3.716,11.08],[3.834,10.607],[3.577,10.268],[3.646,10.16],[3.557,9.907],[3.325,9.778],[3.329,9.667],[3.136,9.452],[3.045,9.084],[2.775,9.049],[2.733,8.783],[2.686,7.874],[2.75,7.395],[2.721,6.98],[2.775,6.712],[2.706,6.369],[3.487,6.409],[4.126,6.411],[4.431,6.349],[4.861,6.026],[5.232,5.484],[5.386,5.402],[5.383,5.129],[5.588,4.647],[5.799,4.456],[6.077,4.291],[6.757,4.344],[7.013,4.397],[7.155,4.514],[8.293,4.558],[8.431,4.746],[8.556,4.755],[8.801,5.197],[8.935,5.781],[9.06,6.009],[9.373,6.32],[9.66,6.532],[9.78,6.76],[10.144,6.996],[10.205,6.892],[10.482,6.891],[10.606,7.063],[11.033,6.698],[11.153,6.438],[11.325,6.485],[11.552,6.697],[11.58,6.889],[11.861,7.116],[11.767,7.272],[12.016,7.59],[12.156,7.942],[12.233,8.282],[12.404,8.596],[12.583,8.624],[12.807,8.887],[12.929,9.426],[13.175,9.54],[13.27,10.036],[13.415,10.171],[13.535,10.605],[13.892,11.14],[14.202,11.268],[14.56,11.492],[14.627,12.109],[14.519,12.298],[14.197,12.384],[14.064,13.079],[13.606,13.705]]]}},{"type":"Feature","id":"ne50m:NIC","properties":{"boundaryId":"ne50m:NIC","nodeId":"geo:ni","bounds":[-87.668,10.743,-83.158,15.008]},"geometry":{"type":"Polygon","coordinates":[[[-83.158,14.993],[-83.415,15.008],[-83.867,14.794],[-84.646,14.661],[-84.789,14.79],[-84.985,14.752],[-85.161,14.525],[-85.179,14.343],[-85.682,13.983],[-85.787,13.844],[-86.151,13.995],[-86.332,13.77],[-86.734,13.763],[-86.711,13.313],[-86.918,13.224],[-87.059,12.991],[-87.337,12.979],[-87.543,13.04],[-87.668,12.904],[-87.46,12.758],[-87.125,12.434],[-86.756,12.157],[-86.469,11.738],[-85.961,11.331],[-85.744,11.062],[-85.621,11.184],[-84.909,10.945],[-84.701,11.052],[-84.348,10.98],[-84.168,10.78],[-83.811,10.743],[-83.642,10.917],[-83.832,11.131],[-83.868,11.3],[-83.652,11.642],[-83.769,11.932],[-83.68,12.024],[-83.651,12.287],[-83.511,12.412],[-83.514,12.944],[-83.567,13.32],[-83.412,13.996],[-83.188,14.34],[-83.299,14.749],[-83.158,14.993]]]}},{"type":"Feature","id":"ne50m:NIR","properties":{"boundaryId":"ne50m:NIR","nodeId":"geo:gb","bounds":[-8.118,54.051,-5.47,55.241]},"geometry":{"type":"Polygon","coordinates":[[[-6.218,54.089],[-6.019,54.051],[-5.826,54.236],[-5.607,54.273],[-5.47,54.5],[-5.717,54.817],[-6.129,55.217],[-6.475,55.241],[-7.219,55.092],[-7.55,54.768],[-7.886,54.666],[-8.118,54.414],[-7.855,54.215],[-7.355,54.121],[-6.936,54.374],[-6.65,54.059],[-6.218,54.089]]]}},{"type":"Feature","id":"ne50m:NIU","properties":{"boundaryId":"ne50m:NIU","nodeId":"geo:nu","bounds":[-169.948,-19.138,-169.803,-18.966]},"geometry":{"type":"Polygon","coordinates":[[[-169.803,-19.083],[-169.834,-18.966],[-169.948,-19.073],[-169.904,-19.138],[-169.803,-19.083]]]}},{"type":"Feature","id":"ne50m:NJM","properties":{"boundaryId":"ne50m:NJM","nodeId":"geo:no","bounds":[-8.965,70.839,-8.002,71.14]},"geometry":{"type":"Polygon","coordinates":[[[-8.954,70.839],[-8.635,70.94],[-8.002,71.041],[-8.344,71.14],[-8.521,71.031],[-8.965,70.916],[-8.954,70.839]]]}},{"type":"Feature","id":"ne50m:NLD","properties":{"boundaryId":"ne50m:NLD","nodeId":"geo:nl","bounds":[3.35,50.75,7.197,53.441]},"geometry":{"type":"MultiPolygon","coordinates":[[[[5.994,50.75],[5.895,50.984],[6.193,51.489],[5.949,51.762],[6.742,51.911],[6.749,52.099],[6.977,52.206],[7.035,52.38],[6.749,52.464],[7.013,52.634],[7.19,53],[7.197,53.282],[6.816,53.441],[6.062,53.407],[5.532,53.269],[5.358,53.096],[4.678,52.81],[4.483,52.309],[3.947,51.811],[4.183,51.61],[3.744,51.596],[3.587,51.454],[4.226,51.386],[4.503,51.475],[5.509,51.275],[5.827,51.126],[5.669,50.806],[5.994,50.75]]],[[[4.226,51.386],[3.35,51.378],[3.902,51.208],[4.226,51.386]]]]}},{"type":"Feature","id":"ne50m:NLY","properties":{"boundaryId":"ne50m:NLY","nodeId":"geo:bq","bounds":[-68.371,12.145,-68.206,12.302]},"geometry":{"type":"Polygon","coordinates":[[[-68.206,12.145],[-68.219,12.231],[-68.369,12.302],[-68.371,12.258],[-68.287,12.172],[-68.206,12.145]]]}},{"type":"Feature","id":"ne50m:NOR","properties":{"boundaryId":"ne50m:NOR","nodeId":"geo:no","bounds":[4.928,58.021,30.944,71.091]},"geometry":{"type":"MultiPolygon","coordinates":[[[[20.622,69.037],[21.128,69.081],[21.622,69.271],[22.411,68.72],[23.324,68.649],[23.854,68.806],[24.941,68.593],[25.357,68.862],[25.748,68.99],[25.749,69.231],[26.012,69.653],[26.525,69.915],[27.109,69.905],[27.89,70.062],[28.412,69.823],[29.142,69.671],[29.333,69.473],[28.846,69.177],[28.966,69.022],[29.388,69.298],[29.994,69.392],[30.228,69.634],[30.861,69.538],[30.87,69.783],[29.792,69.728],[29.601,69.977],[29.926,70.096],[30.944,70.274],[30.596,70.524],[30.213,70.543],[29.102,70.861],[28.609,70.76],[28.392,70.975],[27.597,71.091],[27.235,70.947],[26.989,70.511],[26.584,70.454],[26.734,70.854],[26.507,70.913],[25.471,70.341],[25.274,70.552],[25.768,70.853],[24.658,71.001],[24.263,70.826],[24.42,70.702],[23.046,70.102],[22.685,70.375],[21.4,70.174],[21.163,69.89],[20.069,69.883],[19.197,69.748],[18.991,69.561],[18.293,69.475],[18.101,69.156],[17.705,69.1],[17.391,68.799],[16.652,68.626],[16.585,68.466],[16.065,68.2],[15.316,68.069],[14.799,67.809],[14.755,67.499],[13.621,66.795],[13.105,66.539],[13.119,66.231],[12.976,66.019],[12.273,65.568],[12.16,65.179],[11.35,64.906],[11.225,64.679],[10.566,64.418],[9.708,63.865],[9.924,63.522],[10.725,63.625],[10.76,63.461],[10.081,63.433],[9.697,63.625],[9.324,63.57],[8.842,63.646],[8.398,63.535],[8.101,63.091],[7.572,63.1],[7.008,62.958],[7.284,62.602],[6.353,62.611],[6.118,62.447],[5.533,62.311],[4.928,61.711],[5.003,61.434],[5.049,60.708],[5.244,60.57],[5.119,59.834],[5.73,59.863],[5.772,59.661],[5.305,59.643],[5.132,59.226],[5.362,59.166],[5.845,59.353],[5.969,59.186],[5.854,58.959],[5.556,58.975],[5.517,58.727],[5.707,58.524],[6.389,58.268],[6.66,58.263],[7.005,58.024],[7.466,58.021],[8.166,58.145],[8.521,58.301],[9.618,58.946],[10.179,59.009],[10.645,59.389],[10.834,59.184],[11.388,59.037],[11.643,58.926],[11.798,59.29],[11.681,59.592],[11.932,59.864],[12.486,60.107],[12.589,60.451],[12.294,61.003],[12.683,61.047],[12.881,61.352],[12.155,61.721],[12.304,62.286],[12.115,62.592],[12.218,63.001],[12,63.292],[12.175,63.596],[12.663,63.94],[13.3,64.075],[13.961,64.014],[14.141,64.174],[14.078,64.464],[13.65,64.582],[14.48,65.301],[14.635,65.845],[14.543,66.129],[15.153,66.191],[15.484,66.306],[15.423,66.49],[16.404,67.055],[16.127,67.426],[16.586,67.628],[16.784,67.895],[17.325,68.104],[17.917,67.965],[18.177,68.201],[18.163,68.528],[18.379,68.562],[19.97,68.356],[19.969,68.542],[20.622,69.037]]],[[[15.207,68.943],[14.872,68.914],[14.373,68.711],[15.222,68.616],[15.397,68.784],[15.207,68.943]]],[[[19.255,70.066],[18.349,69.768],[18.274,69.535],[18.785,69.579],[19.592,69.97],[19.255,70.066]]],[[[17.503,69.596],[17.002,69.362],[16.972,69.138],[17.951,69.198],[18.004,69.505],[17.503,69.596]]],[[[15.76,68.561],[15.413,68.616],[14.927,68.307],[15.913,68.389],[16.519,68.633],[16.06,68.681],[15.76,68.561]]]]}},{"type":"Feature","id":"ne50m:NPL","properties":{"boundaryId":"ne50m:NPL","nodeId":"geo:np","bounds":[80.071,26.36,88.162,30.388]},"geometry":{"type":"Polygon","coordinates":[[[88.11,27.871],[87.683,27.821],[87.141,27.838],[87.02,27.929],[86.554,28.085],[86.409,27.929],[86.079,28.084],[85.954,27.928],[85.678,28.277],[85.122,28.316],[85.159,28.592],[84.714,28.596],[84.229,28.912],[84.101,29.22],[83.936,29.279],[83.583,29.184],[83.155,29.613],[82.854,29.683],[82.487,29.942],[82.159,30.115],[82.043,30.327],[81.642,30.388],[81.417,30.338],[81.255,30.093],[81.01,30.165],[80.908,30.172],[80.549,29.9],[80.402,29.73],[80.13,29.1],[80.071,28.83],[80.419,28.612],[80.587,28.65],[81.169,28.335],[81.311,28.176],[81.853,27.867],[81.988,27.914],[82.451,27.672],[82.677,27.673],[82.733,27.519],[83.29,27.371],[83.447,27.465],[83.829,27.378],[84.091,27.491],[84.61,27.299],[84.685,27.041],[85.293,26.741],[85.568,26.84],[85.737,26.64],[86.007,26.649],[86.366,26.574],[86.701,26.435],[87.016,26.555],[87.287,26.36],[88.055,26.43],[88.162,26.725],[87.984,27.134],[88.024,27.409],[88.147,27.749],[88.11,27.871]]]}},{"type":"Feature","id":"ne50m:NRU","properties":{"boundaryId":"ne50m:NRU","nodeId":"geo:nr","bounds":[166.914,-0.546,166.958,-0.499]},"geometry":{"type":"Polygon","coordinates":[[[166.958,-0.517],[166.914,-0.499],[166.916,-0.546],[166.958,-0.517]]]}},{"type":"Feature","id":"ne50m:NSV","properties":{"boundaryId":"ne50m:NSV","nodeId":"geo:sj","bounds":[10.738,76.579,27.199,80.402]},"geometry":{"type":"MultiPolygon","coordinates":[[[[21.608,78.596],[20.228,78.478],[21.035,78.059],[21.608,77.916],[21.05,77.441],[22.057,77.501],[22.802,77.276],[23.841,77.498],[24.13,77.658],[24.902,77.757],[24.238,77.899],[23.117,77.992],[23.452,78.149],[22.3,78.228],[22.043,78.577],[21.608,78.596]]],[[[20.898,80.25],[20.359,80.401],[18.344,80.06],[18.725,79.761],[20.123,79.779],[19.675,79.591],[20.861,79.398],[22.696,79.329],[23.948,79.194],[24.751,79.365],[25.641,79.403],[26.006,79.617],[27.199,79.907],[26.861,80.16],[22.451,80.402],[22.376,80.09],[20.898,80.25]]],[[[16.787,79.907],[16.1,79.884],[15.816,79.682],[15.052,79.675],[13.384,79.481],[12.754,79.776],[10.866,79.797],[10.738,79.52],[11.208,79.13],[12.046,78.983],[11.774,78.716],[13.15,78.238],[14.11,78.271],[14.638,78.415],[16.449,78.504],[16.777,78.35],[15.657,78.299],[14.995,78.151],[13.681,78.028],[13.791,77.854],[14.921,77.689],[14.695,77.525],[14.004,77.445],[14.366,77.234],[15.124,77.085],[15.547,76.886],[16.7,76.579],[17.623,77.399],[18.228,77.523],[18.439,78.025],[18.995,78.081],[19.056,78.319],[19.769,78.623],[21.389,78.74],[20.501,78.981],[20.458,79.129],[19.089,79.157],[18.581,79.572],[17.578,79.885],[16.787,79.907]]]]}},{"type":"Feature","id":"ne50m:NZL","properties":{"boundaryId":"ne50m:NZL","nodeId":"geo:nz","bounds":[166.727,-47.18,-176.178,-34.455]},"geometry":{"type":"MultiPolygon","coordinates":[[[[173.115,-41.279],[172.989,-40.848],[172.767,-40.773],[172.641,-40.518],[172.273,-40.759],[172.139,-40.947],[172.011,-41.445],[171.831,-41.655],[171.486,-41.795],[171.257,-42.465],[170.742,-42.927],[170.303,-43.108],[169.662,-43.591],[169.17,-43.777],[168.806,-43.992],[168.367,-44.082],[167.787,-44.595],[167.195,-44.963],[167.026,-45.124],[166.734,-45.544],[166.836,-45.775],[166.727,-45.963],[166.732,-46.198],[167.369,-46.242],[167.682,-46.193],[167.842,-46.366],[168.189,-46.362],[168.382,-46.605],[168.767,-46.566],[169.099,-46.631],[169.687,-46.552],[170.419,-45.941],[170.776,-45.871],[170.701,-45.684],[170.94,-45.216],[171.113,-45.039],[171.231,-44.521],[171.443,-44.136],[171.659,-44.117],[172.385,-43.83],[172.48,-43.727],[172.921,-43.891],[173.073,-43.676],[172.807,-43.621],[172.719,-43.259],[173.221,-42.977],[173.545,-42.518],[173.84,-42.271],[173.888,-42.13],[174.283,-41.741],[174.092,-41.505],[174.237,-41.312],[174.303,-41.02],[173.738,-40.989],[173.231,-41.284],[173.115,-41.279]]],[[[168.145,-46.862],[167.956,-46.694],[167.629,-47.142],[167.906,-47.18],[168.241,-47.07],[168.145,-46.862]]],[[[173.269,-34.935],[172.964,-34.535],[172.706,-34.455],[173.191,-35.016],[173.117,-35.205],[173.945,-36.176],[174.055,-36.36],[174.254,-36.249],[174.447,-36.451],[174.382,-36.726],[174.476,-36.942],[174.782,-36.944],[174.729,-37.449],[174.928,-37.804],[174.715,-38.226],[174.597,-38.785],[174.398,-38.963],[173.844,-39.139],[173.764,-39.319],[173.934,-39.509],[174.352,-39.643],[174.567,-39.813],[175.009,-39.952],[175.254,-40.289],[175.163,-40.622],[174.635,-41.289],[174.875,-41.278],[174.906,-41.433],[175.166,-41.417],[175.31,-41.611],[175.983,-41.213],[176.385,-40.668],[176.842,-40.158],[177.11,-39.673],[176.967,-39.605],[176.954,-39.368],[177.129,-39.186],[177.408,-39.081],[177.966,-39.142],[177.91,-39.022],[177.976,-38.722],[178.268,-38.551],[178.394,-37.96],[178.536,-37.692],[178.272,-37.567],[178.009,-37.555],[177.727,-37.706],[177.558,-37.897],[177.336,-37.991],[176.77,-37.89],[176.108,-37.645],[175.99,-37.437],[175.876,-36.958],[175.461,-36.476],[175.542,-37.201],[175.385,-37.207],[175.3,-36.993],[174.722,-36.841],[174.819,-36.612],[174.802,-36.309],[174.391,-35.774],[174.543,-35.582],[174.32,-35.247],[173.844,-35.026],[173.269,-34.935]]],[[[-176.178,-43.74],[-176.566,-43.718],[-176.516,-44.117],[-176.334,-44.048],[-176.5,-43.86],[-176.178,-43.74]]]]}},{"type":"Feature","id":"ne50m:OMN","properties":{"boundaryId":"ne50m:OMN","nodeId":"geo:om","bounds":[51.978,16.648,59.823,26.327]},"geometry":{"type":"MultiPolygon","coordinates":[[[[53.086,16.648],[53.61,16.76],[54.068,17.006],[54.567,17.031],[54.772,16.965],[55.064,17.039],[55.296,17.382],[55.255,17.586],[55.479,17.843],[55.614,17.886],[56.27,17.951],[56.551,18.166],[56.655,18.587],[56.826,18.754],[57.177,18.903],[57.676,18.958],[57.812,19.017],[57.715,19.607],[57.862,20.244],[58.103,20.57],[58.209,20.424],[58.474,20.407],[58.896,21.113],[59.371,21.499],[59.8,22.22],[59.823,22.509],[59.535,22.579],[59.03,23.131],[58.773,23.517],[58.578,23.643],[58.325,23.624],[58.12,23.717],[57.611,23.804],[57.22,23.923],[56.913,24.15],[56.641,24.47],[56.388,24.979],[56.064,24.739],[55.916,24.972],[55.796,24.868],[55.761,24.243],[55.985,24.063],[55.548,23.991],[55.508,23.725],[55.2,23.035],[55.186,22.704],[55.641,22.002],[55.388,21.236],[54.977,19.996],[53.667,19.559],[51.978,18.996],[52.729,17.3],[52.801,17.268],[53.086,16.648]]],[[[56.298,25.651],[56.374,25.805],[56.43,26.327],[56.164,26.207],[56.08,26.063],[56.167,26.047],[56.145,25.691],[56.298,25.651]]]]}},{"type":"Feature","id":"ne50m:PAK","properties":{"boundaryId":"ne50m:PAK","nodeId":"geo:pk","bounds":[60.843,23.811,77.049,37.022]},"geometry":{"type":"Polygon","coordinates":[[[76.767,35.662],[76.563,35.773],[76.252,35.811],[75.945,36.018],[75.974,36.382],[75.84,36.65],[75.424,36.738],[75.347,36.913],[74.541,37.022],[74.002,36.823],[73.769,36.888],[72.623,36.83],[72.157,36.701],[71.822,36.486],[71.621,36.436],[71.185,36.042],[71.428,35.834],[71.601,35.408],[71.621,35.183],[70.966,34.53],[71.096,34.369],[71.052,34.05],[70.848,33.982],[70.416,33.95],[69.995,34.052],[69.868,33.898],[70.057,33.72],[70.284,33.369],[69.92,33.113],[69.502,33.02],[69.405,32.683],[69.241,32.434],[69.279,31.937],[69.083,31.738],[68.869,31.634],[68.598,31.803],[68.214,31.807],[68.017,31.678],[67.578,31.506],[67.738,31.344],[67.287,31.218],[66.924,31.306],[66.397,30.912],[66.287,30.608],[66.305,30.321],[66.177,29.836],[65.096,29.559],[64.521,29.565],[64.099,29.392],[63.568,29.498],[62.477,29.408],[60.843,29.859],[61.318,29.373],[61.338,29.265],[61.623,28.792],[61.89,28.547],[62.353,28.415],[62.565,28.235],[62.763,28.202],[62.74,28.002],[62.812,27.497],[62.763,27.25],[63.167,27.252],[63.25,26.879],[63.168,26.666],[62.787,26.644],[62.439,26.561],[62.239,26.357],[61.87,26.242],[61.754,25.843],[61.669,25.769],[61.588,25.202],[61.744,25.138],[62.315,25.135],[62.572,25.255],[63.491,25.211],[63.721,25.386],[64.152,25.333],[64.659,25.184],[64.777,25.307],[65.406,25.374],[65.68,25.355],[66.429,25.575],[66.699,25.226],[66.703,24.861],[67.171,24.756],[67.309,24.175],[67.668,23.811],[68.165,23.857],[68.283,23.928],[68.724,23.965],[68.728,24.266],[69.559,24.273],[69.716,24.173],[70.021,24.192],[70.098,24.288],[70.547,24.418],[70.716,24.238],[71.044,24.4],[71.048,24.688],[70.878,25.063],[70.652,25.423],[70.648,25.667],[70.265,25.707],[70.1,25.91],[70.078,26.072],[70.157,26.471],[70.059,26.579],[69.736,26.627],[69.47,26.804],[69.568,27.175],[69.896,27.474],[70.145,27.849],[70.404,28.025],[70.629,27.937],[70.737,27.729],[70.875,27.714],[71.185,27.832],[71.543,27.87],[71.87,27.963],[71.948,28.177],[72.179,28.422],[72.342,28.752],[72.903,29.029],[73.231,29.551],[73.382,29.934],[73.809,30.093],[73.933,30.222],[73.899,30.435],[74.216,30.769],[74.633,31.035],[74.518,31.186],[74.594,31.465],[74.51,31.713],[74.739,31.949],[75.254,32.14],[75.333,32.279],[74.987,32.462],[74.658,32.519],[74.663,32.758],[74.355,32.769],[74.304,32.992],[73.994,33.242],[74.15,33.507],[74.001,33.788],[74.246,33.99],[73.95,34.019],[73.979,34.191],[73.81,34.325],[73.961,34.653],[74.3,34.765],[74.952,34.646],[75.188,34.639],[75.709,34.503],[76.041,34.67],[76.594,34.736],[77.001,34.992],[77.049,35.11],[76.767,35.662]]]}},{"type":"Feature","id":"ne50m:PAN","properties":{"boundaryId":"ne50m:PAN","nodeId":"geo:pa","bounds":[-82.998,7.22,-77.212,9.598]},"geometry":{"type":"Polygon","coordinates":[[[-77.374,8.658],[-77.697,8.889],[-77.831,9.068],[-78.083,9.236],[-78.504,9.406],[-78.932,9.428],[-79.017,9.51],[-79.577,9.598],[-80.127,9.21],[-80.547,9.082],[-80.839,8.887],[-81.355,8.781],[-81.78,8.957],[-82.078,8.935],[-82.244,9.031],[-82.371,9.429],[-82.564,9.577],[-82.801,9.592],[-82.94,9.449],[-82.94,9.06],[-82.741,8.952],[-82.917,8.74],[-82.862,8.454],[-82.998,8.368],[-82.879,8.071],[-82.866,8.246],[-82.68,8.322],[-81.728,8.138],[-81.504,7.721],[-81.268,7.625],[-81.035,7.711],[-80.846,7.22],[-80.439,7.275],[-80.287,7.426],[-80.011,7.5],[-80.075,7.667],[-80.458,8.077],[-80.369,8.289],[-80.126,8.35],[-79.75,8.596],[-79.687,8.851],[-79.442,9.006],[-79.086,8.997],[-78.514,8.628],[-78.469,8.447],[-78.114,8.38],[-78.422,8.061],[-78.378,7.9],[-78.17,7.544],[-77.901,7.229],[-77.744,7.537],[-77.587,7.543],[-77.351,7.706],[-77.212,8.034],[-77.407,8.427],[-77.374,8.658]]]}},{"type":"Feature","id":"ne50m:PAZ","properties":{"boundaryId":"ne50m:PAZ","nodeId":"geo:pt","bounds":[-25.649,37.715,-25.267,37.849]},"geometry":{"type":"Polygon","coordinates":[[[-25.649,37.841],[-25.439,37.715],[-25.267,37.849],[-25.649,37.841]]]}},{"type":"Feature","id":"ne50m:PCN","properties":{"boundaryId":"ne50m:PCN","nodeId":"geo:pn","bounds":[-128.35,-24.4,-128.29,-24.334]},"geometry":{"type":"Polygon","coordinates":[[[-128.29,-24.397],[-128.304,-24.334],[-128.35,-24.34],[-128.321,-24.4],[-128.29,-24.397]]]}},{"type":"Feature","id":"ne50m:PER","properties":{"boundaryId":"ne50m:PER","nodeId":"geo:pe","bounds":[-81.337,-18.346,-68.685,-0.05]},"geometry":{"type":"Polygon","coordinates":[[[-69.966,-4.236],[-70.34,-3.814],[-70.53,-3.866],[-70.735,-3.782],[-70.074,-2.75],[-70.096,-2.658],[-70.915,-2.219],[-71.397,-2.334],[-71.753,-2.153],[-71.984,-2.327],[-72.396,-2.429],[-72.625,-2.352],[-72.887,-2.408],[-73.154,-2.278],[-73.127,-2.081],[-73.197,-1.83],[-73.496,-1.693],[-73.494,-1.537],[-73.664,-1.249],[-73.863,-1.197],[-74.054,-1.029],[-74.246,-0.971],[-74.418,-0.581],[-74.802,-0.2],[-75.138,-0.05],[-75.284,-0.107],[-75.476,-0.157],[-75.425,-0.409],[-75.263,-0.555],[-75.25,-0.952],[-75.42,-0.962],[-75.571,-1.531],[-76.09,-2.133],[-76.679,-2.563],[-77.861,-2.982],[-78.183,-3.35],[-78.347,-3.431],[-78.42,-3.777],[-78.679,-4.326],[-78.686,-4.562],[-78.862,-4.665],[-79.076,-4.991],[-79.331,-4.928],[-79.639,-4.455],[-79.797,-4.476],[-80.14,-4.296],[-80.383,-4.464],[-80.488,-4.394],[-80.51,-4.07],[-80.303,-4.005],[-80.179,-3.878],[-80.274,-3.425],[-80.325,-3.388],[-80.799,-3.731],[-80.892,-3.882],[-81.283,-4.322],[-81.337,-4.67],[-81.108,-5.028],[-81.168,-5.167],[-80.943,-5.475],[-80.883,-5.759],[-81.181,-5.942],[-81.142,-6.057],[-80.812,-6.282],[-80.11,-6.65],[-79.762,-7.067],[-79.377,-7.836],[-79.012,-8.21],[-78.762,-8.617],[-78.755,-8.74],[-78.58,-9.157],[-78.446,-9.371],[-78.186,-10.089],[-77.736,-10.837],[-77.633,-11.288],[-77.31,-11.532],[-77.22,-11.663],[-77.153,-12.06],[-76.832,-12.349],[-76.555,-12.823],[-76.427,-13.11],[-76.224,-13.371],[-76.184,-13.515],[-76.297,-13.948],[-76.289,-14.133],[-75.934,-14.634],[-75.534,-14.899],[-75.104,-15.412],[-74.147,-15.912],[-73.825,-16.153],[-73.4,-16.304],[-72.794,-16.615],[-72.468,-16.708],[-72.111,-17.003],[-71.532,-17.294],[-71.399,-17.422],[-71.337,-17.683],[-70.942,-17.932],[-70.418,-18.346],[-70.184,-18.325],[-69.926,-18.206],[-69.802,-17.9],[-69.852,-17.704],[-69.511,-17.506],[-69.625,-17.2],[-69.438,-17.088],[-69.2,-16.768],[-69.021,-16.642],[-68.913,-16.262],[-69.218,-16.149],[-69.419,-15.603],[-69.172,-15.237],[-69.375,-14.963],[-69.235,-14.597],[-68.88,-14.199],[-69.074,-13.683],[-68.983,-13.496],[-68.979,-12.88],[-68.759,-12.687],[-68.685,-12.502],[-69.579,-10.952],[-69.96,-10.93],[-70.22,-11.048],[-70.642,-11.01],[-70.637,-9.824],[-70.567,-9.705],[-70.637,-9.478],[-71.238,-9.966],[-71.608,-10.006],[-72.182,-10.004],[-72.379,-9.51],[-72.814,-9.41],[-73.209,-9.411],[-72.97,-9.12],[-72.974,-8.993],[-73.302,-8.654],[-73.36,-8.479],[-73.549,-8.346],[-73.61,-8.145],[-73.776,-7.936],[-73.72,-7.783],[-74.002,-7.556],[-73.964,-7.379],[-73.749,-7.335],[-73.805,-7.08],[-73.758,-6.906],[-73.5,-6.679],[-73.137,-6.466],[-73.236,-6.098],[-72.98,-5.635],[-72.887,-5.123],[-72.699,-5.067],[-72.257,-4.749],[-71.845,-4.504],[-71.521,-4.47],[-70.974,-4.35],[-70.8,-4.173],[-70.405,-4.15],[-70.239,-4.301],[-69.966,-4.236]]]}},{"type":"Feature","id":"ne50m:PHL","properties":{"boundaryId":"ne50m:PHL","nodeId":"geo:ph","bounds":[117.311,5.632,126.582,18.615]},"geometry":{"type":"MultiPolygon","coordinates":[[[[121.102,18.615],[120.814,18.603],[120.6,18.508],[120.358,17.638],[120.425,17.438],[120.409,16.956],[120.305,16.529],[120.389,16.222],[120.337,16.066],[120.16,16.048],[119.831,16.327],[119.769,16.008],[119.892,15.838],[119.933,15.431],[120.082,14.851],[120.251,14.793],[120.439,14.453],[120.589,14.483],[120.547,14.766],[120.888,14.716],[120.922,14.493],[120.617,14.188],[120.637,13.804],[120.841,13.885],[121.204,13.64],[121.446,13.712],[121.501,13.842],[121.778,13.938],[122.073,13.788],[122.407,13.493],[122.515,13.26],[122.668,13.395],[122.508,13.657],[122.595,13.908],[122.896,13.592],[123.163,13.442],[123.296,13.216],[123.311,13.044],[123.627,12.912],[123.918,12.94],[123.878,12.69],[124.06,12.567],[124.143,13.036],[123.785,13.111],[123.819,13.269],[123.608,13.528],[123.607,13.704],[123.726,13.884],[123.432,13.966],[123.231,13.747],[123.06,13.789],[123.071,13.96],[122.856,14.251],[122.491,14.322],[122.2,14.148],[122.212,13.93],[121.8,14.114],[121.649,14.481],[121.695,14.737],[121.392,15.324],[121.607,15.67],[121.595,15.933],[121.789,16.077],[122.135,16.185],[122.426,16.823],[122.519,17.125],[122.237,17.435],[122.151,17.756],[122.179,18.064],[122.3,18.403],[122.147,18.487],[122.038,18.328],[121.846,18.295],[121.593,18.376],[121.102,18.615]]],[[[117.311,8.44],[117.517,8.538],[117.99,8.877],[118.134,9.101],[118.435,9.256],[118.774,9.767],[118.782,9.916],[119.192,10.061],[119.285,10.252],[119.595,10.407],[119.684,10.552],[119.527,10.953],[119.56,11.267],[119.465,11.294],[119.261,10.845],[119.287,10.574],[119.024,10.354],[118.115,9.347],[117.885,9.241],[117.35,8.714],[117.311,8.44]]],[[[122.496,11.615],[122.291,11.772],[121.964,11.897],[121.891,11.791],[122.104,11.643],[122.051,11.097],[121.964,10.872],[121.988,10.458],[122.198,10.623],[122.522,10.692],[122.77,10.824],[122.803,10.99],[123.017,11.117],[123.144,11.364],[123.158,11.536],[122.931,11.529],[122.496,11.615]]],[[[123.131,9.064],[123.308,9.357],[123.15,9.606],[123.162,9.864],[123.344,10.325],[123.568,10.781],[123.511,10.923],[123.257,10.994],[122.983,10.887],[122.958,10.698],[122.817,10.504],[122.856,10.087],[122.713,9.99],[122.471,9.962],[122.411,9.694],[122.563,9.483],[122.867,9.32],[122.995,9.059],[123.131,9.064]]],[[[124.575,11.343],[124.331,11.535],[124.446,10.924],[124.663,10.962],[124.787,10.781],[124.738,10.44],[124.781,10.168],[125.027,10.033],[125.105,10.218],[125.253,10.264],[125.188,10.585],[125.013,10.786],[125.027,11.212],[124.93,11.373],[124.575,11.343]]],[[[125.24,12.528],[125.15,12.573],[124.566,12.526],[124.295,12.569],[124.385,12.244],[124.677,12.021],[124.884,11.775],[124.917,11.558],[125.034,11.341],[125.233,11.145],[125.628,11.132],[125.506,11.544],[125.457,11.953],[125.536,12.191],[125.32,12.322],[125.24,12.528]]],[[[120.704,13.479],[120.401,13.517],[120.508,13.26],[120.764,12.97],[120.796,12.748],[120.922,12.512],[121.237,12.219],[121.394,12.301],[121.541,12.638],[121.48,12.837],[121.523,13.131],[121.203,13.432],[120.915,13.501],[120.704,13.479]]],[[[126.006,9.321],[125.877,9.513],[125.521,9.759],[125.414,9.669],[125.533,9.141],[125.499,9.015],[125.21,9.027],[125.141,8.869],[124.869,8.972],[124.787,8.874],[124.731,8.563],[124.451,8.606],[124.325,8.508],[124.226,8.271],[123.997,8.159],[123.877,8.189],[123.849,8.433],[123.68,8.621],[123.435,8.703],[123.341,8.57],[123.018,8.398],[122.911,8.156],[122.337,8.028],[122.132,7.81],[122.047,7.364],[121.925,7.2],[121.964,6.968],[122.176,7.004],[122.498,7.673],[122.616,7.763],[122.792,7.722],[122.843,7.529],[123.178,7.529],[123.391,7.408],[123.493,7.808],[123.666,7.818],[123.968,7.665],[124.207,7.396],[124.191,7.267],[123.985,6.994],[124.078,6.404],[124.213,6.233],[124.636,5.998],[125.035,5.871],[125.174,6.047],[125.288,5.632],[125.456,5.664],[125.668,5.979],[125.671,6.225],[125.588,6.466],[125.381,6.69],[125.401,6.796],[125.824,7.333],[126.08,6.733],[126.439,7.012],[126.582,7.248],[126.57,7.677],[126.435,7.833],[126.459,8.203],[126.365,8.484],[126.142,8.627],[126.32,8.845],[126.192,9.125],[126.193,9.277],[126.006,9.321]]],[[[123.37,9.45],[123.494,9.589],[123.643,10.02],[123.789,10.221],[123.952,10.317],[124.051,10.586],[124.053,10.926],[123.93,10.964],[123.711,10.474],[123.386,9.967],[123.316,9.489],[123.37,9.45]]],[[[121.159,6.076],[120.898,6.007],[120.931,5.896],[121.218,5.943],[121.159,6.076]]],[[[124.594,9.787],[124.577,10.027],[124.336,10.16],[124.173,10.135],[123.817,9.817],[123.936,9.624],[124.36,9.63],[124.594,9.787]]],[[[122.093,6.428],[122.288,6.639],[122.058,6.741],[121.809,6.614],[121.959,6.416],[122.093,6.428]]],[[[125.69,9.914],[125.647,10.245],[125.495,10.119],[125.69,9.914]]],[[[121.915,13.54],[121.829,13.329],[122.005,13.205],[122.115,13.463],[121.915,13.54]]],[[[123.717,12.287],[123.463,12.501],[123.267,12.395],[123.211,12.107],[123.419,12.194],[123.983,11.819],[124.04,11.967],[123.908,12.169],[123.717,12.287]]],[[[124.354,13.632],[124.417,13.871],[124.225,14.078],[124.123,13.98],[124.039,13.663],[124.175,13.532],[124.354,13.632]]]]}},{"type":"Feature","id":"ne50m:PLW","properties":{"boundaryId":"ne50m:PLW","nodeId":"geo:pw","bounds":[134.506,7.382,134.66,7.663]},"geometry":{"type":"Polygon","coordinates":[[[134.595,7.382],[134.66,7.663],[134.556,7.594],[134.506,7.437],[134.595,7.382]]]}},{"type":"Feature","id":"ne50m:PMD","properties":{"boundaryId":"ne50m:PMD","nodeId":"geo:pt","bounds":[-17.191,32.648,-16.693,32.869]},"geometry":{"type":"Polygon","coordinates":[[[-17.191,32.869],[-17.171,32.722],[-16.837,32.648],[-16.693,32.758],[-17.191,32.869]]]}},{"type":"Feature","id":"ne50m:PNB","properties":{"boundaryId":"ne50m:PNB","nodeId":"geo:pg","bounds":[154.709,-6.863,155.958,-5.54]},"geometry":{"type":"Polygon","coordinates":[[[155.958,-6.687],[155.823,-6.38],[155.467,-6.145],[154.997,-5.54],[154.741,-5.545],[154.709,-5.747],[154.782,-5.971],[155.01,-6.21],[155.202,-6.308],[155.209,-6.527],[155.344,-6.722],[155.719,-6.863],[155.958,-6.687]]]}},{"type":"Feature","id":"ne50m:PNX","properties":{"boundaryId":"ne50m:PNX","nodeId":"geo:pg","bounds":[140.862,-10.655,153.124,-1.96]},"geometry":{"type":"MultiPolygon","coordinates":[[[[152.966,-4.756],[153.124,-4.252],[153.017,-4.106],[152.179,-3.41],[152.033,-3.251],[151.807,-3.173],[151.475,-2.942],[150.825,-2.573],[150.968,-2.78],[151.579,-3.154],[151.973,-3.453],[152.192,-3.506],[152.598,-3.995],[152.697,-4.282],[152.681,-4.498],[152.892,-4.832],[152.966,-4.756]]],[[[151.916,-4.297],[151.593,-4.201],[151.552,-4.346],[151.665,-4.637],[151.671,-4.883],[151.327,-4.96],[151.138,-5.113],[150.953,-5.424],[150.626,-5.521],[150.519,-5.46],[150.299,-5.536],[150.106,-5.429],[149.831,-5.524],[149.245,-5.573],[148.999,-5.485],[148.345,-5.545],[148.401,-5.765],[148.808,-5.916],[149.127,-6.128],[149.382,-6.078],[149.653,-6.29],[150.428,-6.276],[150.809,-6.071],[151.229,-5.92],[151.422,-5.747],[151.515,-5.552],[151.865,-5.565],[152.143,-5.357],[151.994,-5.149],[152.013,-5.004],[152.258,-4.955],[152.4,-4.731],[152.406,-4.341],[152.117,-4.212],[151.916,-4.297]]],[[[140.976,-9.119],[141.133,-9.221],[141.406,-9.151],[141.622,-9.211],[142.23,-9.17],[142.647,-9.328],[143.366,-8.961],[143.392,-8.802],[143.112,-8.475],[143.095,-8.311],[143.614,-8.2],[143.552,-7.985],[143.779,-8.028],[143.942,-7.944],[143.898,-7.674],[144.225,-7.765],[144.51,-7.567],[144.773,-7.642],[144.974,-7.802],[145.468,-7.93],[145.729,-7.952],[146.033,-8.076],[146.184,-8.246],[146.697,-9.025],[146.913,-9.092],[147.017,-9.388],[147.408,-9.675],[147.553,-9.912],[147.769,-10.07],[148.15,-10.107],[148.383,-10.185],[148.713,-10.167],[148.937,-10.255],[149.754,-10.353],[150.017,-10.577],[150.32,-10.655],[150.482,-10.637],[150.489,-10.426],[150.667,-10.257],[150.364,-10.19],[149.874,-10.013],[149.761,-9.806],[149.974,-9.661],[149.476,-9.588],[149.203,-9.407],[149.248,-9.071],[149.097,-9.017],[148.792,-9.089],[148.583,-9.052],[148.451,-8.695],[148.247,-8.554],[148.127,-8.104],[147.724,-7.876],[147.19,-7.378],[146.961,-6.929],[147.119,-6.722],[147.71,-6.724],[147.846,-6.662],[147.802,-6.315],[147.567,-6.057],[147.377,-5.951],[147.034,-5.919],[146.403,-5.617],[145.853,-5.471],[145.745,-5.402],[145.793,-5.178],[145.767,-4.823],[145.335,-4.385],[145.088,-4.349],[144.478,-3.825],[144.016,-3.784],[143.509,-3.431],[142.905,-3.321],[142.212,-3.083],[141.986,-2.964],[141.186,-2.628],[140.973,-2.61],[140.974,-4.226],[140.975,-5.65],[140.975,-6.346],[140.862,-6.74],[140.975,-6.905],[140.976,-8.496],[140.976,-9.119]]],[[[148.026,-5.826],[148.055,-5.612],[147.846,-5.491],[147.781,-5.627],[148.026,-5.826]]],[[[150.345,-9.494],[150.32,-9.264],[150.11,-9.362],[150.345,-9.494]]],[[[147.068,-1.96],[146.656,-1.974],[146.748,-2.149],[147.206,-2.182],[147.401,-2.025],[147.068,-1.96]]],[[[150.437,-2.662],[150.429,-2.47],[150.227,-2.384],[150.043,-2.512],[150.166,-2.66],[150.437,-2.662]]],[[[150.528,-9.347],[150.436,-9.625],[150.894,-9.667],[150.879,-9.513],[150.528,-9.347]]]]}},{"type":"Feature","id":"ne50m:POL","properties":{"boundaryId":"ne50m:POL","nodeId":"geo:pl","bounds":[14.129,49.073,24.106,54.838]},"geometry":{"type":"Polygon","coordinates":[[[23.605,51.518],[23.545,51.71],[23.652,52.04],[23.197,52.257],[23.48,52.552],[23.845,52.664],[23.887,53.028],[23.599,53.599],[23.485,53.94],[23.454,54.143],[23.016,54.348],[22.766,54.357],[22.168,54.36],[20.208,54.421],[19.604,54.459],[18.976,54.349],[18.67,54.431],[18.323,54.838],[17.262,54.73],[16.56,54.554],[16.186,54.29],[14.716,54.018],[14.211,53.95],[14.214,53.871],[14.259,53.73],[14.415,53.283],[14.369,53.106],[14.129,52.878],[14.619,52.529],[14.555,52.36],[14.753,52.082],[14.602,51.832],[15.017,51.253],[14.809,50.859],[14.994,51.014],[15.259,50.959],[15.354,50.812],[16.007,50.612],[16.679,50.097],[17.152,50.378],[17.875,49.972],[18.028,50.035],[18.562,49.879],[18.832,49.511],[19.149,49.4],[19.442,49.598],[19.802,49.192],[20.058,49.181],[20.164,49.316],[20.616,49.392],[20.947,49.317],[21.079,49.418],[21.64,49.412],[22.02,49.21],[22.539,49.073],[22.706,49.171],[22.649,49.539],[23.036,49.899],[23.712,50.377],[23.973,50.41],[24.106,50.845],[23.664,51.31],[23.605,51.518]]]}},{"type":"Feature","id":"ne50m:PRI","properties":{"boundaryId":"ne50m:PRI","nodeId":"geo:pr","bounds":[-67.264,17.951,-65.621,18.499]},"geometry":{"type":"Polygon","coordinates":[[[-66.129,18.445],[-66.189,18.476],[-67.159,18.499],[-67.264,18.365],[-67.172,18.224],[-67.197,17.994],[-66.409,17.951],[-65.971,17.974],[-65.621,18.242],[-65.629,18.381],[-66.129,18.445]]]}},{"type":"Feature","id":"ne50m:PRK","properties":{"boundaryId":"ne50m:PRK","nodeId":"geo:kp","bounds":[124.362,37.73,130.687,42.998]},"geometry":{"type":"Polygon","coordinates":[[[128.375,38.623],[127.972,38.898],[127.786,39.084],[127.395,39.208],[127.549,39.461],[127.568,39.782],[127.967,39.996],[128.304,40.036],[128.701,40.318],[129.11,40.491],[129.341,40.726],[129.709,40.857],[129.766,41.304],[129.682,41.494],[129.756,41.712],[130.068,42.046],[130.458,42.302],[130.687,42.303],[130.527,42.535],[130.247,42.745],[130.24,42.892],[129.898,42.998],[129.72,42.475],[129.314,42.414],[129.196,42.218],[128.923,42.038],[128.045,41.988],[128.033,41.898],[128.291,41.563],[128.111,41.389],[127.18,41.531],[126.904,41.781],[126.601,41.641],[126.49,41.358],[125.989,40.905],[125.728,40.867],[125.417,40.66],[124.889,40.46],[124.387,40.104],[124.362,40.004],[124.557,39.791],[124.775,39.758],[125.1,39.59],[125.361,39.527],[125.41,39.288],[125.157,38.872],[125.31,38.665],[125.067,38.557],[124.691,38.129],[125.193,38.038],[125.449,37.73],[125.769,37.985],[125.942,37.874],[126.37,37.878],[126.634,37.782],[126.667,37.917],[127.01,38.241],[127.17,38.305],[128.039,38.309],[128.169,38.359],[128.375,38.623]]]}},{"type":"Feature","id":"ne50m:PRX","properties":{"boundaryId":"ne50m:PRX","nodeId":"geo:pt","bounds":[-9.474,37.006,-6.212,42.134]},"geometry":{"type":"Polygon","coordinates":[[[-8.777,41.941],[-8.811,41.652],[-8.656,41.029],[-8.887,40.179],[-8.838,40.116],[-9.148,39.543],[-9.375,39.338],[-9.474,38.731],[-9.25,38.657],[-9.213,38.448],[-8.915,38.512],[-8.802,38.184],[-8.879,37.959],[-8.792,37.733],[-8.814,37.431],[-8.998,37.032],[-8.598,37.121],[-7.834,37.006],[-7.406,37.179],[-7.504,37.585],[-7.185,38.006],[-7.023,38.045],[-7.343,38.457],[-7.282,38.715],[-7.046,38.907],[-7.445,39.536],[-7.454,39.681],[-7.037,39.714],[-6.896,40.022],[-7.015,40.208],[-6.81,40.343],[-6.818,40.654],[-6.928,41.009],[-6.212,41.532],[-6.542,41.673],[-6.618,41.942],[-7.03,41.951],[-7.404,41.834],[-7.921,41.884],[-8.152,41.812],[-8.213,42.134],[-8.538,42.069],[-8.777,41.941]]]}},{"type":"Feature","id":"ne50m:PRY","properties":{"boundaryId":"ne50m:PRY","nodeId":"geo:py","bounds":[-62.651,-27.554,-54.242,-19.286]},"geometry":{"type":"Polygon","coordinates":[[[-58.16,-20.165],[-58.18,-19.818],[-59.091,-19.286],[-60.007,-19.298],[-61.757,-19.645],[-61.917,-20.055],[-62.276,-20.562],[-62.277,-21.066],[-62.651,-22.234],[-62.373,-22.439],[-62.067,-22.869],[-61.799,-23.182],[-61.208,-23.557],[-61.033,-23.756],[-60.84,-23.858],[-59.892,-24.094],[-59.373,-24.454],[-58.365,-24.959],[-58.136,-24.977],[-57.822,-25.136],[-57.587,-25.405],[-57.572,-25.534],[-57.755,-25.697],[-57.891,-26.007],[-58.082,-26.139],[-58.203,-26.381],[-58.191,-26.63],[-58.323,-26.858],[-58.642,-27.196],[-58.605,-27.314],[-58.168,-27.273],[-57.812,-27.317],[-57.112,-27.47],[-56.603,-27.468],[-56.437,-27.554],[-56.164,-27.321],[-55.79,-27.416],[-55.427,-27.009],[-55.136,-26.931],[-54.825,-26.652],[-54.678,-26.309],[-54.616,-25.576],[-54.473,-25.22],[-54.242,-24.047],[-54.625,-23.812],[-54.983,-23.975],[-55.366,-23.991],[-55.459,-23.687],[-55.654,-22.81],[-55.618,-22.671],[-55.849,-22.308],[-56.19,-22.281],[-56.524,-22.103],[-56.633,-22.235],[-56.937,-22.271],[-57.238,-22.195],[-57.82,-22.142],[-57.986,-22.046],[-57.916,-21.699],[-57.83,-20.998],[-57.979,-20.657],[-58.002,-20.465],[-58.16,-20.165]]]}},{"type":"Feature","id":"ne50m:PYF","properties":{"boundaryId":"ne50m:PYF","nodeId":"geo:pf","bounds":[-149.611,-17.735,-149.322,-17.522]},"geometry":{"type":"Polygon","coordinates":[[[-149.322,-17.69],[-149.379,-17.522],[-149.611,-17.532],[-149.579,-17.735],[-149.322,-17.69]]]}},{"type":"Feature","id":"ne50m:QAT","properties":{"boundaryId":"ne50m:QAT","nodeId":"geo:qa","bounds":[50.763,24.574,51.602,26.153]},"geometry":{"type":"Polygon","coordinates":[[[51.268,24.607],[51.428,24.668],[51.587,24.965],[51.602,25.148],[51.485,25.525],[51.543,25.902],[51.262,26.153],[51.003,25.981],[50.763,25.445],[50.847,24.889],[50.804,24.789],[50.966,24.574],[51.268,24.607]]]}},{"type":"Feature","id":"ne50m:REU","properties":{"boundaryId":"ne50m:REU","nodeId":"geo:re","bounds":[55.233,-21.358,55.839,-20.904]},"geometry":{"type":"Polygon","coordinates":[[[55.797,-21.339],[55.839,-21.139],[55.662,-20.906],[55.311,-20.904],[55.233,-21.058],[55.363,-21.274],[55.558,-21.358],[55.797,-21.339]]]}},{"type":"Feature","id":"ne50m:ROU","properties":{"boundaryId":"ne50m:ROU","nodeId":"geo:ro","bounds":[20.242,43.671,29.706,48.26]},"geometry":{"type":"Polygon","coordinates":[[[28.213,45.45],[28.1,45.973],[28.244,46.451],[28.239,46.641],[28.072,46.978],[27.854,47.115],[27.337,47.64],[26.981,48.155],[26.619,48.26],[26.306,48.204],[26.163,47.993],[25.464,47.911],[24.893,47.718],[24.579,47.931],[24.178,47.906],[23.203,48.085],[22.877,47.947],[22.677,47.799],[22.291,47.728],[22,47.505],[21.785,47.138],[21.32,46.608],[21.152,46.304],[20.837,46.26],[20.614,46.133],[20.242,46.109],[20.359,45.975],[20.775,45.75],[20.774,45.484],[20.942,45.365],[21.492,45.122],[21.36,44.827],[21.909,44.666],[22.093,44.542],[22.498,44.706],[22.495,44.435],[22.705,44.238],[23.029,44.078],[22.919,43.834],[23.225,43.874],[24.227,43.763],[24.431,43.794],[25.16,43.686],[25.497,43.671],[25.819,43.767],[26.216,44.007],[27.087,44.167],[27.425,44.021],[27.884,43.987],[28.05,43.822],[28.585,43.742],[28.659,43.984],[28.645,44.296],[29.048,44.758],[29.558,44.843],[29.706,45.26],[29.568,45.371],[29.224,45.403],[28.761,45.234],[28.451,45.292],[28.213,45.45]]]}},{"type":"Feature","id":"ne50m:RUS","properties":{"boundaryId":"ne50m:RUS","nodeId":"geo:ru","bounds":[19.604,41.213,-169.778,81.546]},"geometry":{"type":"MultiPolygon","coordinates":[[[[-179.799,68.94],[-180,68.983],[-180,68.739],[-180,68.494],[-180,68.249],[-180,68.004],[-180,67.76],[-180,67.515],[-180,67.27],[-180,67.025],[-180,66.781],[-180,66.536],[-180,66.291],[-180,66.046],[-180,65.802],[-180,65.557],[-180,65.312],[-180,65.067],[-179.705,65.187],[-179.352,65.517],[-179.728,65.804],[-179.616,66.128],[-178.916,66.18],[-178.879,65.936],[-178.502,65.74],[-178.31,65.485],[-177.489,65.504],[-177.056,65.614],[-176.093,65.471],[-175.923,65.352],[-175.854,65.011],[-175.395,64.802],[-175.036,64.814],[-174.318,64.638],[-173.73,64.365],[-173.009,64.297],[-172.487,64.544],[-172.924,64.705],[-172.213,65.048],[-172.212,65.425],[-171.907,65.496],[-170.666,65.622],[-170.541,65.865],[-169.778,66.143],[-170.192,66.201],[-171.36,66.677],[-171.796,66.932],[-172.641,66.925],[-173.68,67.145],[-174.448,67.103],[-174.006,66.779],[-174.232,66.632],[-174.018,66.383],[-174.925,66.623],[-174.771,66.784],[-174.938,67.093],[-174.85,67.349],[-175.155,67.365],[-175.345,67.678],[-177.408,68.245],[-178.25,68.541],[-178.693,68.546],[-178.874,68.754],[-179.799,68.94]]],[[[130.687,42.303],[130.834,42.523],[131.158,42.626],[131.393,42.822],[131.722,43.203],[132.029,43.119],[132.334,43.239],[132.304,42.883],[132.709,42.876],[133.16,42.697],[133.709,42.83],[134.692,43.291],[135.131,43.526],[135.483,43.835],[135.533,43.971],[135.875,44.374],[136.142,44.489],[136.804,45.171],[137.147,45.394],[137.685,45.818],[138.106,46.251],[138.337,46.543],[138.587,47.057],[139.001,47.383],[139.373,47.887],[139.998,48.324],[140.171,48.524],[140.309,49.054],[140.517,49.596],[140.463,49.911],[140.535,50.131],[140.476,50.546],[140.688,51.232],[140.933,51.62],[141.367,51.921],[141.485,52.179],[141.17,52.368],[141.256,52.84],[141.087,52.898],[141.402,53.184],[141.006,53.495],[140.688,53.596],[140.347,53.813],[140.179,54.052],[139.707,54.277],[139.32,54.193],[138.696,54.32],[138.661,53.745],[138.292,53.592],[137.328,53.539],[137.645,53.866],[137.378,54.282],[137.096,54.129],[137.258,54.025],[137.155,53.822],[136.683,53.931],[136.797,54.621],[135.852,54.584],[135.258,54.731],[135.263,54.943],[135.541,55.114],[136.175,55.352],[136.46,55.577],[136.794,55.694],[137.692,56.139],[138.074,56.433],[138.218,56.629],[138.662,56.966],[139.182,57.262],[139.444,57.33],[140.002,57.688],[140.447,57.814],[140.685,58.212],[140.988,58.417],[141.347,58.528],[141.755,58.745],[142.025,59],[142.58,59.24],[143.192,59.37],[143.869,59.411],[144.483,59.376],[145.555,59.414],[145.932,59.198],[146.273,59.221],[146.444,59.43],[147.514,59.269],[147.875,59.388],[149.205,59.488],[149.065,59.631],[149.643,59.77],[150.457,59.591],[150.729,59.469],[150.983,59.571],[151.486,59.524],[151.99,59.16],[151.505,59.164],[151.121,59.083],[151.327,58.875],[152.088,58.91],[152.401,59.026],[152.882,58.939],[153.361,59.215],[153.695,59.225],[154.011,59.076],[154.458,59.217],[154.704,59.141],[155.16,59.19],[155.167,59.36],[154.583,59.54],[154.15,59.529],[154.293,59.833],[154.971,60.377],[155.853,60.777],[156.056,60.996],[156.63,61.272],[156.68,61.481],[157.469,61.799],[158.07,61.754],[159.077,61.922],[159.552,61.719],[160.183,61.903],[160.317,61.793],[159.883,61.292],[159.949,61.129],[160.379,61.025],[160.226,60.832],[160.767,60.753],[161.037,60.963],[162.393,61.662],[163.085,61.571],[163.009,61.792],[163.332,62.551],[164.256,62.697],[164.567,62.675],[164.598,62.471],[164.207,62.292],[164.02,61.711],[163.804,61.461],[164.005,61.344],[163.62,61.111],[163.71,60.917],[163.352,60.8],[162.973,60.783],[162.004,60.42],[161.754,60.152],[161.449,60.027],[160.855,59.627],[160.547,59.547],[159.847,59.127],[159.592,58.804],[159.037,58.424],[158.21,58.025],[157.666,58.02],[157.45,57.799],[156.986,57.83],[156.792,57.748],[156.977,57.466],[156.728,57.152],[155.983,56.695],[155.717,56.072],[155.555,55.348],[155.62,54.865],[155.905,53.928],[156.099,53.006],[156.229,52.626],[156.365,52.509],[156.49,51.913],[156.5,51.475],[156.748,50.969],[157.202,51.213],[157.531,51.48],[158.104,51.81],[158.463,52.305],[158.481,52.627],[158.609,52.874],[158.952,53.048],[159.586,53.238],[159.898,53.381],[159.956,53.552],[159.844,53.784],[160.074,54.189],[160.773,54.541],[161.13,54.598],[161.294,54.521],[161.726,54.533],[162.106,54.752],[161.729,55.358],[161.776,55.655],[162.085,56.09],[162.528,56.261],[162.671,56.49],[162.975,56.449],[162.628,56.232],[163.047,56.045],[163.336,56.233],[163.257,56.688],[162.803,56.811],[162.779,57.358],[163.214,57.687],[163.145,57.837],[162.718,57.946],[162.467,57.766],[162.04,57.918],[161.96,58.077],[162.142,58.447],[162.453,58.709],[163.004,59.02],[163.273,59.303],[163.41,59.835],[163.78,60.041],[164.377,60.058],[165.019,59.861],[165.085,60.099],[166.352,60.485],[166.136,59.979],[166.332,59.872],[166.964,60.307],[167.227,60.406],[168.138,60.574],[169.227,60.596],[169.618,60.438],[169.983,60.067],[170.351,59.966],[170.608,60.435],[170.949,60.523],[171.729,60.843],[172.393,61.062],[172.857,61.469],[173.132,61.407],[173.623,61.716],[174.514,61.824],[175.268,62.102],[176.328,62.346],[176.703,62.506],[177.351,62.587],[178.019,62.547],[179.121,62.32],[179.177,62.469],[179.571,62.688],[179.26,63.008],[179.332,63.19],[179.028,63.282],[178.706,63.522],[178.65,63.965],[178.381,64.261],[177.953,64.222],[177.433,64.444],[177.467,64.737],[176.731,64.625],[176.247,64.843],[177.223,64.862],[177.749,64.717],[178.52,64.603],[179.448,64.822],[180,65.067],[180,68.983],[178.848,69.387],[176.924,69.646],[176.108,69.86],[173.948,69.874],[173.277,69.824],[172.56,69.968],[170.487,70.108],[170.503,69.857],[170.161,69.627],[170.582,69.583],[170.995,69.045],[170.538,68.825],[169.61,68.786],[169.311,69.08],[168.303,69.271],[168.15,69.577],[167.628,69.74],[166.82,69.5],[165.761,69.584],[164.513,69.609],[164.16,69.719],[163.201,69.715],[162.376,69.649],[161.537,69.38],[161.566,68.905],[161.036,69.098],[160.911,69.606],[159.833,69.785],[159.729,69.87],[160.006,70.31],[159.728,70.65],[159.351,70.791],[158.037,71.039],[155.895,71.096],[153.794,70.88],[152.509,70.834],[151.582,71.287],[150.6,71.52],[148.923,71.715],[149.881,71.843],[149.963,71.992],[149.502,72.164],[148.402,72.312],[147.127,72.292],[146.368,71.922],[145.805,71.746],[145.189,71.696],[145.126,71.927],[145.757,71.941],[146.594,72.302],[145.039,72.26],[144.776,72.382],[146.235,72.35],[145.486,72.542],[143.516,72.698],[142.061,72.721],[140.808,72.891],[141.079,72.587],[140.451,72.493],[139.601,72.496],[139.141,72.33],[139.847,72.149],[139.64,71.998],[139.695,71.7],[139.984,71.492],[139.209,71.445],[139.005,71.556],[138.118,71.566],[137.651,71.208],[137.315,71.359],[135.885,71.631],[135.022,71.515],[134.703,71.387],[134.103,71.379],[133.426,71.491],[132.562,71.895],[132.228,71.643],[131.906,71.203],[131.562,70.901],[131.157,70.742],[129.762,71.12],[128.359,72.088],[129.283,72.092],[129.412,72.315],[129.117,72.486],[129.25,72.705],[128.889,73.19],[127.74,73.482],[127.031,73.547],[125.617,73.521],[124.388,73.755],[123.305,73.533],[123.622,73.193],[123.16,72.955],[122.692,72.891],[121.886,72.961],[120.997,72.937],[119.75,72.979],[118.43,73.247],[118.45,73.59],[117.309,73.599],[116.496,73.676],[115.338,73.703],[114.061,73.585],[112.795,73.746],[112.147,73.709],[111.056,73.939],[110.261,74.017],[109.869,73.931],[109.753,73.723],[110.429,73.629],[109.855,73.472],[107.75,73.173],[106.478,73.139],[106.067,72.95],[105.677,72.959],[106.189,73.308],[106.679,73.331],[107.271,73.621],[108.2,73.694],[109.075,74.032],[109.81,74.169],[109.84,74.322],[111.868,74.74],[112.925,75.015],[113.614,75.293],[113.62,75.593],[113.871,75.856],[113.428,76.112],[112.798,76.13],[112.62,76.384],[111.115,76.723],[108.028,76.718],[107.624,76.51],[106.639,76.573],[107.43,76.927],[106.942,77.034],[105.712,77.001],[104.912,77.175],[106.06,77.391],[105.895,77.489],[104.015,77.73],[103.131,77.626],[101.518,77.198],[100.99,76.99],[101.099,76.704],[100.322,76.479],[98.806,76.481],[99.617,76.24],[98.662,76.243],[96.879,75.931],[95.92,76.113],[94.576,76.152],[93.178,75.959],[93.55,75.854],[91.845,75.724],[91.479,75.65],[90.185,75.591],[89.31,75.47],[87.671,75.13],[87.419,74.941],[86.651,74.682],[86.7,74.522],[86.001,74.316],[86.571,74.244],[87.21,73.879],[86.591,73.894],[83.545,73.667],[81.817,73.659],[80.583,73.568],[80.398,73.357],[80.51,73.086],[80.842,72.949],[80.656,72.712],[80.827,72.488],[81.283,72.359],[82.184,72.238],[82.645,71.925],[83.2,71.875],[83.571,71.594],[83.151,71.104],[83.736,70.546],[83.497,70.345],[82.682,70.218],[83.03,70.581],[82.869,70.955],[82.336,70.807],[82.323,71.26],[82.918,71.42],[83.234,71.668],[82.986,71.749],[82.08,71.707],[81.511,71.746],[80.763,72.089],[79.954,72.223],[79.422,72.381],[78.483,72.395],[77.472,72.192],[78.232,71.952],[77.551,71.842],[76.871,72.033],[76.032,71.91],[76.312,71.595],[77.481,71.312],[77.59,71.168],[76.11,71.219],[75.332,71.342],[75.503,71.655],[75.247,71.813],[75.741,72.296],[75.369,72.797],[74.787,72.812],[75.097,72.421],[74.992,72.145],[73.672,71.845],[73.086,71.445],[73.507,71.264],[74.311,70.654],[73.83,70.176],[73.56,69.707],[73.891,69.418],[73.776,69.198],[74.815,69.091],[75.42,69.239],[76.001,69.235],[77.651,68.903],[77.995,68.259],[77.536,68.008],[77.675,67.59],[77.174,67.779],[77.238,68.47],[76.459,68.978],[75.125,68.862],[74.58,68.751],[74.391,68.421],[74.743,68.074],[74.77,67.766],[74.075,67.414],[73.792,66.995],[73.342,66.807],[72.417,66.561],[72.322,66.332],[71.917,66.247],[71.146,66.367],[70.339,66.342],[69.194,66.579],[69.013,66.788],[69.877,66.845],[70.383,66.602],[70.939,66.548],[71.551,66.76],[71.365,66.962],[71.847,67.008],[72.594,67.587],[73.152,67.865],[73.139,68.181],[73.548,68.575],[72.812,68.815],[72.527,69.081],[72.616,69.484],[72.53,70.173],[72.7,70.457],[72.732,70.823],[72.581,71.151],[72.079,71.307],[71.912,71.548],[72.279,71.696],[72.624,72.079],[72.812,72.691],[71.5,72.914],[69.645,72.898],[69.039,72.67],[68.607,72.013],[68.269,71.683],[67.542,71.412],[66.918,71.282],[66.666,70.901],[67.285,70.739],[67.146,70.22],[66.926,70.014],[67.064,69.694],[68.006,69.48],[68.117,69.236],[68.543,68.967],[69.141,68.951],[68.829,68.567],[68.504,68.348],[67.731,68.514],[67.002,68.874],[66.416,68.948],[65.032,69.27],[64.19,69.535],[63.361,69.675],[61.771,69.763],[61.016,69.851],[60.171,69.591],[60.665,69.11],[60.934,68.987],[60.489,68.729],[59.896,68.706],[59.897,68.422],[59.604,68.351],[59.099,68.444],[59.371,68.738],[58.919,69.004],[58.173,68.89],[57.127,68.554],[56.044,68.649],[55.418,68.568],[54.561,68.273],[53.968,68.227],[53.759,68.634],[53.971,68.844],[53.802,68.996],[52.684,68.731],[52.55,68.592],[50.839,68.35],[49.931,68.065],[49.155,67.87],[48.878,67.731],[47.875,67.584],[47.709,67.045],[47.496,66.93],[46.691,66.826],[45.986,66.853],[45.562,67.186],[44.939,67.351],[44.939,67.477],[45.529,67.758],[46.69,67.849],[46.684,67.97],[45.892,68.48],[45.078,68.578],[44.048,68.549],[44.225,67.996],[43.782,67.254],[44.292,67.1],[44.489,66.672],[44.097,66.235],[44.104,66.009],[43.233,66.416],[42.602,66.423],[42.211,66.52],[41.476,66.123],[40.692,65.963],[40.328,65.752],[39.817,65.598],[39.798,65.35],[40.281,64.998],[40.445,64.779],[40.058,64.771],[39.758,64.577],[38.009,64.879],[37.528,65.108],[36.883,65.172],[36.528,64.847],[37.184,64.408],[37.954,64.32],[38.071,64.026],[37.442,63.813],[36.365,64.003],[36.146,64.189],[35.647,64.378],[35.035,64.44],[34.87,64.56],[34.804,64.986],[34.406,65.396],[34.616,65.51],[34.786,65.865],[34.4,66.128],[33.567,66.321],[32.464,66.916],[32.848,67.022],[33.482,66.765],[34.825,66.611],[35.513,66.396],[37.295,66.225],[37.628,66.13],[38.398,66.064],[39.289,66.132],[40.103,66.3],[40.522,66.447],[41.189,66.826],[41.359,67.21],[41.134,67.267],[40.966,67.713],[40.381,67.832],[40.036,68.015],[39.569,68.072],[38.832,68.325],[38.43,68.356],[37.731,68.692],[35.858,69.192],[35.29,69.275],[34.864,69.228],[33.684,69.31],[33.454,69.428],[32.378,69.479],[32.942,69.752],[31.985,69.954],[31.453,69.69],[30.87,69.783],[30.861,69.538],[30.228,69.634],[29.994,69.392],[29.388,69.298],[28.966,69.022],[28.566,68.928],[28.752,68.771],[28.471,68.488],[28.685,68.19],[29.344,68.062],[29.979,67.689],[29.941,67.547],[29.087,66.971],[29.093,66.849],[29.903,66.091],[30.095,65.682],[29.716,65.625],[29.604,64.968],[30.073,64.765],[29.986,64.558],[30.108,64.366],[30.488,64.237],[30.504,64.021],[30.055,63.689],[31.181,63.208],[31.534,62.885],[31.286,62.568],[29.69,61.546],[29.252,61.288],[28.407,60.897],[27.798,60.536],[28.651,60.611],[28.643,60.375],[29.069,60.191],[29.721,60.195],[30.123,59.874],[29.147,60],[28.947,59.829],[28.454,59.814],[28.014,59.725],[28.013,59.484],[27.758,59.052],[27.464,58.841],[27.488,58.27],[27.753,57.841],[27.542,57.799],[27.352,57.528],[27.797,57.317],[27.806,56.867],[28.103,56.546],[28.148,56.143],[28.564,56.092],[28.795,55.943],[29.087,56.021],[29.375,55.939],[29.482,55.685],[29.937,55.845],[30.234,55.845],[30.907,55.57],[30.814,55.279],[30.978,55.05],[30.799,54.783],[31.121,54.648],[31.404,54.196],[31.792,54.056],[31.754,53.81],[32.2,53.781],[32.704,53.336],[32.142,53.091],[31.418,53.196],[31.259,53.017],[31.535,52.798],[31.577,52.312],[31.763,52.101],[32.283,52.114],[32.508,52.309],[32.9,52.256],[33.148,52.34],[33.735,52.345],[33.922,52.251],[34.113,51.98],[34.398,51.78],[34.121,51.679],[34.281,51.312],[34.712,51.172],[35.064,51.203],[35.312,51.044],[35.44,50.728],[35.412,50.54],[35.674,50.346],[35.89,50.437],[36.619,50.209],[36.759,50.292],[37.423,50.411],[37.704,50.109],[38.047,49.92],[38.259,50.052],[38.918,49.825],[39.175,49.856],[39.781,49.572],[40.031,49.597],[40.126,49.369],[40.07,49.2],[39.687,49.008],[39.793,48.808],[39.645,48.591],[39.836,48.543],[39.961,48.238],[39.736,47.845],[38.9,47.855],[38.719,47.714],[38.287,47.559],[38.214,47.091],[38.485,47.176],[38.928,47.176],[39.196,47.269],[39.293,47.106],[38.801,46.906],[38.439,46.813],[37.968,46.618],[38.078,46.394],[38.492,46.091],[38.184,46.095],[37.933,46.002],[37.612,45.565],[37.647,45.377],[36.941,45.29],[36.619,45.185],[37.205,44.972],[37.411,44.735],[37.851,44.699],[38.181,44.42],[38.717,44.288],[39.329,43.897],[39.978,43.42],[40.15,43.57],[40.648,43.534],[41.581,43.219],[42.05,43.19],[42.419,43.224],[42.992,43.092],[43.089,42.989],[43.783,42.747],[43.957,42.567],[44.506,42.749],[44.871,42.756],[45.208,42.648],[45.344,42.53],[45.728,42.475],[45.639,42.205],[45.954,42.035],[46.43,41.891],[46.749,41.813],[47.205,41.456],[47.261,41.315],[47.521,41.229],[47.861,41.213],[48.056,41.459],[48.391,41.602],[48.573,41.844],[48.384,41.953],[48.229,42.181],[47.463,43.035],[47.509,43.51],[47.23,44.192],[46.753,44.421],[46.755,44.657],[47.115,44.906],[47.489,45.455],[47.524,45.602],[48.159,45.737],[48.684,46.086],[49.08,46.189],[49.232,46.337],[48.61,46.566],[48.959,46.775],[48.553,47.321],[48.11,47.745],[47.482,47.804],[47.292,47.741],[47.093,47.948],[47.004,48.284],[46.661,48.412],[46.703,48.806],[47.014,49.098],[46.802,49.367],[46.992,49.853],[47.295,50.058],[47.326,50.274],[47.706,50.378],[48.225,49.932],[48.434,49.829],[48.843,50.013],[48.7,50.354],[48.808,50.601],[49.323,50.852],[49.498,51.084],[49.822,51.132],[50.247,51.29],[50.794,51.729],[51.163,51.647],[51.345,51.475],[51.609,51.484],[52.007,51.673],[52.331,51.681],[52.571,51.482],[53.338,51.482],[53.688,51.252],[54.042,51.115],[54.421,50.78],[54.727,50.998],[55.542,50.602],[55.798,50.602],[56.491,51.02],[57.012,51.065],[57.442,50.889],[57.839,51.092],[58.359,51.064],[58.884,50.694],[59.812,50.582],[59.955,50.799],[60.638,50.664],[60.942,50.696],[61.389,50.861],[61.585,51.23],[61.363,51.442],[60.465,51.651],[60.066,51.976],[60.938,52.281],[60.802,52.745],[61.047,52.972],[61.401,52.996],[61.974,52.944],[62.015,53.108],[61.66,53.228],[61.199,53.287],[61.248,53.551],[60.979,53.622],[61.144,53.964],[61.334,54.049],[61.929,53.946],[63.074,54.105],[63.191,54.171],[64.004,54.267],[64.461,54.384],[65.158,54.364],[65.477,54.623],[66.223,54.667],[67.693,54.872],[68.074,54.96],[68.206,55.161],[68.525,55.205],[68.977,55.39],[69.493,55.357],[70.182,55.162],[70.738,55.305],[70.91,55.128],[71.186,54.599],[71.093,54.212],[71.336,54.158],[72.004,54.206],[72.387,54.123],[72.914,54.107],[73.399,53.811],[73.286,53.598],[74.452,53.647],[74.834,53.826],[75.052,53.827],[75.657,54.106],[76.267,54.312],[76.789,54.322],[76.576,53.943],[77.704,53.379],[78.475,52.638],[79.469,51.493],[79.986,50.775],[80.424,50.946],[80.448,51.183],[80.877,51.281],[81.127,51.191],[81.125,50.946],[81.388,50.956],[81.466,50.74],[81.934,50.766],[82.494,50.728],[82.761,50.893],[83.357,50.995],[83.945,50.775],[84.176,50.521],[84.258,50.288],[84.989,50.061],[85.001,49.894],[85.21,49.665],[86.181,49.499],[86.614,49.61],[86.953,49.322],[87.323,49.086],[87.814,49.162],[88.116,49.256],[88.193,49.452],[88.832,49.448],[89.654,49.717],[89.644,49.903],[90.005,50.069],[90.517,50.213],[91.022,50.415],[91.341,50.47],[91.804,50.694],[92.192,50.701],[92.355,50.864],[92.627,50.688],[92.941,50.778],[93.103,50.604],[94.251,50.556],[94.355,50.222],[94.615,50.024],[95.523,49.911],[95.852,50.013],[96.315,49.901],[96.986,49.883],[97.209,49.731],[97.589,49.911],[98.103,50.078],[98.25,50.302],[98.279,50.533],[98.03,50.645],[97.825,50.985],[97.947,51.348],[98.22,51.506],[98.353,51.718],[98.641,51.801],[98.849,52.07],[99.719,51.872],[99.922,51.756],[100.536,51.713],[101.381,51.453],[101.571,51.467],[102.112,51.353],[102.288,50.585],[102.683,50.387],[103.633,50.139],[104.18,50.169],[104.466,50.306],[105.095,50.39],[105.384,50.474],[106.218,50.305],[106.711,50.313],[107.233,49.989],[107.948,49.925],[108.034,49.594],[108.614,49.323],[109.237,49.335],[110.2,49.17],[110.428,49.22],[110.828,49.166],[111.337,49.356],[112.08,49.424],[112.495,49.532],[112.806,49.524],[113.056,49.616],[113.164,49.797],[113.574,50.007],[114.297,50.274],[114.743,50.234],[115.275,49.949],[115.718,49.881],[116.135,50.011],[116.683,49.824],[117.246,49.625],[117.873,49.513],[118.452,49.844],[118.756,49.963],[119.26,50.066],[119.346,50.279],[119.192,50.38],[120.067,51.601],[120.511,51.849],[120.75,52.097],[120.656,52.567],[120.068,52.633],[120.095,52.787],[120.704,53.172],[120.985,53.285],[121.405,53.317],[122.338,53.485],[122.745,53.469],[123.154,53.545],[123.608,53.547],[124.291,53.341],[124.812,53.134],[124.971,53.197],[125.649,53.042],[125.728,52.891],[126.048,52.739],[126.016,52.61],[126.313,52.4],[126.511,51.926],[126.805,51.506],[126.925,51.1],[127.307,50.708],[127.306,50.454],[127.59,50.209],[127.502,49.873],[127.711,49.672],[128,49.569],[128.704,49.6],[128.819,49.464],[129.12,49.362],[129.498,49.389],[130.196,48.892],[130.553,48.861],[130.552,48.602],[130.804,48.342],[130.712,48.128],[131.003,47.691],[131.319,47.728],[131.785,47.681],[132.562,47.769],[132.707,47.947],[133.144,48.106],[133.468,48.097],[133.842,48.274],[134.293,48.373],[134.564,48.322],[134.669,48.153],[134.566,48.023],[134.752,47.715],[134.483,47.447],[134.168,47.302],[134.202,47.128],[133.867,46.499],[133.861,46.248],[133.513,45.879],[133.436,45.605],[133.186,45.495],[133.113,45.131],[132.936,45.03],[131.978,45.244],[131.852,45.327],[131.447,44.984],[131.082,44.91],[131.061,44.66],[131.255,44.072],[131.174,43.705],[131.262,43.433],[131.069,42.902],[130.577,42.812],[130.425,42.727],[130.527,42.535],[130.687,42.303]]],[[[47.442,80.854],[45.125,80.652],[46.141,80.447],[47.304,80.606],[47.442,80.854]]],[[[50.278,80.927],[49.244,80.821],[49.185,80.559],[47.656,80.501],[46.644,80.3],[47.632,80.112],[49.011,80.207],[48.896,80.369],[50.961,80.54],[51.704,80.688],[50.278,80.927]]],[[[67.765,76.238],[68.165,76.285],[68.9,76.573],[68.486,76.934],[67.535,77.008],[66.063,76.746],[65.863,76.613],[64.463,76.378],[62.971,76.237],[61.202,76.282],[61.054,76.12],[58.881,75.855],[57.783,75.507],[57.088,75.384],[56.499,74.957],[55.582,74.628],[54.643,73.96],[53.763,73.766],[54.3,73.351],[55.007,73.454],[56.43,73.297],[56.964,73.367],[57.872,73.85],[57.767,74.014],[58.441,74.129],[58.665,74.289],[58.535,74.499],[59.101,74.508],[59.24,74.693],[60.222,74.797],[61.356,75.315],[63.659,75.669],[66.282,75.984],[67.765,76.238]]],[[[55.32,73.308],[54.804,73.388],[53.753,73.293],[53.198,73.148],[53.247,72.973],[52.529,72.737],[52.917,72.669],[52.622,72.301],[52.252,72.13],[51.583,72.071],[51.439,71.777],[51.813,71.491],[53.364,71.542],[53.41,71.34],[53.886,71.196],[53.588,71.052],[53.722,70.814],[54.601,70.68],[55.687,70.692],[57.146,70.589],[57.625,70.729],[56.895,70.927],[56.043,71.346],[55.298,71.935],[55.518,72.221],[55.356,72.465],[55.723,72.766],[56.084,72.789],[56.43,73.201],[55.32,73.308]]],[[[96.527,81.076],[95.801,81.28],[94.612,81.115],[93.065,80.988],[93.263,80.791],[92.578,80.533],[91.524,80.359],[92.202,80.179],[93.872,80.01],[94.565,80.126],[97.175,80.241],[97.025,80.536],[97.832,80.798],[96.527,81.076]]],[[[97.675,80.158],[94.987,80.097],[93.071,79.495],[94.219,79.402],[94.652,79.127],[96.347,79.016],[97.555,78.827],[99.44,78.834],[99.929,78.961],[99.167,79.306],[99.681,79.323],[100.061,79.777],[99.295,80.016],[97.675,80.158]]],[[[102.885,79.254],[102.79,79.392],[101.591,79.35],[100.901,78.98],[100.876,78.784],[100.284,78.679],[100.019,78.339],[99.287,78.038],[100.082,77.975],[101.204,78.192],[103.719,78.258],[104.833,78.353],[105.313,78.5],[105.146,78.819],[104.452,78.88],[103.673,79.15],[102.885,79.254]]],[[[140.049,75.829],[138.814,76.2],[137.501,75.91],[137.269,75.749],[137.29,75.349],[137.006,75.235],[138.092,74.797],[139.099,74.657],[139.606,74.946],[140.268,74.847],[141.987,74.991],[142.287,74.85],[143.128,74.97],[142.617,75.133],[142.151,75.458],[142.086,75.661],[142.552,75.721],[142.729,75.338],[143.17,75.117],[144.02,75.045],[144.883,75.269],[144.727,75.366],[145.255,75.586],[143.686,75.864],[142.46,75.904],[141.485,76.137],[141.033,75.989],[140.944,75.7],[140.049,75.829]]],[[[146.795,75.371],[146.149,75.198],[148.092,74.826],[149.597,74.773],[150.646,74.945],[150.104,75.219],[148.475,75.272],[148.432,75.414],[147.497,75.441],[146.795,75.371]]],[[[178.862,70.826],[180,70.993],[180,71.538],[178.891,71.231],[178.628,71.047],[178.862,70.826]]],[[[142.761,54.394],[142.335,54.281],[142.67,53.968],[142.526,53.447],[142.142,53.496],[141.824,53.34],[141.874,53.039],[141.803,52.556],[141.661,52.273],[141.722,51.736],[142.006,51.521],[142.207,51.223],[142.208,50.998],[142.071,50.515],[142.153,50.217],[142.142,49.569],[142.02,49.078],[141.866,48.75],[142.135,48.29],[142.182,48.013],[141.964,47.587],[142.039,47.14],[141.867,46.694],[141.83,46.451],[141.962,46.013],[142.209,46.089],[142.406,46.555],[142.578,46.701],[142.829,46.605],[143.282,46.559],[143.419,46.222],[143.581,46.361],[143.447,46.792],[143.218,46.795],[143.006,47.223],[142.67,47.537],[142.557,47.738],[142.574,48.072],[143.105,49.199],[143.732,49.312],[144.125,49.209],[144.272,49.311],[144.048,49.896],[143.816,50.283],[143.455,51.471],[143.321,51.583],[143.156,52.084],[143.172,52.349],[143.324,52.614],[143.325,52.963],[143.224,53.296],[142.918,53.794],[142.976,54.141],[142.761,54.394]]],[[[-178.876,71.577],[-180,71.538],[-180,70.993],[-179.507,70.923],[-177.822,71.068],[-177.532,71.263],[-178.354,71.529],[-178.876,71.577]]],[[[52.903,71.365],[52.297,71.357],[52.835,71.086],[53.205,71.16],[52.903,71.365]]],[[[58.622,81.042],[57.405,80.915],[58.86,80.779],[58.622,81.042]]],[[[50.265,69.186],[49.225,69.511],[48.631,69.436],[48.32,69.269],[48.279,69.04],[48.667,68.733],[49.626,68.86],[50.265,69.186]]],[[[63.374,80.7],[64.548,80.755],[65.437,80.931],[65.382,81.057],[63.116,80.967],[62.52,80.822],[63.374,80.7]]],[[[57.956,80.123],[58.48,80.465],[57.075,80.494],[57.392,80.139],[57.956,80.123]]],[[[62.168,80.835],[61.597,80.893],[59.592,80.817],[59.304,80.522],[61.051,80.419],[62.076,80.617],[62.168,80.835]]],[[[53.521,80.185],[53.186,80.413],[52.213,80.264],[53.521,80.185]]],[[[57.079,80.351],[56.024,80.341],[56.201,80.076],[57.08,80.095],[57.079,80.351]]],[[[57.81,81.546],[57.092,81.541],[55.717,81.188],[58.015,81.255],[57.81,81.546]]],[[[54.719,81.116],[54.067,80.814],[55.713,80.637],[56.815,80.664],[57.694,80.792],[56.17,81.029],[54.719,81.116]]],[[[92.683,79.685],[93.803,79.905],[92.173,80.045],[91.126,79.905],[92.154,79.685],[92.683,79.685]]],[[[141.01,73.999],[140.849,74.274],[140.102,74.184],[140.507,73.919],[141.01,73.999]]],[[[142.185,73.896],[141.085,73.866],[140.594,73.565],[140.663,73.452],[141.597,73.311],[143.193,73.221],[143.491,73.246],[143.344,73.569],[142.185,73.896]]],[[[135.949,75.41],[136.169,75.606],[135.614,75.766],[135.452,75.39],[135.949,75.41]]],[[[137.941,55.093],[137.577,55.197],[137.436,55.016],[137.661,54.653],[137.991,54.821],[138.172,55.06],[137.941,55.093]]],[[[169.201,69.58],[169.375,69.883],[168.358,70.016],[167.789,69.837],[168.348,69.664],[169.201,69.58]]],[[[163.635,58.603],[164.279,58.838],[164.616,58.886],[164.629,59.112],[163.761,59.015],[163.635,58.603]]],[[[155.921,50.302],[156.123,50.671],[155.885,50.684],[155.68,50.401],[155.218,50.298],[155.243,50.095],[155.792,50.202],[155.921,50.302]]],[[[149.688,45.642],[150.195,45.933],[150.349,46.213],[149.666,45.84],[149.688,45.642]]],[[[148.6,45.318],[147.769,45.191],[147.247,44.856],[147.31,44.678],[147.658,44.977],[147.914,44.99],[148.262,45.217],[148.6,45.318]]],[[[146.208,44.498],[146.112,44.5],[145.666,43.999],[145.767,43.941],[146.112,44.246],[146.437,44.376],[146.208,44.498]]],[[[113.387,74.4],[112.084,74.549],[111.643,74.273],[112.782,74.095],[113.387,74.4]]],[[[70.674,73.095],[71.626,73.174],[70.94,73.514],[69.996,73.359],[69.92,73.085],[70.674,73.095]]],[[[77.633,72.291],[78.365,72.482],[77.749,72.631],[76.903,72.366],[77.633,72.291]]],[[[79.501,72.722],[79.541,72.919],[79.164,73.094],[78.657,72.892],[78.881,72.752],[79.501,72.722]]],[[[60.45,69.935],[59.636,70.197],[59.005,70.465],[58.473,70.267],[58.953,69.893],[59.578,69.739],[60.44,69.726],[60.45,69.935]]],[[[20.958,55.279],[20.9,55.287],[20.52,54.995],[19.975,54.921],[19.944,54.75],[19.604,54.459],[20.208,54.421],[22.168,54.36],[22.766,54.357],[22.68,54.493],[22.831,54.838],[22.567,55.059],[22.072,55.064],[21.236,55.264],[21.189,54.935],[20.595,54.982],[20.958,55.279]]],[[[33.594,46.096],[33.665,45.947],[33.142,45.749],[32.508,45.404],[32.919,45.348],[33.187,45.195],[33.555,45.098],[33.612,44.908],[33.451,44.554],[33.91,44.388],[34.282,44.538],[34.47,44.722],[34.717,44.807],[35.088,44.803],[35.473,45.098],[35.87,45.005],[36.393,45.065],[36.575,45.394],[36.171,45.453],[35.558,45.311],[35.374,45.354],[35.002,45.733],[34.8,45.791],[34.687,45.977],[34.027,46.107],[33.66,46.22],[33.594,46.096]]]]}},{"type":"Feature","id":"ne50m:RWA","properties":{"boundaryId":"ne50m:RWA","nodeId":"geo:rw","bounds":[28.876,-2.809,30.877,-1.067]},"geometry":{"type":"Polygon","coordinates":[[[29.577,-1.388],[29.352,-1.518],[29.129,-1.86],[29.106,-2.233],[28.876,-2.4],[28.922,-2.682],[29.014,-2.72],[29.063,-2.603],[29.297,-2.673],[29.39,-2.809],[29.698,-2.795],[29.868,-2.716],[29.93,-2.34],[30.142,-2.414],[30.408,-2.313],[30.554,-2.4],[30.829,-2.338],[30.877,-2.143],[30.819,-1.967],[30.813,-1.563],[30.47,-1.131],[30.51,-1.067],[30.36,-1.075],[30.102,-1.369],[29.882,-1.452],[29.825,-1.336],[29.577,-1.388]]]}},{"type":"Feature","id":"ne50m:SAH","properties":{"boundaryId":"ne50m:SAH","nodeId":"geo:eh","bounds":[-17.099,20.806,-8.682,27.656]},"geometry":{"type":"Polygon","coordinates":[[[-8.683,27.656],[-8.818,27.656],[-8.754,27.191],[-9.002,27.09],[-9.413,27.088],[-9.735,26.861],[-10.033,26.911],[-10.251,26.861],[-10.551,26.991],[-10.923,27.01],[-11.393,26.883],[-11.338,26.633],[-11.637,26.296],[-11.718,26.104],[-12.031,26.031],[-12.311,25.111],[-12.431,24.831],[-13.061,24.401],[-13.311,23.981],[-13.771,23.791],[-13.891,23.691],[-14.021,23.411],[-14.171,22.76],[-14.221,22.31],[-14.631,21.861],[-14.671,21.6],[-14.841,21.451],[-15.461,21.451],[-15.751,21.491],[-16.731,21.47],[-17.003,21.421],[-17.099,20.857],[-17.048,20.806],[-16.965,21.329],[-15.231,21.331],[-13.855,21.333],[-13.016,21.334],[-13.094,22.496],[-13.167,22.753],[-13.031,23],[-12.62,23.271],[-12.373,23.318],[-12.023,23.468],[-12.016,24.651],[-12.016,25.995],[-10.376,25.995],[-8.682,25.996],[-8.683,27.286],[-8.683,27.656]]]}},{"type":"Feature","id":"ne50m:SAU","properties":{"boundaryId":"ne50m:SAU","nodeId":"geo:sa","bounds":[34.616,16.372,55.641,32.125]},"geometry":{"type":"Polygon","coordinates":[[[51.978,18.996],[53.667,19.559],[54.977,19.996],[55.388,21.236],[55.641,22.002],[55.186,22.704],[55.104,22.621],[53.832,22.777],[52.555,22.933],[51.593,24.079],[51.568,24.286],[51.31,24.34],[51.418,24.531],[51.268,24.607],[50.966,24.574],[50.804,24.789],[50.558,25.087],[50.455,25.425],[50.281,25.566],[50.032,26.111],[50.214,26.308],[50.027,26.527],[49.986,26.829],[49.717,26.956],[49.405,27.181],[49.175,27.438],[48.906,27.629],[48.774,27.959],[48.626,28.133],[48.442,28.543],[47.671,28.533],[47.433,28.99],[46.531,29.096],[46.356,29.064],[44.691,29.202],[44.1,29.619],[42.858,30.495],[42.074,31.08],[40.369,31.939],[39.145,32.125],[38.962,31.995],[36.959,31.492],[37.98,30.5],[37.634,30.313],[37.469,29.995],[36.755,29.866],[36.476,29.495],[36.015,29.19],[34.951,29.354],[34.799,28.721],[34.78,28.507],[34.616,28.148],[35.18,28.035],[35.424,27.734],[35.581,27.432],[36.25,26.595],[36.519,26.105],[36.675,26.039],[36.763,25.751],[36.921,25.641],[37.149,25.291],[37.266,24.96],[37.181,24.82],[37.543,24.292],[37.92,24.185],[38.289,23.911],[38.464,23.712],[38.706,23.306],[38.797,23.049],[38.941,22.882],[39.096,22.393],[38.988,21.882],[39.147,21.519],[39.094,21.31],[39.276,20.974],[39.614,20.518],[39.884,20.293],[40.081,20.266],[40.482,19.993],[40.759,19.755],[41.116,19.082],[41.229,18.678],[41.432,18.452],[41.508,18.256],[41.75,17.886],[42.052,17.669],[42.294,17.435],[42.383,17.122],[42.699,16.737],[42.799,16.372],[43.165,16.689],[43.117,16.942],[43.191,17.359],[43.418,17.516],[43.713,17.366],[43.917,17.325],[44.156,17.399],[45.148,17.427],[45.407,17.32],[46.31,17.231],[46.682,17.269],[46.976,16.953],[47.144,16.947],[47.442,17.112],[47.58,17.448],[48.172,18.157],[49.042,18.582],[49.192,18.621],[50.355,18.778],[51.978,18.996]]]}},{"type":"Feature","id":"ne50m:SCT","properties":{"boundaryId":"ne50m:SCT","nodeId":"geo:gb","bounds":[-7.085,54.758,-1.066,60.538]},"geometry":{"type":"MultiPolygon","coordinates":[[[[-2.017,55.808],[-2.599,56.027],[-3.049,55.952],[-3.178,56.08],[-2.653,56.318],[-2.593,56.562],[-2.26,56.863],[-2.02,57.259],[-1.778,57.494],[-2.074,57.702],[-3.084,57.673],[-3.403,57.708],[-3.868,57.6],[-3.99,57.959],[-3.212,58.321],[-3.053,58.635],[-4.715,58.51],[-5.067,58.52],[-5.008,58.263],[-5.338,58.239],[-5.608,57.881],[-5.818,57.436],[-5.562,57.233],[-5.731,56.853],[-6.035,56.764],[-5.937,56.606],[-5.392,56.515],[-5.61,56.055],[-5.768,55.363],[-5.556,55.39],[-5.246,55.929],[-4.844,56.051],[-4.892,55.699],[-4.721,55.421],[-5.135,54.858],[-4.517,54.758],[-4.304,54.836],[-3.958,54.781],[-3.434,54.964],[-3.081,54.962],[-2.544,55.317],[-2.194,55.464],[-2.321,55.628],[-2.017,55.808]]],[[[-1.308,60.538],[-1.494,60.292],[-1.179,60.114],[-1.066,60.382],[-1.308,60.538]]],[[[-5.778,56.344],[-5.761,56.491],[-6.103,56.646],[-6.176,56.289],[-5.778,56.344]]],[[[-6.199,58.363],[-6.237,58.503],[-7.085,58.182],[-6.864,57.933],[-6.425,58.021],[-6.199,58.363]]],[[[-6.145,57.505],[-6.247,57.651],[-6.761,57.442],[-6.136,57.314],[-6.145,57.505]]]]}},{"type":"Feature","id":"ne50m:SDN","properties":{"boundaryId":"ne50m:SDN","nodeId":"geo:sd","bounds":[21.825,8.666,38.609,21.997]},"geometry":{"type":"Polygon","coordinates":[[[34.078,9.462],[34.12,9.73],[34.292,10.125],[34.276,10.528],[34.431,10.788],[34.572,10.88],[34.771,10.746],[34.931,10.865],[34.961,11.277],[35.112,11.817],[35.252,11.957],[35.596,12.537],[35.821,12.685],[36.108,12.726],[36.212,13.271],[36.391,13.626],[36.524,14.257],[36.427,15.132],[36.522,15.25],[36.679,15.726],[36.914,16.296],[36.888,16.625],[37.009,17.059],[37.411,17.062],[37.51,17.288],[37.782,17.458],[38.254,17.585],[38.609,18.005],[38.333,18.219],[38.202,18.249],[37.922,18.556],[37.471,18.82],[37.362,19.092],[37.248,19.582],[37.263,19.792],[37.193,20.121],[37.228,20.557],[37.151,21.104],[37.212,21.186],[36.927,21.587],[36.871,21.997],[35.887,21.997],[34.575,21.996],[32.606,21.996],[31.434,21.996],[29.565,21.995],[28.036,21.995],[26.126,21.996],[24.98,21.996],[24.98,20.999],[24.979,20.003],[23.98,19.996],[23.98,19.497],[23.981,18.158],[23.982,17.266],[23.983,15.78],[23.105,15.703],[22.934,15.533],[22.932,15.162],[22.763,14.999],[22.671,14.722],[22.382,14.55],[22.51,14.127],[22.173,13.911],[22.108,13.73],[22.228,13.33],[21.99,13.113],[21.825,12.791],[22.001,12.672],[22.352,12.66],[22.49,12.045],[22.581,11.99],[22.556,11.67],[22.641,11.516],[22.923,11.345],[22.86,10.92],[22.964,10.752],[23.312,10.388],[23.646,9.823],[23.623,9.341],[23.468,9.115],[23.537,8.816],[23.679,8.732],[24.147,8.666],[24.214,8.768],[24.532,8.887],[24.663,9.338],[24.783,9.527],[24.785,9.775],[25.003,10.055],[25.067,10.294],[25.798,10.421],[25.892,10.203],[26.17,9.966],[26.551,9.526],[26.763,9.499],[27.074,9.614],[27.886,9.6],[28.049,9.329],[28.845,9.326],[28.839,9.459],[29,9.61],[29.473,9.769],[29.605,10.065],[30.003,10.277],[30.475,9.979],[30.739,9.743],[31.225,9.799],[31.655,10.221],[31.933,10.663],[32.404,11.058],[32.354,11.247],[32.335,11.716],[32.072,12.007],[32.737,12.01],[32.722,12.223],[33.199,12.217],[33.073,11.592],[33.172,10.85],[33.892,10.199],[33.959,9.845],[33.891,9.462],[34.078,9.462]]]}},{"type":"Feature","id":"ne50m:SDS","properties":{"boundaryId":"ne50m:SDS","nodeId":"geo:ss","bounds":[24.147,3.491,35.268,12.223]},"geometry":{"type":"Polygon","coordinates":[[[33.976,4.22],[35.268,5.492],[35.082,5.673],[34.711,6.66],[34.484,6.898],[34.279,7.003],[34.064,7.226],[33.902,7.51],[33.666,7.671],[33.226,7.761],[33.013,7.952],[33.234,8.396],[33.409,8.448],[33.953,8.444],[34.095,8.582],[34.078,9.462],[33.891,9.462],[33.959,9.845],[33.892,10.199],[33.172,10.85],[33.073,11.592],[33.199,12.217],[32.722,12.223],[32.737,12.01],[32.072,12.007],[32.335,11.716],[32.354,11.247],[32.404,11.058],[31.933,10.663],[31.655,10.221],[31.225,9.799],[30.739,9.743],[30.475,9.979],[30.003,10.277],[29.605,10.065],[29.473,9.769],[29,9.61],[28.839,9.459],[28.845,9.326],[28.049,9.329],[27.886,9.6],[27.074,9.614],[26.763,9.499],[26.551,9.526],[26.17,9.966],[25.892,10.203],[25.798,10.421],[25.067,10.294],[25.003,10.055],[24.785,9.775],[24.783,9.527],[24.663,9.338],[24.532,8.887],[24.214,8.768],[24.147,8.666],[24.291,8.291],[24.853,8.138],[25.247,7.725],[25.19,7.519],[25.381,7.333],[25.889,7.065],[26.362,6.635],[26.309,6.455],[26.514,6.069],[26.726,5.998],[27.083,5.777],[27.213,5.619],[27.257,5.29],[27.403,5.109],[27.664,4.846],[27.788,4.645],[28.192,4.35],[28.428,4.324],[28.727,4.505],[29.151,4.388],[29.47,4.612],[29.677,4.587],[29.87,4.327],[30.195,3.982],[30.508,3.836],[30.559,3.653],[30.757,3.624],[30.839,3.491],[30.929,3.634],[31.152,3.786],[31.48,3.68],[31.798,3.803],[31.942,3.608],[32.099,3.529],[32.336,3.706],[32.838,3.798],[32.997,3.88],[33.154,3.775],[33.489,3.755],[33.976,4.22]]]}},{"type":"Feature","id":"ne50m:SEN","properties":{"boundaryId":"ne50m:SEN","nodeId":"geo:sn","bounds":[-17.412,12.328,-11.389,16.656]},"geometry":{"type":"Polygon","coordinates":[[[-12.281,14.809],[-12.544,15.039],[-12.858,15.243],[-12.994,15.505],[-13.258,15.7],[-13.41,16.059],[-13.556,16.144],[-13.868,16.148],[-13.975,16.311],[-14.3,16.58],[-14.534,16.656],[-15.113,16.645],[-15.621,16.507],[-15.959,16.492],[-16.168,16.547],[-16.302,16.451],[-16.441,16.205],[-16.535,15.838],[-16.843,15.294],[-17.147,14.922],[-17.412,14.792],[-17.168,14.641],[-16.974,14.403],[-16.798,14.093],[-16.745,13.84],[-16.562,13.587],[-15.51,13.586],[-15.427,13.727],[-15.108,13.812],[-14.936,13.785],[-14.405,13.504],[-13.977,13.543],[-13.848,13.335],[-14.247,13.236],[-14.672,13.352],[-15.151,13.556],[-15.286,13.396],[-15.814,13.325],[-15.834,13.156],[-16.649,13.154],[-16.763,13.064],[-16.712,12.355],[-16.416,12.368],[-16.144,12.457],[-15.84,12.438],[-15.575,12.49],[-15.196,12.68],[-13.729,12.674],[-13.083,12.634],[-12.797,12.452],[-12.291,12.328],[-12.042,12.398],[-11.389,12.404],[-11.449,12.532],[-11.39,12.942],[-11.635,13.37],[-11.895,13.444],[-12.054,13.633],[-11.961,13.875],[-12.019,14.206],[-12.228,14.459],[-12.187,14.648],[-12.281,14.809]]]}},{"type":"Feature","id":"ne50m:SGP","properties":{"boundaryId":"ne50m:SGP","nodeId":"geo:sg","bounds":[103.65,1.265,103.97,1.447]},"geometry":{"type":"Polygon","coordinates":[[[103.97,1.331],[103.818,1.447],[103.65,1.326],[103.82,1.265],[103.97,1.331]]]}},{"type":"Feature","id":"ne50m:SGS","properties":{"boundaryId":"ne50m:SGS","nodeId":"geo:gs","bounds":[-37.689,-54.867,-35.799,-53.984]},"geometry":{"type":"Polygon","coordinates":[[[-37.103,-54.066],[-37.382,-53.984],[-37.689,-54.077],[-36.735,-54.467],[-36.507,-54.511],[-36.085,-54.867],[-35.799,-54.763],[-36.326,-54.251],[-36.704,-54.108],[-37.103,-54.066]]]}},{"type":"Feature","id":"ne50m:SHN","properties":{"boundaryId":"ne50m:SHN","nodeId":"geo:sh","bounds":[-5.775,-15.998,-5.692,-15.906]},"geometry":{"type":"Polygon","coordinates":[[[-5.692,-15.998],[-5.708,-15.906],[-5.775,-15.957],[-5.692,-15.998]]]}},{"type":"Feature","id":"ne50m:SLB","properties":{"boundaryId":"ne50m:SLB","nodeId":"geo:sb","bounds":[156.457,-11.798,162.287,-6.641]},"geometry":{"type":"MultiPolygon","coordinates":[[[[160.576,-11.798],[160.077,-11.493],[160.004,-11.58],[160.576,-11.798]]],[[[157.763,-8.242],[157.612,-8.165],[157.599,-8.006],[157.433,-7.985],[157.351,-8.275],[157.558,-8.27],[157.588,-8.445],[157.898,-8.506],[157.763,-8.242]]],[[[156.688,-7.923],[156.809,-7.723],[156.561,-7.574],[156.511,-7.708],[156.688,-7.923]]],[[[157.172,-8.108],[157.103,-7.855],[156.959,-7.938],[157.041,-8.117],[157.172,-8.108]]],[[[159.75,-9.273],[159.607,-9.354],[159.622,-9.532],[159.854,-9.792],[160.321,-9.821],[160.649,-9.929],[160.819,-9.863],[160.625,-9.589],[160.355,-9.422],[159.971,-9.433],[159.75,-9.273]]],[[[159.879,-8.534],[159.843,-8.327],[159.431,-8.029],[159.109,-7.904],[158.734,-7.604],[158.597,-7.759],[158.944,-8.041],[159.354,-8.26],[159.645,-8.372],[159.879,-8.534]]],[[[157.487,-7.33],[157.148,-7.114],[157.03,-6.892],[156.604,-6.641],[156.457,-6.715],[156.696,-6.911],[156.904,-7.18],[157.102,-7.324],[157.441,-7.426],[157.487,-7.33]]],[[[160.749,-8.314],[160.59,-8.373],[160.873,-9.157],[161.042,-9.308],[161.258,-9.317],[161.159,-8.962],[160.944,-8.799],[160.998,-8.612],[160.749,-8.314]]],[[[161.715,-10.387],[161.476,-10.238],[161.538,-10.566],[161.787,-10.717],[162.124,-10.824],[162.287,-10.71],[162.105,-10.454],[161.715,-10.387]]]]}},{"type":"Feature","id":"ne50m:SLE","properties":{"boundaryId":"ne50m:SLE","nodeId":"geo:sl","bounds":[-13.293,6.907,-10.283,9.993]},"geometry":{"type":"Polygon","coordinates":[[[-10.283,8.485],[-10.558,8.316],[-10.712,8.335],[-10.501,8.688],[-10.606,8.868],[-10.616,9.059],[-10.75,9.122],[-10.691,9.314],[-11.206,9.978],[-11.911,9.993],[-12.142,9.875],[-12.278,9.93],[-12.501,9.862],[-12.756,9.374],[-12.959,9.263],[-13.028,9.104],[-13.293,9.049],[-13.154,8.898],[-13.228,8.696],[-13.085,8.425],[-13.149,8.215],[-12.957,8.145],[-12.881,7.857],[-12.51,7.666],[-12.486,7.386],[-11.733,7.089],[-11.508,6.907],[-11.268,7.233],[-10.647,7.759],[-10.571,8.071],[-10.39,8.158],[-10.283,8.485]]]}},{"type":"Feature","id":"ne50m:SLV","properties":{"boundaryId":"ne50m:SLV","nodeId":"geo:sv","bounds":[-90.105,13.181,-87.715,14.416]},"geometry":{"type":"Polygon","coordinates":[[[-89.363,14.416],[-89.541,14.41],[-89.547,14.241],[-89.873,14.046],[-90.105,13.835],[-90.095,13.737],[-89.804,13.56],[-89.278,13.478],[-88.867,13.283],[-88.512,13.184],[-87.931,13.181],[-87.814,13.399],[-87.715,13.813],[-87.991,13.88],[-88.151,13.987],[-88.449,13.851],[-88.513,13.979],[-88.846,14.125],[-89.057,14.329],[-89.363,14.416]]]}},{"type":"Feature","id":"ne50m:SMR","properties":{"boundaryId":"ne50m:SMR","nodeId":"geo:sm","bounds":[12.397,43.901,12.515,43.982]},"geometry":{"type":"Polygon","coordinates":[[[12.485,43.901],[12.515,43.953],[12.441,43.982],[12.397,43.935],[12.485,43.901]]]}},{"type":"Feature","id":"ne50m:SOL","properties":{"boundaryId":"ne50m:SOL","nodeId":null,"bounds":[42.66,7.997,48.939,11.5]},"geometry":{"type":"Polygon","coordinates":[[[48.939,11.258],[48.674,11.323],[48.439,11.29],[48.019,11.139],[47.713,11.112],[47.405,11.174],[46.973,10.925],[46.565,10.746],[45.817,10.836],[45.338,10.65],[44.943,10.437],[44.387,10.43],[43.853,10.784],[43.631,11.035],[43.441,11.346],[43.246,11.5],[42.923,10.999],[42.66,10.621],[42.842,10.203],[43.069,9.926],[43.182,9.88],[43.303,9.609],[43.483,9.379],[43.621,9.337],[44.023,8.986],[44.894,8.7],[46.296,8.235],[46.978,7.997],[47.978,7.997],[48.938,9.452],[48.939,11.258]]]}},{"type":"Feature","id":"ne50m:SOM","properties":{"boundaryId":"ne50m:SOM","nodeId":"geo:so","bounds":[40.964,-1.695,51.255,11.984]},"geometry":{"type":"Polygon","coordinates":[[[41.533,-1.695],[41.732,-1.43],[41.98,-0.973],[42.219,-0.738],[42.561,-0.321],[43.468,0.622],[44.333,1.391],[44.92,1.81],[45.826,2.31],[46.051,2.475],[46.879,3.286],[47.511,3.968],[47.975,4.497],[48.234,4.953],[48.649,5.494],[49.049,6.174],[49.093,6.408],[49.349,6.991],[49.57,7.297],[49.761,7.66],[49.852,7.963],[50.103,8.2],[50.43,8.845],[50.825,9.428],[50.898,10.253],[51.063,10.434],[51.141,10.657],[51.084,11.336],[51.255,11.831],[50.792,11.984],[50.636,11.944],[50.466,11.728],[50.11,11.529],[49.642,11.451],[49.388,11.343],[48.939,11.258],[48.938,9.452],[47.978,7.997],[46.971,7.026],[45.935,5.997],[44.941,4.912],[44.028,4.951],[43.538,4.84],[43.016,4.563],[42.792,4.292],[42.228,4.202],[42.024,4.138],[41.884,3.978],[41.342,3.202],[40.964,2.815],[40.97,1.378],[40.973,0.535],[40.979,-0.87],[41.522,-1.572],[41.533,-1.695]]]}},{"type":"Feature","id":"ne50m:SPM","properties":{"boundaryId":"ne50m:SPM","nodeId":"geo:pm","bounds":[-56.387,46.838,-56.267,47.071]},"geometry":{"type":"Polygon","coordinates":[[[-56.267,46.838],[-56.315,46.954],[-56.287,47.071],[-56.387,47.068],[-56.267,46.838]]]}},{"type":"Feature","id":"ne50m:SRS","properties":{"boundaryId":"ne50m:SRS","nodeId":"geo:rs","bounds":[19.151,42.248,22.977,45.094]},"geometry":{"type":"Polygon","coordinates":[[[21.36,44.827],[20.731,44.693],[20.611,44.936],[20.405,45.094],[20.116,44.719],[19.723,44.768],[19.749,44.909],[19.349,44.881],[19.151,44.527],[19.152,44.303],[19.584,44.043],[19.257,43.943],[19.488,43.704],[19.451,43.562],[19.194,43.533],[19.552,43.212],[19.944,43.082],[20.344,42.828],[20.624,43.034],[20.623,43.199],[21.057,43.092],[21.391,42.751],[21.753,42.67],[21.563,42.248],[22.24,42.358],[22.344,42.314],[22.524,42.441],[22.436,42.629],[22.467,42.842],[22.706,42.884],[22.977,43.188],[22.555,43.454],[22.395,43.707],[22.421,44.007],[22.705,44.238],[22.495,44.435],[22.498,44.706],[22.093,44.542],[21.909,44.666],[21.36,44.827]]]}},{"type":"Feature","id":"ne50m:SRV","properties":{"boundaryId":"ne50m:SRV","nodeId":"geo:rs","bounds":[18.839,44.693,21.492,46.155]},"geometry":{"type":"Polygon","coordinates":[[[21.36,44.827],[21.492,45.122],[20.942,45.365],[20.774,45.484],[20.775,45.75],[20.359,45.975],[20.242,46.109],[19.531,46.155],[19.208,45.984],[18.905,45.932],[18.839,45.836],[19.055,45.527],[19.005,45.4],[19.33,45.268],[19.063,45.137],[19.007,44.869],[19.349,44.881],[19.749,44.909],[19.723,44.768],[20.116,44.719],[20.405,45.094],[20.611,44.936],[20.731,44.693],[21.36,44.827]]]}},{"type":"Feature","id":"ne50m:STP","properties":{"boundaryId":"ne50m:STP","nodeId":"geo:st","bounds":[6.524,0.121,6.75,0.404]},"geometry":{"type":"Polygon","coordinates":[[[6.66,0.121],[6.75,0.243],[6.687,0.404],[6.524,0.34],[6.66,0.121]]]}},{"type":"Feature","id":"ne50m:SUR","properties":{"boundaryId":"ne50m:SUR","nodeId":"geo:sr","bounds":[-58.054,1.842,-53.99,5.993]},"geometry":{"type":"Polygon","coordinates":[[[-54.156,5.359],[-54.046,5.609],[-54.054,5.808],[-54.356,5.91],[-54.834,5.988],[-55.379,5.953],[-55.828,5.962],[-55.94,5.795],[-56.466,5.938],[-56.97,5.993],[-57.057,5.939],[-57.195,5.548],[-57.319,5.335],[-57.207,5.214],[-57.331,5.02],[-57.711,4.991],[-57.917,4.82],[-57.846,4.668],[-58.054,4.172],[-58.032,4.002],[-57.833,3.676],[-57.55,3.353],[-57.304,3.377],[-57.21,2.883],[-57.029,2.638],[-56.931,2.395],[-56.704,2.036],[-56.483,1.942],[-56.02,1.842],[-55.915,2.04],[-56.129,2.3],[-55.936,2.517],[-55.731,2.406],[-55.385,2.441],[-55.006,2.593],[-54.852,2.44],[-54.616,2.327],[-54.402,2.462],[-54.196,2.818],[-54.203,3.138],[-54.01,3.449],[-53.99,3.59],[-54.351,4.054],[-54.45,4.485],[-54.452,5.013],[-54.156,5.359]]]}},{"type":"Feature","id":"ne50m:SVK","properties":{"boundaryId":"ne50m:SVK","nodeId":"geo:sk","bounds":[16.865,47.77,22.539,49.598]},"geometry":{"type":"Polygon","coordinates":[[[22.539,49.073],[22.02,49.21],[21.64,49.412],[21.079,49.418],[20.947,49.317],[20.616,49.392],[20.164,49.316],[20.058,49.181],[19.802,49.192],[19.442,49.598],[19.149,49.4],[18.832,49.511],[18.596,49.491],[18.161,49.257],[18.086,49.065],[17.758,48.888],[17.188,48.861],[16.953,48.599],[16.865,48.387],[17.147,48.006],[17.317,47.991],[17.762,47.77],[18.724,47.787],[18.914,48.051],[19.467,48.111],[19.625,48.223],[19.899,48.131],[20.334,48.296],[20.49,48.527],[21.067,48.506],[21.451,48.552],[21.767,48.338],[22.132,48.405],[22.539,49.073]]]}},{"type":"Feature","id":"ne50m:SVN","properties":{"boundaryId":"ne50m:SVN","nodeId":"geo:si","bounds":[13.4,45.428,16.516,46.863]},"geometry":{"type":"Polygon","coordinates":[[[16.516,46.5],[16.284,46.857],[16.093,46.863],[15.958,46.678],[15.001,46.626],[14.504,46.417],[13.7,46.52],[13.4,46.318],[13.633,46.177],[13.486,46.04],[13.72,45.588],[13.578,45.517],[13.879,45.428],[14.37,45.481],[14.534,45.645],[14.734,45.508],[15.339,45.467],[15.277,45.733],[15.625,45.834],[15.636,46.201],[16.227,46.373],[16.516,46.5]]]}},{"type":"Feature","id":"ne50m:SWE","properties":{"boundaryId":"ne50m:SWE","nodeId":"geo:se","bounds":[11.147,55.346,24.155,69.037]},"geometry":{"type":"MultiPolygon","coordinates":[[[[19.076,57.836],[18.537,57.831],[18.137,57.557],[18.105,57.272],[18.285,57.083],[18.7,57.243],[18.814,57.706],[19.076,57.836]]],[[[11.388,59.037],[11.147,58.989],[11.272,58.476],[11.449,58.118],[11.703,57.973],[11.735,57.718],[12.421,56.906],[12.884,56.618],[12.802,56.264],[12.593,56.138],[12.978,55.694],[12.886,55.411],[13.321,55.346],[13.806,55.429],[14.174,55.397],[14.342,55.528],[14.215,55.833],[14.782,56.162],[15.327,56.151],[15.997,56.223],[16.349,56.709],[16.528,57.068],[16.476,57.265],[16.652,57.501],[16.555,57.812],[16.77,58.214],[16.652,58.434],[16.924,58.493],[16.978,58.654],[17.457,58.858],[18.285,59.109],[18.509,59.408],[18.971,59.757],[18.933,59.942],[18.558,60.254],[18.25,60.362],[17.956,60.59],[17.251,60.701],[17.131,61.576],[17.417,61.741],[17.375,61.866],[17.563,62.212],[17.373,62.427],[17.834,62.503],[17.896,62.831],[18.463,62.896],[18.606,63.178],[19.034,63.238],[19.354,63.477],[19.722,63.463],[20.763,63.868],[21.018,64.178],[21.465,64.38],[21.138,64.809],[21.574,65.126],[21.566,65.408],[21.88,65.424],[22.254,65.598],[22.366,65.843],[22.747,65.871],[23.102,65.735],[23.691,65.829],[24.155,65.805],[23.701,66.481],[23.989,66.811],[23.623,67.184],[23.775,67.329],[23.468,67.45],[23.502,67.875],[23.639,67.954],[22.782,68.391],[21.997,68.521],[20.622,69.037],[19.969,68.542],[19.97,68.356],[18.379,68.562],[18.163,68.528],[18.177,68.201],[17.917,67.965],[17.325,68.104],[16.784,67.895],[16.586,67.628],[16.127,67.426],[16.404,67.055],[15.423,66.49],[15.484,66.306],[15.153,66.191],[14.543,66.129],[14.635,65.845],[14.48,65.301],[13.65,64.582],[14.078,64.464],[14.141,64.174],[13.961,64.014],[13.3,64.075],[12.663,63.94],[12.175,63.596],[12,63.292],[12.218,63.001],[12.115,62.592],[12.304,62.286],[12.155,61.721],[12.881,61.352],[12.683,61.047],[12.294,61.003],[12.589,60.451],[12.486,60.107],[11.932,59.864],[11.681,59.592],[11.798,59.29],[11.643,58.926],[11.388,59.037]]]]}},{"type":"Feature","id":"ne50m:SWZ","properties":{"boundaryId":"ne50m:SWZ","nodeId":"geo:sz","bounds":[30.794,-27.306,32.113,-25.747]},"geometry":{"type":"Polygon","coordinates":[[[31.948,-25.958],[31.871,-25.982],[31.415,-25.747],[31.207,-25.843],[30.803,-26.413],[30.794,-26.764],[30.883,-26.792],[31.063,-27.112],[31.47,-27.296],[31.958,-27.306],[31.995,-26.817],[32.113,-26.839],[32.041,-26.281],[32.061,-26.018],[31.948,-25.958]]]}},{"type":"Feature","id":"ne50m:SXM","properties":{"boundaryId":"ne50m:SXM","nodeId":"geo:sx","bounds":[-63.123,18.019,-63.011,18.069]},"geometry":{"type":"Polygon","coordinates":[[[-63.123,18.069],[-63.023,18.019],[-63.011,18.069],[-63.123,18.069]]]}},{"type":"Feature","id":"ne50m:SYC","properties":{"boundaryId":"ne50m:SYC","nodeId":"geo:sc","bounds":[55.383,-4.693,55.54,-4.559]},"geometry":{"type":"Polygon","coordinates":[[[55.54,-4.693],[55.456,-4.559],[55.383,-4.609],[55.54,-4.693]]]}},{"type":"Feature","id":"ne50m:SYR","properties":{"boundaryId":"ne50m:SYR","nodeId":"geo:sy","bounds":[35.764,32.317,42.359,37.277]},"geometry":{"type":"Polygon","coordinates":[[[35.893,35.917],[35.764,35.572],[35.943,35.224],[35.899,34.852],[35.976,34.629],[36.433,34.613],[36.585,34.221],[36.282,33.894],[35.942,33.668],[35.869,33.432],[35.816,33.362],[35.888,32.944],[35.787,32.735],[36.059,32.534],[36.372,32.387],[36.818,32.317],[38.774,33.372],[40.689,34.332],[40.987,34.429],[41.195,34.769],[41.216,35.288],[41.354,35.64],[41.246,36.073],[41.296,36.383],[41.417,36.515],[41.789,36.597],[42.359,37.109],[42.269,37.277],[41.516,37.089],[40.706,37.098],[40.016,36.826],[39.357,36.682],[38.767,36.693],[38.444,36.862],[38.192,36.902],[37.436,36.643],[37.066,36.653],[36.942,36.758],[36.659,36.803],[36.538,36.457],[36.641,36.264],[36.375,36.171],[36.348,36.004],[36.127,35.831],[35.893,35.917]]]}},{"type":"Feature","id":"ne50m:TCA","properties":{"boundaryId":"ne50m:TCA","nodeId":"geo:tc","bounds":[-71.83,21.765,-71.661,21.852]},"geometry":{"type":"Polygon","coordinates":[[[-71.661,21.765],[-71.668,21.833],[-71.806,21.852],[-71.83,21.791],[-71.661,21.765]]]}},{"type":"Feature","id":"ne50m:TCD","properties":{"boundaryId":"ne50m:TCD","nodeId":"geo:td","bounds":[13.448,7.475,23.983,23.445]},"geometry":{"type":"Polygon","coordinates":[[[23.98,19.497],[23.022,19.97],[21.585,20.679],[20.627,21.153],[19.669,21.626],[18.231,22.336],[16.794,23.045],[15.984,23.445],[14.979,22.996],[15.172,21.922],[15.182,21.523],[15.607,20.954],[15.587,20.733],[15.929,20.4],[15.949,20.303],[15.735,19.904],[15.638,18.811],[15.474,16.908],[14.368,15.75],[13.807,14.966],[13.642,14.631],[13.448,14.381],[13.606,13.705],[14.064,13.079],[14.516,12.98],[14.545,12.82],[14.761,12.656],[14.881,12.269],[15.081,11.846],[15.122,11.541],[15.03,11.114],[15.069,10.851],[15.276,10.357],[15.532,10.088],[15.541,9.96],[15.193,9.981],[14.836,9.942],[14.243,9.98],[13.977,9.692],[14.005,9.589],[14.332,9.204],[15.116,8.557],[15.252,8.322],[15.443,7.852],[15.55,7.788],[15.48,7.524],[15.845,7.475],[16.379,7.684],[16.523,7.86],[16.785,7.551],[17.247,7.813],[17.649,7.984],[18.455,8.032],[18.906,8.405],[19.109,8.656],[18.888,8.89],[19.146,9.016],[19.668,9.021],[20.073,9.133],[20.342,9.127],[20.773,9.406],[21.264,9.975],[21.396,10.001],[21.528,10.208],[21.726,10.367],[21.707,10.575],[22.043,10.823],[22.494,10.996],[22.86,10.92],[22.923,11.345],[22.641,11.516],[22.556,11.67],[22.581,11.99],[22.49,12.045],[22.352,12.66],[22.001,12.672],[21.825,12.791],[21.99,13.113],[22.228,13.33],[22.108,13.73],[22.173,13.911],[22.51,14.127],[22.382,14.55],[22.671,14.722],[22.763,14.999],[22.932,15.162],[22.934,15.533],[23.105,15.703],[23.983,15.78],[23.982,17.266],[23.981,18.158],[23.98,19.497]]]}},{"type":"Feature","id":"ne50m:TGO","properties":{"boundaryId":"ne50m:TGO","nodeId":"geo:tg","bounds":[-0.069,6.089,1.778,11.116]},"geometry":{"type":"Polygon","coordinates":[[[0.9,10.993],[0.484,10.992],[-0.069,11.116],[0.009,11.021],[-0.058,10.631],[0.363,10.236],[0.324,9.688],[0.262,9.496],[0.448,9.48],[0.529,9.358],[0.466,9.115],[0.489,8.851],[0.415,8.653],[0.616,8.48],[0.688,8.304],[0.584,8.146],[0.605,7.728],[0.5,7.547],[0.635,7.354],[0.526,6.851],[0.737,6.453],[0.985,6.32],[1.187,6.089],[1.623,6.217],[1.778,6.295],[1.578,6.687],[1.625,6.997],[1.625,8.271],[1.6,9.05],[1.424,9.285],[1.347,9.568],[1.33,9.997],[0.78,10.36],[0.788,10.71],[0.9,10.993]]]}},{"type":"Feature","id":"ne50m:THA","properties":{"boundaryId":"ne50m:THA","nodeId":"geo:th","bounds":[97.485,5.637,105.622,20.424]},"geometry":{"type":"Polygon","coordinates":[[[100.122,20.317],[99.89,20.424],[99.639,20.32],[99.338,20.079],[99.021,20.042],[98.917,19.773],[98.239,19.691],[98.111,19.762],[97.817,19.46],[97.804,19.13],[97.706,18.932],[97.754,18.621],[97.485,18.494],[97.72,18.037],[97.699,17.834],[97.793,17.681],[98.257,17.148],[98.439,16.976],[98.478,16.732],[98.689,16.305],[98.818,16.181],[98.592,16.051],[98.565,15.404],[98.191,15.204],[98.246,14.815],[98.57,14.36],[98.934,14.05],[99.137,13.717],[99.176,13.233],[99.107,13.104],[99.22,12.74],[99.405,12.548],[99.463,12.19],[99.615,11.781],[99.478,11.613],[99.19,11.105],[98.757,10.661],[98.703,10.19],[98.493,9.561],[98.371,9.291],[98.326,8.969],[98.242,8.768],[98.238,8.423],[98.421,8.178],[98.579,8.344],[98.789,8.06],[99.051,7.888],[99.3,7.561],[99.359,7.372],[99.529,7.329],[99.72,7.106],[99.696,6.877],[99.869,6.75],[100.119,6.442],[100.177,6.672],[100.345,6.55],[100.794,6.426],[100.874,6.245],[101.054,6.243],[101.076,5.956],[100.982,5.771],[101.114,5.637],[101.257,5.789],[101.556,5.908],[101.65,5.796],[101.874,5.825],[102.101,6.242],[101.799,6.475],[101.498,6.865],[101.302,6.908],[101.018,6.861],[100.586,7.176],[100.424,7.188],[100.205,7.501],[100.454,7.442],[100.279,8.269],[99.961,8.671],[99.905,9.113],[99.724,9.314],[99.394,9.214],[99.161,9.734],[99.195,10.175],[99.165,10.32],[99.487,10.89],[99.627,11.463],[99.799,11.749],[99.837,11.937],[99.989,12.171],[99.964,12.69],[100.09,13.046],[100.017,13.353],[100.236,13.484],[100.656,13.521],[100.963,13.432],[100.863,12.715],[101.445,12.619],[101.724,12.689],[102.034,12.532],[102.23,12.332],[102.54,12.109],[102.763,12.012],[102.934,11.707],[102.737,12.09],[102.756,12.426],[102.5,12.67],[102.462,13.015],[102.331,13.288],[102.32,13.54],[102.545,13.66],[102.729,13.842],[102.909,14.137],[103.199,14.333],[103.6,14.421],[103.818,14.362],[104.412,14.37],[104.779,14.428],[105.183,14.346],[105.476,14.53],[105.547,14.932],[105.513,15.361],[105.616,15.488],[105.622,15.7],[105.373,15.89],[105.406,15.987],[105.047,16.16],[104.819,16.466],[104.751,16.648],[104.759,17.077],[104.816,17.3],[104.74,17.462],[104.428,17.699],[103.95,18.319],[103.367,18.423],[103.149,18.222],[103.051,18.029],[102.718,17.892],[102.352,18.046],[102.101,18.211],[101.775,18.033],[101.688,17.889],[101.105,17.48],[100.908,17.584],[101.113,18.034],[101.138,18.287],[101.051,18.407],[101.286,18.977],[101.155,19.579],[100.967,19.611],[100.625,19.5],[100.398,19.756],[100.543,20.089],[100.318,20.386],[100.122,20.317]]]}},{"type":"Feature","id":"ne50m:TJK","properties":{"boundaryId":"ne50m:TJK","nodeId":"geo:tj","bounds":[67.35,36.694,75.119,41.023]},"geometry":{"type":"Polygon","coordinates":[[[67.759,37.172],[68.068,36.95],[68.669,37.258],[68.96,37.325],[69.265,37.108],[69.414,37.208],[69.492,37.553],[70.251,37.664],[70.215,37.924],[70.418,38.075],[70.616,38.334],[70.879,38.456],[71.256,38.307],[71.333,38.17],[71.279,37.918],[71.552,37.933],[71.433,37.128],[71.597,36.733],[71.802,36.694],[72.359,36.983],[72.657,37.029],[72.896,37.268],[73.481,37.472],[73.721,37.419],[73.75,37.232],[74.167,37.329],[74.26,37.415],[74.659,37.394],[74.891,37.232],[75.119,37.386],[74.894,37.601],[74.938,37.773],[74.79,38.104],[74.836,38.404],[74.745,38.51],[74.277,38.66],[74.026,38.54],[73.802,38.607],[73.696,38.854],[73.796,39.002],[73.607,39.229],[73.632,39.449],[73.235,39.375],[72.64,39.386],[72.358,39.337],[72.23,39.208],[72.043,39.352],[71.806,39.276],[71.732,39.423],[71.404,39.598],[70.733,39.413],[70.608,39.564],[70.245,39.543],[69.599,39.574],[69.298,39.525],[69.229,39.761],[69.432,39.91],[69.53,40.097],[69.967,40.202],[70.451,40.049],[70.958,40.239],[70.653,40.201],[70.383,40.454],[70.751,40.74],[70.442,41.023],[70.292,40.892],[69.713,40.657],[69.414,40.797],[69.206,40.567],[69.304,40.327],[69.228,40.188],[68.653,40.183],[68.869,39.907],[68.639,39.839],[68.463,39.537],[67.719,39.621],[67.426,39.466],[67.35,39.242],[67.617,39.15],[67.677,39.008],[68.104,38.962],[68.048,38.669],[68.144,38.383],[68.333,38.238],[68.294,38.033],[67.814,37.487],[67.759,37.172]]]}},{"type":"Feature","id":"ne50m:TKL","properties":{"boundaryId":"ne50m:TKL","nodeId":"geo:tk","bounds":[-172.499,-8.583,-172.479,-8.548]},"geometry":{"type":"Polygon","coordinates":[[[-172.479,-8.581],[-172.487,-8.556],[-172.499,-8.548],[-172.484,-8.583],[-172.479,-8.581]]]}},{"type":"Feature","id":"ne50m:TKM","properties":{"boundaryId":"ne50m:TKM","nodeId":"geo:tm","bounds":[52.494,35.233,66.629,42.778]},"geometry":{"type":"Polygon","coordinates":[[[55.977,41.322],[55.545,41.263],[55.25,41.458],[54.904,41.919],[54.678,42.078],[54.121,42.335],[53.25,42.206],[52.871,42.061],[52.494,41.78],[52.609,41.529],[52.83,41.342],[52.97,41.976],[53.164,42.094],[53.625,42.136],[53.846,42.091],[54.095,41.519],[54.592,41.194],[54.71,40.891],[54.319,40.835],[54.193,40.72],[53.87,40.649],[53.615,40.819],[53.145,40.825],[52.943,41.038],[52.734,40.399],[52.744,40.22],[52.988,39.988],[53.404,39.96],[53.472,39.669],[53.236,39.609],[53.125,39.432],[53.618,39.216],[53.869,38.949],[53.824,37.928],[53.914,37.344],[54.192,37.332],[54.745,37.502],[54.849,37.723],[55.076,37.902],[55.578,38.1],[56.229,38.073],[56.441,38.249],[57.194,38.216],[57.424,37.948],[57.711,37.905],[58.436,37.639],[58.815,37.683],[59.241,37.521],[59.562,37.179],[60.063,36.963],[60.341,36.638],[61.12,36.643],[61.252,35.868],[61.262,35.62],[61.543,35.458],[61.984,35.444],[62.253,35.25],[62.611,35.233],[63.057,35.446],[63.17,35.678],[63.109,35.819],[63.863,36.012],[64.358,36.226],[64.511,36.341],[64.816,37.132],[65.09,37.238],[65.555,37.251],[65.765,37.569],[66.108,37.415],[66.522,37.348],[66.526,37.786],[66.629,37.932],[66.173,38.167],[65.857,38.269],[65.613,38.239],[64.66,38.736],[64.31,38.977],[64.163,38.954],[63.721,39.188],[63.506,39.377],[62.651,39.858],[62.442,40.036],[62.375,40.332],[62.095,40.683],[61.954,41.031],[61.497,41.276],[61.329,41.195],[60.755,41.246],[60.455,41.222],[60.09,41.399],[60.107,41.907],[59.963,41.954],[60.006,42.191],[59.858,42.295],[59.451,42.3],[59.123,42.524],[58.877,42.561],[58.589,42.778],[58.26,42.688],[58.234,42.448],[58.029,42.488],[57.814,42.19],[57.382,42.156],[56.964,41.857],[57.018,41.263],[55.977,41.322]]]}},{"type":"Feature","id":"ne50m:TLS","properties":{"boundaryId":"ne50m:TLS","nodeId":"geo:tl","bounds":[124.036,-9.512,127.296,-8.316]},"geometry":{"type":"MultiPolygon","coordinates":[[[[125.068,-9.512],[125.408,-9.276],[126.164,-8.997],[126.383,-8.958],[126.665,-8.782],[126.915,-8.715],[127.296,-8.425],[126.966,-8.316],[126.62,-8.459],[125.804,-8.492],[125.178,-8.648],[124.922,-8.942],[124.968,-9.294],[125.068,-9.512]]],[[[124.036,-9.342],[124.282,-9.428],[124.444,-9.19],[124.036,-9.342]]]]}},{"type":"Feature","id":"ne50m:TON","properties":{"boundaryId":"ne50m:TON","nodeId":"geo:to","bounds":[-175.335,-21.264,-175.157,-21.119]},"geometry":{"type":"Polygon","coordinates":[[[-175.162,-21.169],[-175.225,-21.119],[-175.335,-21.158],[-175.157,-21.264],[-175.162,-21.169]]]}},{"type":"Feature","id":"ne50m:TTO","properties":{"boundaryId":"ne50m:TTO","nodeId":"geo:tt","bounds":[-61.597,10.065,-60.918,10.84]},"geometry":{"type":"Polygon","coordinates":[[[-61.012,10.134],[-60.968,10.323],[-61.034,10.67],[-60.918,10.84],[-61.592,10.748],[-61.465,10.539],[-61.499,10.269],[-61.597,10.065],[-61.174,10.078],[-61.012,10.134]]]}},{"type":"Feature","id":"ne50m:TUN","properties":{"boundaryId":"ne50m:TUN","nodeId":"geo:tn","bounds":[7.5,30.229,11.505,37.34]},"geometry":{"type":"Polygon","coordinates":[[[11.505,33.182],[11.203,33.249],[11.085,33.563],[10.723,33.514],[10.713,33.689],[10.454,33.663],[10.159,33.85],[10.049,34.056],[10.2,34.346],[10.535,34.545],[10.866,34.884],[11.12,35.24],[11.004,35.634],[10.591,35.887],[10.477,36.175],[10.526,36.323],[10.798,36.493],[11.127,36.874],[11.054,37.073],[10.571,36.879],[10.412,36.732],[10.189,37.034],[10.196,37.206],[9.688,37.34],[9.142,37.195],[8.824,36.998],[8.577,36.937],[8.231,36.545],[8.349,36.368],[8.246,35.871],[8.316,35.403],[8.394,35.204],[8.277,34.979],[8.246,34.734],[8.123,34.564],[7.838,34.41],[7.514,34.081],[7.5,33.832],[7.763,33.233],[8.076,33.089],[8.211,32.927],[8.333,32.544],[9.044,32.072],[9.519,30.229],[9.895,30.387],[10.216,30.783],[10.243,31.032],[10.115,31.464],[10.306,31.705],[10.476,31.736],[10.609,31.93],[10.826,32.081],[11.505,32.414],[11.454,32.643],[11.505,33.182]]]}},{"type":"Feature","id":"ne50m:TUR","properties":{"boundaryId":"ne50m:TUR","nodeId":"geo:tr","bounds":[26.039,35.831,44.817,42.08]},"geometry":{"type":"MultiPolygon","coordinates":[[[[41.51,41.517],[40.959,41.212],[40.265,40.961],[39.808,40.983],[39.426,41.106],[38.381,40.925],[37.91,41.002],[37.766,41.079],[37.066,41.184],[36.778,41.363],[36.51,41.263],[36.179,41.427],[36.052,41.683],[35.558,41.634],[35.298,41.729],[35.006,42.063],[34.75,41.957],[34.193,41.964],[33.381,42.018],[32.306,41.73],[32.086,41.589],[31.458,41.32],[31.255,41.108],[30.81,41.085],[30.345,41.197],[29.919,41.151],[29.322,41.228],[29.094,41.177],[29.046,41.008],[29.365,40.809],[28.788,40.534],[29.007,40.39],[28.289,40.403],[27.476,40.32],[27.285,40.456],[26.738,40.4],[26.313,40.025],[26.181,39.99],[26.113,39.467],[26.827,39.563],[26.682,39.292],[26.854,39.116],[26.815,38.961],[27.014,38.887],[26.764,38.71],[26.907,38.482],[26.861,38.373],[26.43,38.441],[26.291,38.277],[26.683,38.198],[27.232,37.979],[27.224,37.725],[27.078,37.688],[27.219,37.389],[27.52,37.249],[27.349,37.02],[28.134,37.029],[27.804,36.736],[28.484,36.804],[28.718,36.701],[29.038,36.693],[29.143,36.397],[29.348,36.259],[29.689,36.157],[30.232,36.307],[30.484,36.31],[30.644,36.866],[31.353,36.801],[32.022,36.535],[32.378,36.184],[32.795,36.036],[33.695,36.182],[34.023,36.341],[34.3,36.604],[34.601,36.784],[34.811,36.799],[35.176,36.635],[35.537,36.597],[35.661,36.724],[36.049,36.911],[36.188,36.659],[35.811,36.31],[35.957,35.998],[35.893,35.917],[36.127,35.831],[36.348,36.004],[36.375,36.171],[36.641,36.264],[36.538,36.457],[36.659,36.803],[36.942,36.758],[37.066,36.653],[37.436,36.643],[38.192,36.902],[38.444,36.862],[38.767,36.693],[39.357,36.682],[40.016,36.826],[40.706,37.098],[41.516,37.089],[42.269,37.277],[42.359,37.109],[42.775,37.372],[43.092,37.367],[43.516,37.245],[43.836,37.224],[44.013,37.314],[44.208,37.203],[44.282,36.978],[44.606,37.176],[44.765,37.142],[44.794,37.29],[44.574,37.435],[44.561,37.745],[44.211,37.908],[44.431,38.357],[44.291,38.42],[44.272,38.836],[44.178,39.145],[44.023,39.377],[44.389,39.422],[44.456,39.667],[44.587,39.769],[44.817,39.65],[44.768,39.704],[44.289,40.04],[43.792,40.07],[43.569,40.482],[43.723,40.72],[43.632,40.929],[43.439,41.107],[42.788,41.564],[42.466,41.44],[41.51,41.517]]],[[[28.014,41.969],[27.535,41.921],[27.295,42.08],[26.615,41.965],[26.321,41.717],[26.581,41.601],[26.625,41.402],[26.331,41.239],[26.331,40.954],[26.039,40.727],[26.105,40.611],[26.792,40.627],[26.254,40.315],[26.33,40.123],[26.772,40.498],[27.258,40.687],[27.499,40.973],[27.925,40.991],[28.172,41.081],[28.78,40.974],[28.956,41.008],[29.057,41.23],[28.346,41.466],[28.198,41.554],[27.987,41.855],[28.014,41.969]]]]}},{"type":"Feature","id":"ne50m:TUV","properties":{"boundaryId":"ne50m:TUV","nodeId":"geo:tv","bounds":[179.198,-8.524,179.214,-8.488]},"geometry":{"type":"Polygon","coordinates":[[[179.214,-8.524],[179.212,-8.488],[179.198,-8.489],[179.201,-8.512],[179.214,-8.524]]]}},{"type":"Feature","id":"ne50m:TWN","properties":{"boundaryId":"ne50m:TWN","nodeId":"geo:tw","navigationNodeId":"geo:cn","parentNodeId":"geo:cn","bounds":[120.072,21.925,121.929,25.275]},"geometry":{"type":"Polygon","coordinates":[[[121.009,22.62],[121.296,22.967],[121.477,23.424],[121.639,24.13],[121.828,24.534],[121.82,24.825],[121.929,24.974],[121.853,25.104],[121.594,25.275],[121.041,25.033],[120.63,24.479],[120.159,23.709],[120.072,23.15],[120.326,22.542],[120.581,22.356],[120.69,22.033],[120.84,21.925],[120.897,22.379],[121.009,22.62]]]}},{"type":"Feature","id":"ne50m:TZA","properties":{"boundaryId":"ne50m:TZA","nodeId":"geo:tz","bounds":[29.326,-11.716,40.464,-1.002]},"geometry":{"type":"Polygon","coordinates":[[[32.92,-9.407],[33.331,-9.519],[33.421,-9.608],[33.698,-9.598],[33.944,-9.672],[33.996,-9.495],[34.321,-9.732],[34.524,-10.03],[34.584,-10.525],[34.662,-10.71],[34.598,-11.037],[34.959,-11.578],[35.631,-11.582],[35.785,-11.453],[36.082,-11.537],[36.191,-11.671],[36.519,-11.716],[36.979,-11.567],[37.218,-11.687],[37.542,-11.675],[37.829,-11.482],[37.92,-11.295],[38.177,-11.279],[38.492,-11.413],[38.795,-11.229],[39.322,-11.123],[39.563,-10.979],[39.989,-10.821],[40.464,-10.464],[40.389,-10.354],[40.084,-10.157],[39.984,-10.16],[39.784,-9.915],[39.625,-9.409],[39.641,-9.192],[39.451,-8.943],[39.304,-8.444],[39.441,-8.012],[39.288,-7.518],[39.519,-7.124],[39.472,-6.879],[39.287,-6.815],[39.228,-6.685],[38.874,-6.331],[38.819,-5.878],[38.978,-5.519],[39.222,-4.692],[37.797,-3.674],[37.609,-3.46],[37.688,-3.246],[37.644,-3.045],[36.903,-2.632],[35.837,-2.037],[34.984,-1.561],[33.979,-1.002],[33.903,-1.002],[32.016,-1.002],[30.845,-1.002],[30.51,-1.067],[30.47,-1.131],[30.813,-1.563],[30.819,-1.967],[30.877,-2.143],[30.829,-2.338],[30.554,-2.4],[30.424,-2.642],[30.515,-2.918],[30.78,-2.985],[30.79,-3.275],[30.425,-3.589],[30.147,-4.085],[29.947,-4.307],[29.718,-4.456],[29.403,-4.449],[29.326,-4.836],[29.343,-4.983],[29.594,-5.651],[29.48,-6.025],[29.541,-6.314],[29.71,-6.617],[30.106,-6.915],[30.313,-7.204],[30.407,-7.461],[30.751,-8.194],[30.831,-8.386],[31.076,-8.612],[31.351,-8.607],[31.535,-8.713],[31.674,-8.909],[31.919,-8.942],[31.943,-9.054],[32.433,-9.156],[32.92,-9.407]]]}},{"type":"Feature","id":"ne50m:TZZ","properties":{"boundaryId":"ne50m:TZZ","nodeId":"geo:tz","bounds":[39.192,-6.387,39.865,-4.906]},"geometry":{"type":"MultiPolygon","coordinates":[[[[39.496,-6.175],[39.368,-5.951],[39.192,-5.931],[39.243,-6.275],[39.573,-6.387],[39.496,-6.175]]],[[[39.865,-4.906],[39.673,-4.927],[39.701,-5.114],[39.853,-5.255],[39.865,-4.906]]]]}},{"type":"Feature","id":"ne50m:UGA","properties":{"boundaryId":"ne50m:UGA","nodeId":"geo:ug","bounds":[29.562,-1.452,34.965,4.22]},"geometry":{"type":"Polygon","coordinates":[[[33.903,-1.002],[33.943,0.174],[34.161,0.605],[34.411,0.867],[34.482,1.042],[34.788,1.231],[34.784,1.381],[34.965,1.643],[34.964,2.062],[34.883,2.418],[34.742,2.818],[34.589,2.925],[34.448,3.163],[34.393,3.692],[34.165,3.813],[33.976,4.22],[33.489,3.755],[33.154,3.775],[32.997,3.88],[32.838,3.798],[32.336,3.706],[32.099,3.529],[31.942,3.608],[31.798,3.803],[31.48,3.68],[31.152,3.786],[30.929,3.634],[30.839,3.491],[30.906,3.409],[30.754,3.042],[30.847,2.847],[30.729,2.455],[30.962,2.403],[31.176,2.27],[31.253,2.045],[30.943,1.683],[30.478,1.239],[30.321,1.185],[30.183,0.973],[29.943,0.819],[29.934,0.499],[29.718,0.098],[29.562,-0.977],[29.577,-1.388],[29.825,-1.336],[29.882,-1.452],[30.102,-1.369],[30.36,-1.075],[30.51,-1.067],[30.845,-1.002],[32.016,-1.002],[33.903,-1.002]]]}},{"type":"Feature","id":"ne50m:UKR","properties":{"boundaryId":"ne50m:UKR","nodeId":"geo:ua","bounds":[22.132,45.234,40.126,52.345]},"geometry":{"type":"Polygon","coordinates":[[[38.214,47.091],[38.287,47.559],[38.719,47.714],[38.9,47.855],[39.736,47.845],[39.961,48.238],[39.836,48.543],[39.645,48.591],[39.793,48.808],[39.687,49.008],[40.07,49.2],[40.126,49.369],[40.031,49.597],[39.781,49.572],[39.175,49.856],[38.918,49.825],[38.259,50.052],[38.047,49.92],[37.704,50.109],[37.423,50.411],[36.759,50.292],[36.619,50.209],[35.89,50.437],[35.674,50.346],[35.412,50.54],[35.44,50.728],[35.312,51.044],[35.064,51.203],[34.712,51.172],[34.281,51.312],[34.121,51.679],[34.398,51.78],[34.113,51.98],[33.922,52.251],[33.735,52.345],[33.148,52.34],[32.9,52.256],[32.508,52.309],[32.283,52.114],[31.763,52.101],[30.981,52.046],[30.667,51.814],[30.533,51.596],[30.633,51.355],[30.333,51.326],[30.161,51.478],[29.346,51.383],[29.136,51.617],[28.599,51.543],[28.184,51.608],[27.27,51.614],[27.142,51.752],[26.453,51.813],[25.925,51.914],[25.267,51.938],[24.362,51.868],[23.951,51.585],[23.605,51.518],[23.664,51.31],[24.106,50.845],[23.973,50.41],[23.712,50.377],[23.036,49.899],[22.649,49.539],[22.706,49.171],[22.539,49.073],[22.132,48.405],[22.877,47.947],[23.203,48.085],[24.178,47.906],[24.579,47.931],[24.893,47.718],[25.464,47.911],[26.163,47.993],[26.306,48.204],[26.619,48.26],[26.847,48.387],[27.229,48.371],[27.549,48.478],[27.82,48.416],[28.327,48.161],[28.774,48.12],[28.973,47.933],[29.195,47.882],[29.16,47.456],[29.549,47.247],[29.572,46.964],[29.878,46.829],[29.924,46.539],[29.838,46.351],[29.146,46.527],[28.927,46.424],[28.948,46.05],[28.492,45.666],[28.471,45.507],[28.213,45.45],[28.451,45.292],[28.761,45.234],[29.224,45.403],[29.568,45.371],[29.706,45.26],[29.602,45.683],[30.219,45.867],[30.512,46.105],[30.796,46.552],[31.974,46.709],[32.361,46.475],[32.008,46.43],[32.036,46.261],[32.477,46.084],[33.202,46.176],[33.594,46.096],[33.66,46.22],[34.027,46.107],[34.687,45.977],[34.8,45.791],[35.002,45.733],[34.857,45.987],[34.85,46.19],[35.23,46.441],[35.4,46.381],[35.827,46.624],[36.279,46.659],[37.34,46.917],[37.543,47.075],[38.214,47.091]]]}},{"type":"Feature","id":"ne50m:URY","properties":{"boundaryId":"ne50m:URY","nodeId":"geo:uy","bounds":[-58.438,-34.933,-53.126,-30.107]},"geometry":{"type":"Polygon","coordinates":[[[-53.371,-33.742],[-53.538,-33.623],[-53.531,-33.171],[-53.126,-32.737],[-53.602,-32.403],[-53.762,-32.057],[-54.221,-31.855],[-54.588,-31.485],[-55.255,-31.226],[-55.557,-30.876],[-55.874,-31.07],[-56.176,-30.628],[-56.833,-30.107],[-57.121,-30.144],[-57.214,-30.283],[-57.609,-30.188],[-57.873,-30.591],[-57.811,-30.859],[-57.868,-31.104],[-58.054,-31.495],[-58.042,-31.769],[-58.189,-31.924],[-58.123,-32.322],[-58.201,-32.472],[-58.082,-32.894],[-58.353,-33.26],[-58.438,-33.719],[-58.4,-33.912],[-57.961,-34.307],[-57.829,-34.477],[-57.171,-34.452],[-56.855,-34.677],[-56.118,-34.908],[-55.673,-34.776],[-55.371,-34.808],[-55.238,-34.896],[-54.902,-34.933],[-54.169,-34.671],[-53.785,-34.38],[-53.371,-33.742]]]}},{"type":"Feature","id":"ne50m:USA","properties":{"boundaryId":"ne50m:USA","nodeId":"geo:us","bounds":[172.722,19.012,-67.107,71.319]},"geometry":{"type":"MultiPolygon","coordinates":[[[[-171.463,63.64],[-171.791,63.425],[-171.401,63.339],[-171.061,63.446],[-170.527,63.379],[-170.19,63.196],[-169.778,63.094],[-168.852,63.171],[-168.716,63.311],[-169.428,63.348],[-170.017,63.492],[-170.43,63.699],[-171.035,63.585],[-171.463,63.64]]],[[[-166.135,60.384],[-166.476,60.383],[-166.836,60.217],[-167.436,60.207],[-167.139,60.009],[-166.188,59.774],[-165.592,59.913],[-165.73,60.314],[-166.135,60.384]]],[[[-152.898,57.824],[-153.2,57.82],[-153.818,57.596],[-154.281,57.638],[-154.535,57.559],[-154.706,57.335],[-154.339,56.921],[-154.065,57.134],[-153.793,56.99],[-153.274,57.226],[-152.679,57.345],[-152.216,57.577],[-152.512,57.851],[-152.898,57.824]]],[[[-130.025,55.888],[-130.023,56.015],[-130.413,56.123],[-130.742,56.341],[-131.083,56.405],[-131.575,56.599],[-131.866,56.793],[-132.232,57.199],[-133.275,58.223],[-133.401,58.411],[-133.821,58.705],[-134.219,58.85],[-134.441,59.085],[-134.944,59.288],[-135.051,59.579],[-135.476,59.793],[-136.322,59.605],[-136.579,59.152],[-136.813,59.15],[-137.439,58.903],[-137.593,59.226],[-138.632,59.778],[-138.705,59.901],[-139.185,60.084],[-139.079,60.344],[-139.676,60.328],[-139.973,60.183],[-141.002,60.3],[-141.002,62.346],[-141.002,63.514],[-141.002,64.976],[-141.002,66.729],[-141.002,68.19],[-141.002,69.651],[-141.408,69.653],[-143.218,70.116],[-145.197,70.009],[-145.823,70.16],[-147.705,70.217],[-147.87,70.303],[-149.269,70.501],[-150.152,70.444],[-150.663,70.51],[-151.225,70.419],[-151.945,70.452],[-152.471,70.654],[-152.233,70.81],[-153.233,70.933],[-154.195,70.801],[-154.785,70.894],[-155.167,71.099],[-156.783,71.319],[-157.195,71.093],[-157.998,70.845],[-158.996,70.802],[-159.315,70.879],[-160.996,70.305],[-161.639,70.235],[-161.881,70.332],[-162.952,69.758],[-163.161,69.388],[-163.868,69.037],[-164.302,68.936],[-165.509,68.868],[-166.209,68.885],[-166.381,68.425],[-165.96,68.156],[-165.386,68.046],[-164.125,67.607],[-163.721,67.196],[-163.002,67.027],[-161.965,67.05],[-161.622,66.979],[-161.857,66.7],[-161.398,66.552],[-160.864,66.671],[-160.263,66.572],[-160.232,66.42],[-161.557,66.251],[-161.816,66.054],[-162.886,66.099],[-163.695,66.084],[-164.034,66.216],[-163.775,66.531],[-164.058,66.611],[-164.674,66.555],[-165.776,66.319],[-166.748,66.052],[-167.074,65.877],[-168.088,65.658],[-167.404,65.422],[-166.665,65.338],[-166.827,65.096],[-166.415,64.927],[-166.481,64.728],[-166.143,64.583],[-164.9,64.461],[-164.304,64.584],[-163.713,64.588],[-162.807,64.374],[-161.759,64.816],[-161.187,64.924],[-160.887,64.796],[-160.932,64.579],[-161.386,64.44],[-160.988,64.251],[-160.779,63.819],[-161.1,63.558],[-161.974,63.453],[-162.283,63.529],[-162.621,63.266],[-163.062,63.08],[-163.359,63.046],[-164.108,63.262],[-164.409,63.215],[-164.845,62.801],[-164.793,62.623],[-165.195,62.474],[-165.707,62.1],[-165.613,61.869],[-166.079,61.803],[-166.1,61.645],[-165.797,61.491],[-165.566,61.102],[-165.175,60.966],[-164.442,60.87],[-163.995,60.865],[-163.749,60.97],[-163.421,60.757],[-164.266,60.725],[-164.805,60.892],[-165.354,60.541],[-164.662,60.304],[-163.907,59.807],[-163.219,59.846],[-162.571,59.99],[-162.242,60.178],[-161.829,59.589],[-162.023,59.284],[-161.794,59.109],[-161.755,58.612],[-161.361,58.67],[-161.216,58.801],[-160.817,58.872],[-160.363,59.051],[-159.92,58.82],[-159.67,58.911],[-159.083,58.47],[-158.772,58.52],[-158.861,58.719],[-158.503,58.85],[-158.303,58.642],[-158.022,58.64],[-157.142,58.878],[-156.975,58.736],[-157.524,58.421],[-157.443,58.172],[-157.611,58.051],[-157.684,57.744],[-157.608,57.601],[-158.321,57.298],[-158.661,57.039],[-158.675,56.795],[-158.99,56.86],[-159.283,56.689],[-159.785,56.562],[-160.302,56.314],[-160.539,56.006],[-160.851,55.772],[-161.216,56.021],[-161.697,55.907],[-162.157,55.719],[-162.962,55.184],[-162.865,54.955],[-162.074,55.139],[-161.742,55.391],[-161.1,55.406],[-160.897,55.514],[-160.463,55.558],[-159.962,55.795],[-159.523,55.81],[-158.79,55.987],[-158.276,56.196],[-158.414,56.436],[-157.578,56.634],[-157.39,56.81],[-157.139,56.827],[-156.475,57.105],[-156.478,57.328],[-155.59,57.734],[-155.313,57.807],[-155.007,58.016],[-154.247,58.159],[-154.02,58.493],[-153.617,58.655],[-153.334,58.858],[-153.656,59.039],[-154.13,59.12],[-154.088,59.363],[-153.106,59.875],[-152.759,59.921],[-152.654,60.238],[-152.26,60.409],[-152.271,60.528],[-151.75,60.755],[-151.734,60.911],[-150.612,61.301],[-149.945,61.294],[-149.998,60.935],[-150.441,61.024],[-151.322,60.743],[-151.313,60.466],[-151.451,60.203],[-151.735,59.988],[-151.764,59.7],[-151.189,59.638],[-151.85,59.406],[-151.738,59.189],[-150.961,59.244],[-150.582,59.565],[-150.198,59.567],[-149.782,59.75],[-149.432,60.001],[-148.843,59.951],[-148.431,59.989],[-148.198,60.168],[-148.344,60.854],[-147.593,60.979],[-146.874,61.005],[-146.149,60.661],[-145.899,60.478],[-144.901,60.335],[-143.805,60.013],[-142.946,60.097],[-142.549,60.086],[-141.67,59.97],[-140.843,59.749],[-140.217,59.727],[-139.582,59.848],[-139.506,59.726],[-139.799,59.546],[-139.341,59.376],[-138.352,59.087],[-138.027,58.941],[-137.544,58.581],[-136.583,58.245],[-136.13,58.35],[-136.103,58.506],[-136.568,58.786],[-136.046,58.789],[-135.862,58.577],[-135.303,58.256],[-135.05,58.307],[-135.502,59.202],[-134.776,58.454],[-134.063,58.211],[-134.031,58.072],[-133.554,57.695],[-133.466,57.172],[-132.814,57.041],[-132.802,56.895],[-132.487,56.766],[-132.182,56.421],[-131.844,56.16],[-132.223,55.721],[-131.869,55.647],[-131.784,55.877],[-131.288,56.012],[-130.919,55.736],[-130.856,55.355],[-131.048,55.158],[-130.85,54.808],[-130.575,54.77],[-130.214,55.026],[-130.037,55.298],[-130.147,55.654],[-130.025,55.888]]],[[[-163.476,54.981],[-163.868,55.039],[-164.53,54.881],[-164.888,54.608],[-164.823,54.419],[-164.463,54.427],[-164.073,54.621],[-163.583,54.626],[-163.358,54.736],[-163.476,54.981]]],[[[-132.112,56.109],[-132.067,56.244],[-132.38,56.499],[-132.66,56.078],[-132.133,55.943],[-132.112,56.109]]],[[[-130.979,55.489],[-130.966,55.67],[-131.269,55.955],[-131.625,55.832],[-131.648,55.586],[-131.846,55.416],[-131.811,55.223],[-131.083,55.267],[-130.979,55.489]]],[[[-133.366,57.004],[-133.866,57.069],[-133.681,56.798],[-133.603,56.464],[-133.213,56.465],[-132.959,56.677],[-132.954,56.88],[-133.366,57.004]]],[[[-147.736,59.813],[-147.499,59.89],[-146.987,60.254],[-147.12,60.363],[-147.814,59.902],[-147.736,59.813]]],[[[-134.97,57.351],[-135.346,57.533],[-135.787,57.317],[-135.502,57.244],[-135.2,57.027],[-135.331,56.822],[-135.018,56.66],[-134.981,56.519],[-134.63,56.302],[-134.621,56.718],[-134.97,57.351]]],[[[-134.68,58.162],[-134.754,57.995],[-134.66,57.638],[-134.487,57.482],[-134.592,57.092],[-134.435,57.057],[-133.925,57.337],[-133.937,57.582],[-134.267,57.885],[-134.24,58.144],[-134.68,58.162]]],[[[-135.73,58.244],[-136.512,58.096],[-136.569,57.972],[-136.077,57.675],[-135.911,57.447],[-135.618,57.48],[-135.498,57.662],[-135.085,57.511],[-134.979,57.724],[-135.002,58.051],[-135.587,58.147],[-135.73,58.244]]],[[[-133.566,56.339],[-133.531,56.146],[-133.242,55.921],[-133.447,55.797],[-133.103,55.36],[-132.782,55.048],[-131.981,54.805],[-131.976,55.209],[-132.418,55.483],[-132.43,55.687],[-132.758,55.995],[-133.097,56.09],[-133.203,56.32],[-133.566,56.339]]],[[[-133.99,56.845],[-134.374,56.839],[-134.195,56.414],[-134.19,56.077],[-133.95,56.128],[-133.855,56.582],[-133.99,56.845]]],[[[-152.417,58.36],[-152.675,58.451],[-153.381,58.087],[-152.983,57.997],[-152.109,58.161],[-152.417,58.36]]],[[[-167.964,53.345],[-167.986,53.558],[-168.288,53.5],[-168.437,53.257],[-167.964,53.345]]],[[[-166.615,53.901],[-166.978,53.963],[-167.136,53.526],[-166.77,53.476],[-166.444,53.652],[-166.615,53.901]]],[[[-176.593,51.867],[-176.874,51.79],[-176.771,51.63],[-176.437,51.754],[-176.593,51.867]]],[[[172.812,53.013],[172.722,52.886],[172.935,52.752],[173.436,52.852],[173.102,52.996],[172.812,53.013]]],[[[-155.581,19.012],[-155.31,19.26],[-155.053,19.319],[-154.804,19.524],[-155.066,19.748],[-155.199,19.994],[-155.832,20.276],[-155.82,20.014],[-156.049,19.75],[-155.891,19.383],[-155.881,19.071],[-155.581,19.012]]],[[[-157.214,21.215],[-157.29,21.113],[-156.86,21.056],[-156.742,21.164],[-157.214,21.215]]],[[[-156.487,20.933],[-156.438,20.618],[-156.107,20.645],[-155.99,20.757],[-156.278,20.951],[-156.487,20.933]]],[[[-157.799,21.457],[-157.962,21.701],[-158.273,21.585],[-158.11,21.319],[-157.902,21.341],[-157.799,21.457]]],[[[-159.373,21.932],[-159.352,22.22],[-159.579,22.223],[-159.789,22.042],[-159.609,21.91],[-159.373,21.932]]],[[[-74.709,45.004],[-75.179,44.899],[-75.876,44.417],[-76.151,44.304],[-76.465,44.058],[-76.82,43.629],[-78.72,43.625],[-79.172,43.467],[-79.066,43.106],[-78.915,42.909],[-79.037,42.802],[-80.248,42.366],[-81.278,42.209],[-82.439,41.675],[-82.69,41.675],[-83.03,41.833],[-83.142,41.976],[-83.073,42.3],[-82.545,42.625],[-82.408,43.073],[-82.138,43.571],[-82.551,45.347],[-83.593,45.817],[-83.469,45.995],[-83.616,46.117],[-83.978,46.085],[-84.192,46.55],[-84.562,46.457],[-84.779,46.637],[-84.876,46.9],[-86.429,47.54],[-88.378,48.303],[-88.612,48.264],[-89.186,48.047],[-89.456,47.996],[-89.994,48.015],[-90.092,48.118],[-90.744,48.105],[-90.84,48.201],[-91.518,48.058],[-92.172,48.338],[-92.996,48.612],[-93.258,48.629],[-93.708,48.525],[-94.055,48.659],[-94.621,48.743],[-94.803,49.003],[-94.854,49.305],[-95.155,49.37],[-95.162,48.992],[-96.677,48.993],[-99.235,48.993],[-101.367,48.993],[-103.499,48.993],[-105.631,48.993],[-107.763,48.993],[-109.469,48.993],[-112.027,48.993],[-113.732,48.993],[-115.438,48.993],[-117.996,48.993],[-119.702,48.993],[-120.981,48.993],[-122.789,48.993],[-122.242,48.011],[-122.393,47.821],[-122.354,47.372],[-122.702,47.111],[-122.813,47.329],[-122.554,47.405],[-122.657,47.881],[-122.861,48.09],[-123.976,48.168],[-124.633,48.375],[-124.702,48.152],[-124.621,47.904],[-124.376,47.659],[-124.072,46.745],[-123.889,46.66],[-124.073,46.279],[-123.947,46.141],[-123.929,45.577],[-124.059,44.778],[-124.149,43.692],[-124.347,43.342],[-124.54,42.813],[-124.406,42.584],[-124.355,42.123],[-124.212,41.985],[-124.245,41.788],[-124.069,41.384],[-124.133,40.97],[-124.372,40.491],[-124.324,40.252],[-123.884,39.861],[-123.783,39.619],[-123.82,39.368],[-123.701,38.907],[-122.987,38.277],[-122.968,38.097],[-122.76,37.946],[-122.467,37.838],[-122.499,37.543],[-122.395,37.208],[-122.164,36.991],[-121.881,36.939],[-121.79,36.732],[-121.919,36.572],[-121.877,36.331],[-121.344,35.792],[-120.86,35.365],[-120.857,35.21],[-120.634,35.076],[-120.645,34.58],[-120.481,34.472],[-119.606,34.418],[-119.268,34.257],[-119.144,34.112],[-118.832,34.024],[-118.506,34.017],[-118.41,33.744],[-118.081,33.722],[-117.467,33.296],[-117.319,33.1],[-117.243,32.664],[-117.128,32.533],[-116.27,32.598],[-114.725,32.715],[-114.836,32.508],[-112.939,31.916],[-111.042,31.324],[-109.275,31.327],[-108.214,31.329],[-108.212,31.779],[-106.453,31.77],[-106.256,31.545],[-105.813,31.241],[-105.276,30.807],[-104.979,30.646],[-104.681,30.134],[-104.681,29.991],[-104.401,29.574],[-103.99,29.323],[-103.853,29.291],[-103.258,29.001],[-103.09,29.042],[-102.892,29.216],[-102.734,29.644],[-102.615,29.752],[-102.269,29.871],[-101.991,29.796],[-101.44,29.777],[-100.659,29.069],[-100.332,28.503],[-100.296,28.328],[-100.001,28.048],[-99.754,27.73],[-99.505,27.548],[-99.444,27.037],[-99.23,26.762],[-99.108,26.447],[-98.598,26.238],[-98.083,26.064],[-97.801,26.042],[-97.358,25.871],[-97.146,25.961],[-97.402,26.397],[-97.555,26.967],[-97.476,27.118],[-97.524,27.314],[-97.38,27.419],[-97.289,27.671],[-97.431,27.837],[-97.171,27.88],[-97.156,28.144],[-96.807,28.22],[-96.562,28.367],[-96.449,28.594],[-96.275,28.655],[-96.02,28.587],[-95.853,28.64],[-95.273,28.964],[-95.139,29.168],[-94.888,29.371],[-94.1,29.67],[-93.695,29.77],[-93.176,29.779],[-92.671,29.597],[-92.261,29.557],[-91.893,29.836],[-91.672,29.746],[-91.514,29.555],[-91.331,29.514],[-91.29,29.289],[-90.751,29.131],[-90.586,29.272],[-90.379,29.295],[-90.213,29.105],[-90.101,29.182],[-90.052,29.431],[-89.877,29.458],[-89.354,29.07],[-89.156,29.017],[-89.016,29.203],[-89.514,29.42],[-89.721,29.619],[-89.531,29.772],[-89.59,29.915],[-89.994,30.059],[-90.175,30.029],[-90.413,30.14],[-90.225,30.379],[-89.588,30.166],[-89.321,30.345],[-88.905,30.415],[-88.692,30.355],[-88.135,30.367],[-88.032,30.681],[-87.79,30.292],[-87.622,30.265],[-87.281,30.339],[-87.171,30.539],[-86.986,30.431],[-86.68,30.403],[-86.257,30.493],[-86.175,30.333],[-85.756,30.167],[-85.354,29.876],[-85.319,29.68],[-84.801,29.773],[-84.383,29.907],[-84.31,30.065],[-84.044,30.104],[-83.694,29.926],[-83.29,29.452],[-82.769,29.052],[-82.651,28.888],[-82.661,28.486],[-82.844,27.846],[-82.661,27.718],[-82.636,27.525],[-82.441,27.06],[-82.181,26.84],[-82.04,26.552],[-81.867,26.435],[-81.715,25.983],[-81.365,25.831],[-81.098,25.319],[-81.11,25.138],[-80.737,25.156],[-80.367,25.331],[-80.301,25.619],[-80.126,25.833],[-80.041,26.569],[-80.126,27.083],[-80.226,27.207],[-80.65,28.181],[-80.524,28.486],[-80.9,29.05],[-81.25,29.794],[-81.52,30.875],[-81.453,31.088],[-81.288,31.264],[-81.175,31.531],[-81.198,31.704],[-80.923,31.945],[-80.849,32.114],[-80.23,32.577],[-80.022,32.62],[-79.615,32.909],[-79.587,33.001],[-79.276,33.135],[-79.138,33.406],[-78.92,33.659],[-78.578,33.873],[-78.013,33.912],[-77.751,34.285],[-77.134,34.708],[-76.733,34.707],[-76.517,34.777],[-76.457,34.989],[-76.745,34.941],[-76.513,35.27],[-76.174,35.354],[-75.774,35.647],[-75.772,35.9],[-76.479,36.028],[-76.148,36.279],[-75.867,36.268],[-75.993,36.474],[-75.89,36.657],[-75.999,36.913],[-76.283,37.053],[-76.401,37.213],[-76.263,37.357],[-76.306,37.571],[-76.264,37.894],[-76.55,38.094],[-76.906,38.197],[-76.89,38.292],[-76.333,38.141],[-76.501,38.532],[-76.52,38.898],[-76.406,39.304],[-76.276,39.323],[-76.168,38.853],[-76.057,38.621],[-76.264,38.6],[-76.212,38.361],[-75.659,37.954],[-75.888,37.619],[-75.596,37.631],[-75.354,38.065],[-75.036,38.503],[-75.185,38.819],[-75.392,39.093],[-75.353,39.34],[-74.897,39.145],[-74.429,39.387],[-74.176,39.727],[-73.958,40.328],[-74.242,40.456],[-74.227,40.608],[-73.949,40.839],[-73.583,41.022],[-72.847,41.266],[-72.265,41.292],[-71.523,41.379],[-71.427,41.633],[-70.657,41.534],[-70.405,41.627],[-69.949,41.677],[-70.001,41.826],[-70.295,41.729],[-70.515,41.803],[-70.738,42.229],[-71.046,42.331],[-70.736,42.669],[-70.829,42.825],[-70.733,43.07],[-70.521,43.349],[-70.203,43.626],[-70.179,43.766],[-69.792,43.805],[-69.226,43.986],[-69.068,44.098],[-68.961,44.434],[-68.612,44.311],[-68.277,44.507],[-67.907,44.454],[-67.364,44.697],[-67.107,44.885],[-67.125,45.169],[-67.473,45.276],[-67.433,45.603],[-67.785,45.702],[-67.807,47.083],[-68.311,47.354],[-68.829,47.203],[-69.049,47.274],[-69.243,47.463],[-70.008,46.709],[-70.067,46.441],[-70.248,46.251],[-70.296,45.906],[-70.702,45.551],[-70.898,45.262],[-71.327,45.29],[-71.518,45.008],[-73.182,45.006],[-74.709,45.004]]],[[[-72.51,40.986],[-73.574,40.92],[-73.879,40.792],[-73.767,40.593],[-73.194,40.654],[-72.339,40.894],[-72.51,40.986]]]]}},{"type":"Feature","id":"ne50m:UZB","properties":{"boundaryId":"ne50m:UZB","nodeId":"geo:uz","bounds":[55.976,37.172,73.113,45.555]},"geometry":{"type":"Polygon","coordinates":[[[70.947,42.249],[70.613,42.055],[70.416,42.079],[70.096,41.821],[69.664,41.672],[69.065,41.367],[68.987,41.205],[68.584,40.876],[68.601,40.66],[68.292,40.656],[68.048,40.809],[68.113,41.029],[67.936,41.197],[66.814,41.142],[66.669,41.271],[66.499,41.995],[66.01,42.005],[66.1,42.991],[65.803,42.877],[65.496,43.311],[65.271,43.418],[64.905,43.715],[64.443,43.551],[63.207,43.628],[61.99,43.492],[61.161,44.169],[61.008,44.394],[60.188,44.784],[58.555,45.555],[57.477,45.337],[55.976,44.995],[55.976,43.618],[55.977,42.47],[55.977,41.322],[57.018,41.263],[56.964,41.857],[57.382,42.156],[57.814,42.19],[58.029,42.488],[58.234,42.448],[58.26,42.688],[58.589,42.778],[58.877,42.561],[59.123,42.524],[59.451,42.3],[59.858,42.295],[60.006,42.191],[59.963,41.954],[60.107,41.907],[60.09,41.399],[60.455,41.222],[60.755,41.246],[61.329,41.195],[61.497,41.276],[61.954,41.031],[62.095,40.683],[62.375,40.332],[62.442,40.036],[62.651,39.858],[63.506,39.377],[63.721,39.188],[64.163,38.954],[64.31,38.977],[64.66,38.736],[65.613,38.239],[65.857,38.269],[66.173,38.167],[66.629,37.932],[66.526,37.786],[66.522,37.348],[67.069,37.335],[67.32,37.21],[67.517,37.267],[67.759,37.172],[67.814,37.487],[68.294,38.033],[68.333,38.238],[68.144,38.383],[68.048,38.669],[68.104,38.962],[67.677,39.008],[67.617,39.15],[67.35,39.242],[67.426,39.466],[67.719,39.621],[68.463,39.537],[68.639,39.839],[68.869,39.907],[68.653,40.183],[69.228,40.188],[69.304,40.327],[69.206,40.567],[69.414,40.797],[69.713,40.657],[70.292,40.892],[70.442,41.023],[70.751,40.74],[70.383,40.454],[70.653,40.201],[70.958,40.239],[71.305,40.287],[71.692,40.152],[71.956,40.259],[72.131,40.439],[72.358,40.402],[73.113,40.786],[72.62,40.884],[72.164,41.174],[71.879,41.195],[71.792,41.413],[71.421,41.342],[71.408,41.136],[71.111,41.153],[70.782,41.263],[70.646,41.46],[70.471,41.413],[70.181,41.571],[70.842,42.02],[71.229,42.163],[70.947,42.249]]]}},{"type":"Feature","id":"ne50m:VAT","properties":{"boundaryId":"ne50m:VAT","nodeId":"geo:va","bounds":[12.431,41.898,12.439,41.906]},"geometry":{"type":"Polygon","coordinates":[[[12.439,41.898],[12.438,41.906],[12.431,41.905],[12.431,41.898],[12.439,41.898]]]}},{"type":"Feature","id":"ne50m:VCT","properties":{"boundaryId":"ne50m:VCT","nodeId":"geo:vc","bounds":[-61.277,13.158,-61.124,13.356]},"geometry":{"type":"Polygon","coordinates":[[[-61.175,13.158],[-61.124,13.294],[-61.182,13.356],[-61.277,13.21],[-61.175,13.158]]]}},{"type":"Feature","id":"ne50m:VEN","properties":{"boundaryId":"ne50m:VEN","nodeId":"geo:ve","bounds":[-73.356,0.752,-59.832,12.178]},"geometry":{"type":"MultiPolygon","coordinates":[[[[-63.849,11.131],[-64.161,10.959],[-63.918,10.888],[-63.849,11.131]]],[[[-60.018,8.549],[-60.34,8.629],[-60.481,8.547],[-60.801,8.592],[-61.304,8.41],[-61.053,9.095],[-60.792,9.361],[-61.013,9.556],[-61.309,9.633],[-61.512,9.848],[-61.766,9.814],[-62.12,9.985],[-62.32,9.783],[-62.515,10.176],[-62.662,10.199],[-62.843,10.418],[-62.694,10.563],[-62.38,10.547],[-62.242,10.7],[-62.702,10.75],[-63.19,10.709],[-63.497,10.643],[-63.873,10.664],[-63.834,10.449],[-64.188,10.458],[-64.85,10.098],[-65.129,10.07],[-65.852,10.258],[-66.247,10.632],[-66.989,10.611],[-67.872,10.472],[-68.234,10.569],[-68.399,11.161],[-68.828,11.432],[-69.233,11.518],[-69.632,11.48],[-69.712,11.564],[-69.831,11.996],[-70.004,12.178],[-70.203,12.098],[-70.287,11.886],[-70.193,11.625],[-69.817,11.672],[-69.885,11.444],[-70.049,11.53],[-70.233,11.373],[-70.821,11.208],[-71.264,11],[-71.47,10.964],[-71.545,10.779],[-71.387,10.264],[-71.262,10.144],[-71.053,9.706],[-71.086,9.348],[-71.298,9.126],[-71.687,9.073],[-71.761,9.336],[-71.976,9.553],[-72.113,9.816],[-71.956,10.108],[-71.665,10.444],[-71.594,10.657],[-71.947,11.414],[-71.869,11.627],[-71.488,11.719],[-71.32,11.862],[-71.958,11.666],[-72.248,11.196],[-72.446,11.114],[-72.69,10.836],[-72.869,10.491],[-73.007,9.789],[-73.356,9.227],[-73.058,9.26],[-72.796,9.109],[-72.665,8.628],[-72.417,8.382],[-72.358,8.087],[-72.446,7.966],[-72.479,7.613],[-72.443,7.455],[-72.208,7.37],[-72.084,7.097],[-71.893,6.99],[-71.621,7.033],[-71.013,6.994],[-70.655,7.083],[-70.387,6.973],[-70.095,6.938],[-69.439,6.135],[-69.268,6.1],[-69.09,6.184],[-68.472,6.157],[-68.143,6.198],[-67.859,6.29],[-67.568,6.242],[-67.439,6.026],[-67.631,5.709],[-67.642,5.559],[-67.825,5.27],[-67.814,4.931],[-67.855,4.507],[-67.662,3.864],[-67.311,3.416],[-67.354,3.323],[-67.835,2.893],[-67.597,2.769],[-67.211,2.39],[-66.884,1.358],[-66.876,1.223],[-66.429,0.822],[-66.302,0.752],[-66.06,0.785],[-65.681,0.983],[-65.361,0.869],[-65.104,1.108],[-64.732,1.253],[-64.486,1.453],[-64.304,1.455],[-64.115,1.619],[-64.035,1.904],[-63.394,2.223],[-63.389,2.412],[-63.924,2.452],[-64.049,2.525],[-64.038,2.802],[-64.219,3.205],[-64.221,3.587],[-64.568,3.9],[-64.576,4.14],[-64.256,4.14],[-64.021,3.929],[-63.295,3.922],[-62.969,3.594],[-62.765,3.673],[-62.712,4.018],[-62.411,4.157],[-62.153,4.098],[-61.554,4.288],[-61.28,4.517],[-61.003,4.535],[-60.742,4.774],[-60.604,4.995],[-60.742,5.202],[-61.377,5.907],[-61.129,6.214],[-61.204,6.588],[-61.146,6.695],[-60.873,6.787],[-60.718,6.768],[-60.395,6.945],[-60.325,7.134],[-60.523,7.144],[-60.719,7.499],[-60.514,7.813],[-60.381,7.828],[-60.032,8.054],[-59.832,8.306],[-60.018,8.549]]]]}},{"type":"Feature","id":"ne50m:VGB","properties":{"boundaryId":"ne50m:VGB","nodeId":"geo:vg","bounds":[-64.426,18.465,-64.325,18.517]},"geometry":{"type":"Polygon","coordinates":[[[-64.395,18.465],[-64.325,18.517],[-64.426,18.513],[-64.395,18.465]]]}},{"type":"Feature","id":"ne50m:VIR","properties":{"boundaryId":"ne50m:VIR","nodeId":"geo:vi","bounds":[-64.889,17.702,-64.686,17.794]},"geometry":{"type":"Polygon","coordinates":[[[-64.766,17.794],[-64.885,17.772],[-64.889,17.702],[-64.686,17.706],[-64.766,17.794]]]}},{"type":"Feature","id":"ne50m:VNM","properties":{"boundaryId":"ne50m:VNM","nodeId":"geo:vn","bounds":[102.127,8.583,109.424,23.345]},"geometry":{"type":"Polygon","coordinates":[[[107.973,21.508],[107.802,21.645],[107.351,21.609],[107.006,21.893],[106.729,22],[106.536,22.395],[106.582,22.573],[106.78,22.779],[106.542,22.908],[106.249,22.869],[106.148,22.97],[105.843,22.923],[105.548,23.073],[105.275,23.345],[104.865,23.136],[104.796,22.911],[104.372,22.704],[104.213,22.809],[104.054,22.752],[103.915,22.538],[103.62,22.782],[103.471,22.597],[103.356,22.755],[103.005,22.453],[102.517,22.741],[102.428,22.733],[102.127,22.379],[102.583,21.904],[102.695,21.662],[102.845,21.735],[102.949,21.57],[102.851,21.266],[103.104,20.892],[103.635,20.697],[104.052,20.941],[104.195,20.914],[104.583,20.647],[104.392,20.425],[104.619,20.375],[104.699,20.205],[104.889,20.169],[104.928,20.018],[104.743,19.755],[104.546,19.611],[104.26,19.685],[104.032,19.675],[104.063,19.483],[103.896,19.34],[104.717,18.803],[105.115,18.679],[105.086,18.45],[105.333,18.19],[105.458,18.154],[105.691,17.738],[106.006,17.415],[106.27,17.217],[106.502,16.954],[106.546,16.651],[106.696,16.459],[106.832,16.526],[106.931,16.353],[107.396,16.043],[107.19,15.747],[107.653,15.255],[107.48,14.98],[107.519,14.705],[107.364,14.369],[107.331,14.127],[107.605,13.438],[107.475,13.03],[107.555,12.54],[107.506,12.365],[107.159,12.277],[106.931,12.077],[106.7,11.979],[106.414,11.948],[106.34,11.682],[106.006,11.758],[105.851,11.635],[105.856,11.294],[106.168,11.012],[106.099,10.797],[105.755,10.99],[105.387,10.94],[105.315,10.845],[105.022,10.887],[105.061,10.734],[104.851,10.534],[104.564,10.516],[104.426,10.411],[104.663,10.17],[104.802,10.203],[105.028,10.067],[105.093,9.901],[104.903,9.816],[104.845,9.606],[104.819,8.802],[104.892,8.583],[105.114,8.629],[105.322,8.801],[105.501,9.093],[106.168,9.397],[106.204,9.675],[106.378,9.556],[106.572,9.641],[106.596,9.86],[106.785,10.116],[106.813,10.433],[107.088,10.498],[107.262,10.398],[107.845,10.7],[108.001,10.72],[108.095,10.897],[108.272,10.934],[108.821,11.315],[108.987,11.336],[109.04,11.593],[109.199,11.725],[109.219,12.646],[109.424,12.956],[109.272,13.279],[109.247,13.855],[109.303,13.856],[109.087,14.553],[109.085,14.716],[108.94,15.001],[108.821,15.378],[108.674,15.484],[108.286,15.989],[108.267,16.09],[108.029,16.331],[107.834,16.322],[107.724,16.488],[107.18,16.898],[107.12,17.056],[106.736,17.367],[106.479,17.72],[106.499,17.946],[106.24,18.221],[105.888,18.502],[105.622,18.966],[105.791,19.294],[105.814,19.587],[105.984,19.939],[106.166,19.992],[106.518,20.289],[106.551,20.527],[106.753,20.735],[106.675,20.96],[107.354,21.055],[107.41,21.285],[107.973,21.508]]]}},{"type":"Feature","id":"ne50m:VUT","properties":{"boundaryId":"ne50m:VUT","nodeId":"geo:vu","bounds":[166.527,-18.94,169.334,-14.827]},"geometry":{"type":"MultiPolygon","coordinates":[[[[166.746,-14.827],[166.527,-14.85],[166.648,-15.212],[166.631,-15.406],[166.826,-15.635],[167.094,-15.581],[167.2,-15.486],[167.132,-15.135],[166.81,-15.157],[166.746,-14.827]]],[[[167.413,-16.096],[167.316,-16.116],[167.449,-16.555],[167.837,-16.45],[167.413,-16.096]]],[[[168.447,-16.779],[168.199,-16.594],[168.181,-16.804],[168.447,-16.779]]],[[[168.297,-16.337],[168.164,-16.082],[168.022,-16.316],[168.297,-16.337]]],[[[168.446,-17.542],[168.273,-17.552],[168.252,-17.781],[168.525,-17.798],[168.446,-17.542]]],[[[169.334,-18.94],[169.144,-18.631],[169.016,-18.644],[168.987,-18.871],[169.334,-18.94]]]]}},{"type":"Feature","id":"ne50m:WEB","properties":{"boundaryId":"ne50m:WEB","nodeId":"geo:ps","bounds":[34.873,31.366,35.559,32.534]},"geometry":{"type":"Polygon","coordinates":[[[35.551,32.396],[35.193,32.534],[35.065,32.46],[34.956,32.161],[34.99,31.913],[35.198,31.776],[34.951,31.602],[34.873,31.397],[35.101,31.366],[35.451,31.479],[35.559,31.766],[35.551,32.396]]]}},{"type":"Feature","id":"ne50m:WLF","properties":{"boundaryId":"ne50m:WLF","nodeId":"geo:wf","bounds":[-178.159,-14.318,-178.047,-14.243]},"geometry":{"type":"Polygon","coordinates":[[[-178.047,-14.318],[-178.142,-14.243],[-178.159,-14.312],[-178.047,-14.318]]]}},{"type":"Feature","id":"ne50m:WLS","properties":{"boundaryId":"ne50m:WLS","nodeId":"geo:gb","bounds":[-5.125,51.39,-2.668,53.347]},"geometry":{"type":"Polygon","coordinates":[[[-3.098,53.26],[-3.326,53.347],[-4.111,53.219],[-4.638,52.891],[-4.101,52.915],[-3.98,52.542],[-4.383,52.197],[-5.088,51.996],[-5.125,51.706],[-4.902,51.626],[-4.386,51.741],[-4.115,51.566],[-3.944,51.598],[-3.562,51.414],[-3.293,51.39],[-2.668,51.623],[-2.693,51.831],[-3.107,52.065],[-2.976,52.316],[-3.204,52.422],[-2.987,52.744],[-2.976,53.222],[-3.098,53.26]]]}},{"type":"Feature","id":"ne50m:WSM","properties":{"boundaryId":"ne50m:WSM","nodeId":"geo:ws","bounds":[-172.744,-14.047,-171.454,-13.465]},"geometry":{"type":"MultiPolygon","coordinates":[[[[-172.333,-13.465],[-172.744,-13.579],[-172.536,-13.792],[-172.225,-13.804],[-172.177,-13.685],[-172.333,-13.465]]],[[[-171.454,-14.046],[-171.604,-13.879],[-171.858,-13.807],[-172.028,-13.907],[-171.728,-14.047],[-171.454,-14.046]]]]}},{"type":"Feature","id":"ne50m:YEM","properties":{"boundaryId":"ne50m:YEM","nodeId":"geo:ye","bounds":[42.658,12.342,54.511,18.996]},"geometry":{"type":"MultiPolygon","coordinates":[[[[53.086,16.648],[52.801,17.268],[52.729,17.3],[51.978,18.996],[50.355,18.778],[49.192,18.621],[49.042,18.582],[48.172,18.157],[47.58,17.448],[47.442,17.112],[47.144,16.947],[46.976,16.953],[46.682,17.269],[46.31,17.231],[45.407,17.32],[45.148,17.427],[44.156,17.399],[43.917,17.325],[43.713,17.366],[43.418,17.516],[43.191,17.359],[43.117,16.942],[43.165,16.689],[42.799,16.372],[42.84,16.032],[42.717,15.655],[42.8,15.372],[42.658,15.233],[42.856,15.133],[43.021,14.555],[43.089,14.011],[43.234,13.859],[43.283,13.64],[43.232,13.267],[43.475,12.839],[43.93,12.617],[44.358,12.669],[44.618,12.817],[44.755,12.764],[45.039,12.816],[45.164,12.998],[45.394,13.067],[45.657,13.339],[46.203,13.424],[46.789,13.466],[47.408,13.662],[47.633,13.858],[47.99,14.048],[48.278,13.998],[48.668,14.05],[49.005,14.355],[49.048,14.456],[49.35,14.638],[49.906,14.828],[50.167,14.851],[50.527,15.038],[51.015,15.141],[51.604,15.337],[52.217,15.656],[52.174,15.957],[52.328,16.294],[52.581,16.47],[53.086,16.648]]],[[[53.763,12.637],[53.638,12.707],[53.431,12.664],[53.316,12.533],[53.598,12.342],[54.129,12.361],[54.511,12.553],[54.187,12.664],[53.763,12.637]]]]}},{"type":"Feature","id":"ne50m:ZAF","properties":{"boundaryId":"ne50m:ZAF","nodeId":"geo:za","bounds":[16.448,-34.786,32.886,-22.146]},"geometry":{"type":"Polygon","coordinates":[[[29.365,-22.194],[29.13,-22.213],[28.84,-22.481],[28.382,-22.593],[28.21,-22.694],[27.891,-23.074],[27.146,-23.524],[26.987,-23.705],[26.835,-24.241],[26.397,-24.614],[25.912,-24.747],[25.584,-25.606],[25.444,-25.714],[24.748,-25.817],[24.331,-25.743],[24.193,-25.633],[23.894,-25.601],[23.521,-25.344],[23.266,-25.267],[23.022,-25.324],[22.879,-25.458],[22.64,-26.071],[22.218,-26.389],[22.091,-26.58],[21.833,-26.678],[21.646,-26.854],[20.74,-26.849],[20.641,-26.742],[20.627,-26.444],[20.815,-26.165],[20.793,-25.916],[20.473,-25.221],[20.345,-25.03],[19.98,-24.777],[19.98,-26.531],[19.98,-28.451],[19.671,-28.504],[19.026,-28.928],[18.6,-28.855],[18.311,-28.886],[17.448,-28.698],[17.348,-28.501],[17.386,-28.353],[17.056,-28.031],[16.933,-28.07],[16.756,-28.452],[16.448,-28.618],[16.739,-29.009],[16.95,-29.403],[17.189,-30.1],[17.347,-30.445],[17.677,-31.019],[18.211,-31.742],[18.311,-32.122],[18.325,-32.505],[18.251,-32.652],[17.851,-32.827],[17.878,-32.962],[18.433,-33.717],[18.354,-33.939],[18.534,-34.086],[18.809,-34.108],[18.831,-34.364],[19.098,-34.35],[19.323,-34.571],[19.635,-34.753],[20.021,-34.786],[20.53,-34.463],[21.06,-34.365],[21.249,-34.407],[21.789,-34.373],[22.246,-34.069],[22.554,-34.01],[23.268,-34.081],[23.586,-33.985],[24.183,-34.062],[24.596,-34.175],[24.827,-34.169],[25.003,-33.974],[25.638,-34.011],[25.652,-33.85],[25.99,-33.711],[26.429,-33.76],[27.077,-33.521],[27.861,-33.054],[28.856,-32.294],[29.128,-32.003],[29.735,-31.47],[29.971,-31.322],[30.289,-30.97],[31.023,-29.901],[31.17,-29.591],[31.335,-29.378],[31.778,-28.937],[32.027,-28.84],[32.286,-28.621],[32.535,-28.2],[32.657,-27.607],[32.849,-27.08],[32.886,-26.849],[32.113,-26.839],[31.995,-26.817],[31.958,-27.306],[31.47,-27.296],[31.063,-27.112],[30.883,-26.792],[30.794,-26.764],[30.803,-26.413],[31.207,-25.843],[31.415,-25.747],[31.871,-25.982],[31.948,-25.958],[31.985,-25.632],[31.986,-24.461],[31.8,-23.892],[31.546,-23.482],[31.532,-23.279],[31.288,-22.402],[31.073,-22.308],[30.46,-22.329],[30.19,-22.291],[29.663,-22.146],[29.365,-22.194]],[[28.737,-30.102],[28.392,-30.148],[28.018,-30.642],[27.753,-30.6],[27.388,-30.316],[27.355,-30.159],[27.052,-29.664],[27.295,-29.519],[27.736,-28.94],[27.96,-28.873],[28.233,-28.701],[28.626,-28.582],[28.954,-28.881],[29.301,-29.09],[29.391,-29.27],[29.294,-29.567],[29.142,-29.701],[29.098,-29.919],[28.737,-30.102]]]}},{"type":"Feature","id":"ne50m:ZMB","properties":{"boundaryId":"ne50m:ZMB","nodeId":"geo:zm","bounds":[21.979,-18.042,33.659,-8.194]},"geometry":{"type":"Polygon","coordinates":[[[30.396,-15.643],[30.351,-15.35],[30.232,-14.99],[30.673,-14.819],[31.538,-14.577],[31.729,-14.496],[33.202,-14.013],[32.992,-14.022],[32.672,-13.61],[32.852,-13.457],[32.968,-13.225],[33.022,-12.63],[33.398,-12.49],[33.252,-12.113],[33.301,-11.888],[33.226,-11.535],[33.38,-11.158],[33.261,-10.893],[33.659,-10.591],[33.529,-10.235],[33.312,-10.038],[33.351,-9.862],[33.196,-9.626],[32.996,-9.623],[32.92,-9.407],[32.433,-9.156],[31.943,-9.054],[31.919,-8.942],[31.674,-8.909],[31.535,-8.713],[31.351,-8.607],[31.076,-8.612],[30.831,-8.386],[30.751,-8.194],[28.972,-8.465],[28.918,-8.701],[28.617,-9.072],[28.401,-9.225],[28.541,-9.51],[28.63,-9.831],[28.607,-10.397],[28.639,-10.669],[28.544,-10.802],[28.357,-11.483],[28.483,-11.812],[28.85,-12.121],[29.064,-12.349],[29.428,-12.431],[29.56,-12.202],[29.795,-12.155],[29.795,-13.393],[29.652,-13.414],[29.554,-13.249],[29.202,-13.398],[29.014,-13.369],[28.673,-12.861],[28.551,-12.836],[28.358,-12.482],[27.857,-12.285],[27.533,-12.195],[27.424,-11.945],[27.238,-11.783],[27.196,-11.605],[27.046,-11.616],[26.95,-11.899],[26.596,-11.972],[26.026,-11.89],[25.349,-11.623],[25.185,-11.243],[24.668,-11.353],[24.519,-11.438],[24.32,-11.072],[24.137,-11.026],[23.967,-10.872],[24.047,-11.405],[23.971,-11.636],[23.959,-12.118],[23.991,-12.422],[23.843,-13.001],[21.979,-13.001],[21.979,-14.761],[21.98,-15.956],[22.151,-16.597],[22.305,-16.69],[22.956,-17.286],[23.381,-17.641],[24.275,-17.481],[24.932,-17.543],[25.259,-17.794],[25.64,-17.824],[25.863,-17.952],[26.333,-17.929],[26.78,-18.042],[27.021,-17.958],[27.438,-17.512],[27.757,-17.06],[27.932,-16.896],[28.4,-16.663],[28.761,-16.532],[28.833,-16.424],[28.913,-15.988],[29.288,-15.776],[29.73,-15.645],[30.396,-15.643]]]}},{"type":"Feature","id":"ne50m:ZWE","properties":{"boundaryId":"ne50m:ZWE","nodeId":"geo:zw","bounds":[25.224,-22.402,33.007,-15.643]},"geometry":{"type":"Polygon","coordinates":[[[31.288,-22.402],[31.429,-22.299],[32.371,-21.335],[32.354,-21.137],[32.476,-20.95],[32.478,-20.713],[32.673,-20.516],[32.993,-19.985],[33.007,-19.874],[32.778,-19.389],[32.85,-19.104],[32.717,-19.002],[32.854,-18.764],[32.993,-18.36],[32.956,-18.083],[32.969,-17.252],[32.876,-16.884],[32.948,-16.712],[32.243,-16.449],[31.94,-16.429],[31.688,-16.214],[31.49,-16.18],[31.236,-16.024],[30.438,-15.995],[30.396,-15.643],[29.73,-15.645],[29.288,-15.776],[28.913,-15.988],[28.833,-16.424],[28.761,-16.532],[28.4,-16.663],[27.932,-16.896],[27.757,-17.06],[27.438,-17.512],[27.021,-17.958],[26.78,-18.042],[26.333,-17.929],[25.863,-17.952],[25.64,-17.824],[25.259,-17.794],[25.224,-17.915],[25.489,-18.351],[25.761,-18.649],[25.939,-18.939],[25.951,-19.082],[26.168,-19.538],[26.678,-19.893],[27.221,-20.146],[27.281,-20.479],[27.7,-20.531],[27.669,-21.064],[28.046,-21.573],[28.532,-21.651],[29.037,-21.811],[29.107,-22.066],[29.365,-22.194],[29.663,-22.146],[30.19,-22.291],[30.46,-22.329],[31.073,-22.308],[31.288,-22.402]]]}}]}